#pragma once
#include <cstddef>
/* Auto-generated: embedded SPIR-V for the Vulkan backend. */
static const unsigned int add_bias_spv[] = {
  0x07230203, 0x00010500, 0x0008000B, 0x0000004F, 0x00000000, 0x00020011, 0x00000001, 0x0006000B,
  0x00000001, 0x4C534C47, 0x6474732E, 0x3035342E, 0x00000000, 0x0003000E, 0x00000000, 0x00000001,
  0x000A000F, 0x00000005, 0x00000004, 0x6E69616D, 0x00000000, 0x0000000B, 0x00000014, 0x00000020,
  0x00000034, 0x00000040, 0x00060010, 0x00000004, 0x00000011, 0x00000100, 0x00000001, 0x00000001,
  0x00030003, 0x00000002, 0x000001C2, 0x00080004, 0x455F4C47, 0x735F5458, 0x616C6163, 0x6C625F72,
  0x5F6B636F, 0x6F79616C, 0x00007475, 0x00040005, 0x00000004, 0x6E69616D, 0x00000000, 0x00030005,
  0x00000008, 0x00776F72, 0x00060005, 0x0000000B, 0x575F6C67, 0x476B726F, 0x70756F72, 0x00004449,
  0x00030005, 0x00000012, 0x00004350, 0x00050006, 0x00000012, 0x00000000, 0x73776F72, 0x00000000,
  0x00050006, 0x00000012, 0x00000001, 0x736C6F63, 0x00000000, 0x00030005, 0x00000014, 0x00006370,
  0x00030005, 0x0000001F, 0x00000074, 0x00080005, 0x00000020, 0x4C5F6C67, 0x6C61636F, 0x6F766E49,
  0x69746163, 0x6E496E6F, 0x00786564, 0x00030005, 0x00000023, 0x00000063, 0x00030005, 0x00000032,
  0x00005842, 0x00040006, 0x00000032, 0x00000000, 0x00000078, 0x00030005, 0x00000034, 0x00000000,
  0x00040005, 0x0000003E, 0x41494242, 0x00000053, 0x00050006, 0x0000003E, 0x00000000, 0x73616962,
  0x00000000, 0x00030005, 0x00000040, 0x00000000, 0x00040047, 0x0000000B, 0x0000000B, 0x0000001A,
  0x00030047, 0x00000012, 0x00000002, 0x00050048, 0x00000012, 0x00000000, 0x00000023, 0x00000000,
  0x00050048, 0x00000012, 0x00000001, 0x00000023, 0x00000004, 0x00040047, 0x00000020, 0x0000000B,
  0x0000001D, 0x00040047, 0x00000031, 0x00000006, 0x00000004, 0x00030047, 0x00000032, 0x00000002,
  0x00050048, 0x00000032, 0x00000000, 0x00000023, 0x00000000, 0x00040047, 0x00000034, 0x00000021,
  0x00000000, 0x00040047, 0x00000034, 0x00000022, 0x00000000, 0x00040047, 0x0000003D, 0x00000006,
  0x00000004, 0x00030047, 0x0000003E, 0x00000002, 0x00050048, 0x0000003E, 0x00000000, 0x00000023,
  0x00000000, 0x00040047, 0x00000040, 0x00000021, 0x00000001, 0x00040047, 0x00000040, 0x00000022,
  0x00000000, 0x00040047, 0x0000004E, 0x0000000B, 0x00000019, 0x00020013, 0x00000002, 0x00030021,
  0x00000003, 0x00000002, 0x00040015, 0x00000006, 0x00000020, 0x00000000, 0x00040020, 0x00000007,
  0x00000007, 0x00000006, 0x00040017, 0x00000009, 0x00000006, 0x00000003, 0x00040020, 0x0000000A,
  0x00000001, 0x00000009, 0x0004003B, 0x0000000A, 0x0000000B, 0x00000001, 0x0004002B, 0x00000006,
  0x0000000C, 0x00000000, 0x00040020, 0x0000000D, 0x00000001, 0x00000006, 0x00040015, 0x00000011,
  0x00000020, 0x00000001, 0x0004001E, 0x00000012, 0x00000011, 0x00000011, 0x00040020, 0x00000013,
  0x00000009, 0x00000012, 0x0004003B, 0x00000013, 0x00000014, 0x00000009, 0x0004002B, 0x00000011,
  0x00000015, 0x00000000, 0x00040020, 0x00000016, 0x00000009, 0x00000011, 0x00020014, 0x0000001A,
  0x0004003B, 0x0000000D, 0x00000020, 0x00000001, 0x00040020, 0x00000022, 0x00000007, 0x00000011,
  0x0004002B, 0x00000011, 0x0000002C, 0x00000001, 0x00030016, 0x00000030, 0x00000020, 0x0003001D,
  0x00000031, 0x00000030, 0x0003001E, 0x00000032, 0x00000031, 0x00040020, 0x00000033, 0x0000000C,
  0x00000032, 0x0004003B, 0x00000033, 0x00000034, 0x0000000C, 0x0003001D, 0x0000003D, 0x00000030,
  0x0003001E, 0x0000003E, 0x0000003D, 0x00040020, 0x0000003F, 0x0000000C, 0x0000003E, 0x0004003B,
  0x0000003F, 0x00000040, 0x0000000C, 0x00040020, 0x00000042, 0x0000000C, 0x00000030, 0x0004002B,
  0x00000011, 0x00000049, 0x00000100, 0x0004002B, 0x00000006, 0x0000004C, 0x00000100, 0x0004002B,
  0x00000006, 0x0000004D, 0x00000001, 0x0006002C, 0x00000009, 0x0000004E, 0x0000004C, 0x0000004D,
  0x0000004D, 0x00050036, 0x00000002, 0x00000004, 0x00000000, 0x00000003, 0x000200F8, 0x00000005,
  0x0004003B, 0x00000007, 0x00000008, 0x00000007, 0x0004003B, 0x00000007, 0x0000001F, 0x00000007,
  0x0004003B, 0x00000022, 0x00000023, 0x00000007, 0x00050041, 0x0000000D, 0x0000000E, 0x0000000B,
  0x0000000C, 0x0004003D, 0x00000006, 0x0000000F, 0x0000000E, 0x0003003E, 0x00000008, 0x0000000F,
  0x0004003D, 0x00000006, 0x00000010, 0x00000008, 0x00050041, 0x00000016, 0x00000017, 0x00000014,
  0x00000015, 0x0004003D, 0x00000011, 0x00000018, 0x00000017, 0x0004007C, 0x00000006, 0x00000019,
  0x00000018, 0x000500AE, 0x0000001A, 0x0000001B, 0x00000010, 0x00000019, 0x000300F7, 0x0000001D,
  0x00000000, 0x000400FA, 0x0000001B, 0x0000001C, 0x0000001D, 0x000200F8, 0x0000001C, 0x000100FD,
  0x000200F8, 0x0000001D, 0x0004003D, 0x00000006, 0x00000021, 0x00000020, 0x0003003E, 0x0000001F,
  0x00000021, 0x0004003D, 0x00000006, 0x00000024, 0x0000001F, 0x0004007C, 0x00000011, 0x00000025,
  0x00000024, 0x0003003E, 0x00000023, 0x00000025, 0x000200F9, 0x00000026, 0x000200F8, 0x00000026,
  0x000400F6, 0x00000028, 0x00000029, 0x00000000, 0x000200F9, 0x0000002A, 0x000200F8, 0x0000002A,
  0x0004003D, 0x00000011, 0x0000002B, 0x00000023, 0x00050041, 0x00000016, 0x0000002D, 0x00000014,
  0x0000002C, 0x0004003D, 0x00000011, 0x0000002E, 0x0000002D, 0x000500B1, 0x0000001A, 0x0000002F,
  0x0000002B, 0x0000002E, 0x000400FA, 0x0000002F, 0x00000027, 0x00000028, 0x000200F8, 0x00000027,
  0x0004003D, 0x00000006, 0x00000035, 0x00000008, 0x00050041, 0x00000016, 0x00000036, 0x00000014,
  0x0000002C, 0x0004003D, 0x00000011, 0x00000037, 0x00000036, 0x0004007C, 0x00000006, 0x00000038,
  0x00000037, 0x00050084, 0x00000006, 0x00000039, 0x00000035, 0x00000038, 0x0004003D, 0x00000011,
  0x0000003A, 0x00000023, 0x0004007C, 0x00000006, 0x0000003B, 0x0000003A, 0x00050080, 0x00000006,
  0x0000003C, 0x00000039, 0x0000003B, 0x0004003D, 0x00000011, 0x00000041, 0x00000023, 0x00060041,
  0x00000042, 0x00000043, 0x00000040, 0x00000015, 0x00000041, 0x0004003D, 0x00000030, 0x00000044,
  0x00000043, 0x00060041, 0x00000042, 0x00000045, 0x00000034, 0x00000015, 0x0000003C, 0x0004003D,
  0x00000030, 0x00000046, 0x00000045, 0x00050081, 0x00000030, 0x00000047, 0x00000046, 0x00000044,
  0x00060041, 0x00000042, 0x00000048, 0x00000034, 0x00000015, 0x0000003C, 0x0003003E, 0x00000048,
  0x00000047, 0x000200F9, 0x00000029, 0x000200F8, 0x00000029, 0x0004003D, 0x00000011, 0x0000004A,
  0x00000023, 0x00050080, 0x00000011, 0x0000004B, 0x0000004A, 0x00000049, 0x0003003E, 0x00000023,
  0x0000004B, 0x000200F9, 0x00000026, 0x000200F8, 0x00000028, 0x000100FD, 0x00010038,
};
static const unsigned int add_buf_spv[] = {
  0x07230203, 0x00010500, 0x0008000B, 0x00000034, 0x00000000, 0x00020011, 0x00000001, 0x0006000B,
  0x00000001, 0x4C534C47, 0x6474732E, 0x3035342E, 0x00000000, 0x0003000E, 0x00000000, 0x00000001,
  0x0009000F, 0x00000005, 0x00000004, 0x6E69616D, 0x00000000, 0x0000000B, 0x00000015, 0x00000023,
  0x00000028, 0x00060010, 0x00000004, 0x00000011, 0x00000100, 0x00000001, 0x00000001, 0x00030003,
  0x00000002, 0x000001C2, 0x00040005, 0x00000004, 0x6E69616D, 0x00000000, 0x00030005, 0x00000008,
  0x00000069, 0x00080005, 0x0000000B, 0x475F6C67, 0x61626F6C, 0x766E496C, 0x7461636F, 0x496E6F69,
  0x00000044, 0x00030005, 0x00000013, 0x00004350, 0x00040006, 0x00000013, 0x00000000, 0x0000006E,
  0x00030005, 0x00000015, 0x00006370, 0x00030005, 0x00000021, 0x00004142, 0x00040006, 0x00000021,
  0x00000000, 0x00000061, 0x00030005, 0x00000023, 0x00000000, 0x00030005, 0x00000026, 0x00004242,
  0x00040006, 0x00000026, 0x00000000, 0x00000062, 0x00030005, 0x00000028, 0x00000000, 0x00040047,
  0x0000000B, 0x0000000B, 0x0000001C, 0x00030047, 0x00000013, 0x00000002, 0x00050048, 0x00000013,
  0x00000000, 0x00000023, 0x00000000, 0x00040047, 0x00000020, 0x00000006, 0x00000004, 0x00030047,
  0x00000021, 0x00000002, 0x00050048, 0x00000021, 0x00000000, 0x00000023, 0x00000000, 0x00040047,
  0x00000023, 0x00000021, 0x00000000, 0x00040047, 0x00000023, 0x00000022, 0x00000000, 0x00040047,
  0x00000025, 0x00000006, 0x00000004, 0x00030047, 0x00000026, 0x00000002, 0x00050048, 0x00000026,
  0x00000000, 0x00000023, 0x00000000, 0x00040047, 0x00000028, 0x00000021, 0x00000001, 0x00040047,
  0x00000028, 0x00000022, 0x00000000, 0x00040047, 0x00000033, 0x0000000B, 0x00000019, 0x00020013,
  0x00000002, 0x00030021, 0x00000003, 0x00000002, 0x00040015, 0x00000006, 0x00000020, 0x00000000,
  0x00040020, 0x00000007, 0x00000007, 0x00000006, 0x00040017, 0x00000009, 0x00000006, 0x00000003,
  0x00040020, 0x0000000A, 0x00000001, 0x00000009, 0x0004003B, 0x0000000A, 0x0000000B, 0x00000001,
  0x0004002B, 0x00000006, 0x0000000C, 0x00000000, 0x00040020, 0x0000000D, 0x00000001, 0x00000006,
  0x00040015, 0x00000011, 0x00000020, 0x00000001, 0x0003001E, 0x00000013, 0x00000011, 0x00040020,
  0x00000014, 0x00000009, 0x00000013, 0x0004003B, 0x00000014, 0x00000015, 0x00000009, 0x0004002B,
  0x00000011, 0x00000016, 0x00000000, 0x00040020, 0x00000017, 0x00000009, 0x00000011, 0x00020014,
  0x0000001A, 0x00030016, 0x0000001F, 0x00000020, 0x0003001D, 0x00000020, 0x0000001F, 0x0003001E,
  0x00000021, 0x00000020, 0x00040020, 0x00000022, 0x0000000C, 0x00000021, 0x0004003B, 0x00000022,
  0x00000023, 0x0000000C, 0x0003001D, 0x00000025, 0x0000001F, 0x0003001E, 0x00000026, 0x00000025,
  0x00040020, 0x00000027, 0x0000000C, 0x00000026, 0x0004003B, 0x00000027, 0x00000028, 0x0000000C,
  0x00040020, 0x0000002A, 0x0000000C, 0x0000001F, 0x0004002B, 0x00000006, 0x00000031, 0x00000100,
  0x0004002B, 0x00000006, 0x00000032, 0x00000001, 0x0006002C, 0x00000009, 0x00000033, 0x00000031,
  0x00000032, 0x00000032, 0x00050036, 0x00000002, 0x00000004, 0x00000000, 0x00000003, 0x000200F8,
  0x00000005, 0x0004003B, 0x00000007, 0x00000008, 0x00000007, 0x00050041, 0x0000000D, 0x0000000E,
  0x0000000B, 0x0000000C, 0x0004003D, 0x00000006, 0x0000000F, 0x0000000E, 0x0003003E, 0x00000008,
  0x0000000F, 0x0004003D, 0x00000006, 0x00000010, 0x00000008, 0x0004007C, 0x00000011, 0x00000012,
  0x00000010, 0x00050041, 0x00000017, 0x00000018, 0x00000015, 0x00000016, 0x0004003D, 0x00000011,
  0x00000019, 0x00000018, 0x000500AF, 0x0000001A, 0x0000001B, 0x00000012, 0x00000019, 0x000300F7,
  0x0000001D, 0x00000000, 0x000400FA, 0x0000001B, 0x0000001C, 0x0000001D, 0x000200F8, 0x0000001C,
  0x000100FD, 0x000200F8, 0x0000001D, 0x0004003D, 0x00000006, 0x00000024, 0x00000008, 0x0004003D,
  0x00000006, 0x00000029, 0x00000008, 0x00060041, 0x0000002A, 0x0000002B, 0x00000028, 0x00000016,
  0x00000029, 0x0004003D, 0x0000001F, 0x0000002C, 0x0000002B, 0x00060041, 0x0000002A, 0x0000002D,
  0x00000023, 0x00000016, 0x00000024, 0x0004003D, 0x0000001F, 0x0000002E, 0x0000002D, 0x00050081,
  0x0000001F, 0x0000002F, 0x0000002E, 0x0000002C, 0x00060041, 0x0000002A, 0x00000030, 0x00000023,
  0x00000016, 0x00000024, 0x0003003E, 0x00000030, 0x0000002F, 0x000100FD, 0x00010038,
};
static const unsigned int embedding_f16_spv[] = {
  0x07230203, 0x00010500, 0x0008000B, 0x000000C3, 0x00000000, 0x00020011, 0x00000001, 0x00020011,
  0x0000000B, 0x00020011, 0x00001151, 0x0006000B, 0x00000001, 0x4C534C47, 0x6474732E, 0x3035342E,
  0x00000000, 0x0003000E, 0x00000000, 0x00000001, 0x000B000F, 0x00000005, 0x00000004, 0x6E69616D,
  0x00000000, 0x0000006A, 0x00000070, 0x00000076, 0x00000092, 0x000000A4, 0x000000BC, 0x00060010,
  0x00000004, 0x00000011, 0x00000100, 0x00000001, 0x00000001, 0x00030003, 0x00000002, 0x000001C2,
  0x00080004, 0x455F4C47, 0x735F5458, 0x616C6163, 0x6C625F72, 0x5F6B636F, 0x6F79616C, 0x00007475,
  0x000B0004, 0x455F4C47, 0x735F5458, 0x65646168, 0x78655F72, 0x63696C70, 0x615F7469, 0x68746972,
  0x6974656D, 0x79745F63, 0x00736570, 0x00040005, 0x00000004, 0x6E69616D, 0x00000000, 0x00070005,
  0x0000000A, 0x36317066, 0x5F6F745F, 0x616F6C66, 0x28755F74, 0x003B3175, 0x00030005, 0x00000009,
  0x00000068, 0x00070005, 0x0000000D, 0x36316662, 0x5F6F745F, 0x616F6C66, 0x28755F74, 0x003B3175,
  0x00030005, 0x0000000C, 0x00000068, 0x00040005, 0x0000000F, 0x6E676973, 0x00000000, 0x00030005,
  0x00000016, 0x00707865, 0x00040005, 0x0000001C, 0x746E616D, 0x00000000, 0x00040005, 0x0000002A,
  0x73746962, 0x00000000, 0x00030005, 0x0000002D, 0x00000065, 0x00030005, 0x0000002F, 0x0000006D,
  0x00030005, 0x00000067, 0x00786469, 0x00060005, 0x0000006A, 0x575F6C67, 0x476B726F, 0x70756F72,
  0x00004449, 0x00080005, 0x00000070, 0x4C5F6C67, 0x6C61636F, 0x6F766E49, 0x69746163, 0x6E496E6F,
  0x00786564, 0x00030005, 0x00000074, 0x00004350, 0x00050006, 0x00000074, 0x00000000, 0x64646968,
  0x00006E65, 0x00050006, 0x00000074, 0x00000001, 0x61746F74, 0x0000006C, 0x00050006, 0x00000074,
  0x00000002, 0x36316662, 0x00000000, 0x00030005, 0x00000076, 0x00006370, 0x00040005, 0x00000080,
  0x656B6F74, 0x0000006E, 0x00030005, 0x00000087, 0x006C6F63, 0x00030005, 0x0000008D, 0x00000065,
  0x00040005, 0x00000090, 0x53444942, 0x00000000, 0x00040006, 0x00000090, 0x00000000, 0x00736469,
  0x00030005, 0x00000092, 0x00000000, 0x00040005, 0x0000009F, 0x746F6C73, 0x00000000, 0x00040005,
  0x000000A2, 0x42415442, 0x0000454C, 0x00040006, 0x000000A2, 0x00000000, 0x00007477, 0x00030005,
  0x000000A4, 0x00000000, 0x00040005, 0x000000B0, 0x73746962, 0x00000000, 0x00040005, 0x000000B1,
  0x61726170, 0x0000006D, 0x00040005, 0x000000B5, 0x61726170, 0x0000006D, 0x00030005, 0x000000BA,
  0x00005942, 0x00040006, 0x000000BA, 0x00000000, 0x00000079, 0x00030005, 0x000000BC, 0x00000000,
  0x00040047, 0x0000006A, 0x0000000B, 0x0000001A, 0x00040047, 0x00000070, 0x0000000B, 0x0000001D,
  0x00030047, 0x00000074, 0x00000002, 0x00050048, 0x00000074, 0x00000000, 0x00000023, 0x00000000,
  0x00050048, 0x00000074, 0x00000001, 0x00000023, 0x00000004, 0x00050048, 0x00000074, 0x00000002,
  0x00000023, 0x00000008, 0x00040047, 0x0000008F, 0x00000006, 0x00000008, 0x00030047, 0x00000090,
  0x00000002, 0x00050048, 0x00000090, 0x00000000, 0x00000023, 0x00000000, 0x00040047, 0x00000092,
  0x00000021, 0x00000000, 0x00040047, 0x00000092, 0x00000022, 0x00000000, 0x00040047, 0x000000A1,
  0x00000006, 0x00000002, 0x00030047, 0x000000A2, 0x00000002, 0x00050048, 0x000000A2, 0x00000000,
  0x00000023, 0x00000000, 0x00040047, 0x000000A4, 0x00000021, 0x00000001, 0x00040047, 0x000000A4,
  0x00000022, 0x00000000, 0x00040047, 0x000000B9, 0x00000006, 0x00000004, 0x00030047, 0x000000BA,
  0x00000002, 0x00050048, 0x000000BA, 0x00000000, 0x00000023, 0x00000000, 0x00040047, 0x000000BC,
  0x00000021, 0x00000002, 0x00040047, 0x000000BC, 0x00000022, 0x00000000, 0x00040047, 0x000000C2,
  0x0000000B, 0x00000019, 0x00020013, 0x00000002, 0x00030021, 0x00000003, 0x00000002, 0x00040015,
  0x00000006, 0x00000020, 0x00000000, 0x00040020, 0x00000007, 0x00000007, 0x00000006, 0x00040021,
  0x00000008, 0x00000006, 0x00000007, 0x0004002B, 0x00000006, 0x00000011, 0x00008000, 0x00040015,
  0x00000013, 0x00000020, 0x00000001, 0x0004002B, 0x00000013, 0x00000014, 0x00000010, 0x0004002B,
  0x00000013, 0x00000018, 0x0000000A, 0x0004002B, 0x00000006, 0x0000001A, 0x0000001F, 0x0004002B,
  0x00000006, 0x0000001E, 0x000003FF, 0x0004002B, 0x00000006, 0x00000021, 0x00000000, 0x00020014,
  0x00000022, 0x0004002B, 0x00000006, 0x0000002E, 0x00000071, 0x0004002B, 0x00000006, 0x00000037,
  0x00000400, 0x0004002B, 0x00000006, 0x0000003A, 0x00000001, 0x0004002B, 0x00000013, 0x00000041,
  0x00000017, 0x0004002B, 0x00000013, 0x00000046, 0x0000000D, 0x0004002B, 0x00000006, 0x0000004F,
  0x7F800000, 0x0004002B, 0x00000006, 0x00000057, 0x0000000F, 0x0004002B, 0x00000006, 0x00000059,
  0x0000007F, 0x00040017, 0x00000068, 0x00000006, 0x00000003, 0x00040020, 0x00000069, 0x00000001,
  0x00000068, 0x0004003B, 0x00000069, 0x0000006A, 0x00000001, 0x00040020, 0x0000006B, 0x00000001,
  0x00000006, 0x0004002B, 0x00000006, 0x0000006E, 0x00000100, 0x0004003B, 0x0000006B, 0x00000070,
  0x00000001, 0x0005001E, 0x00000074, 0x00000013, 0x00000013, 0x00000013, 0x00040020, 0x00000075,
  0x00000009, 0x00000074, 0x0004003B, 0x00000075, 0x00000076, 0x00000009, 0x0004002B, 0x00000013,
  0x00000077, 0x00000001, 0x00040020, 0x00000078, 0x00000009, 0x00000013, 0x0004002B, 0x00000013,
  0x00000082, 0x00000000, 0x00040015, 0x0000008E, 0x00000040, 0x00000001, 0x0003001D, 0x0000008F,
  0x0000008E, 0x0003001E, 0x00000090, 0x0000008F, 0x00040020, 0x00000091, 0x0000000C, 0x00000090,
  0x0004003B, 0x00000091, 0x00000092, 0x0000000C, 0x00040020, 0x00000094, 0x0000000C, 0x0000008E,
  0x00040015, 0x000000A0, 0x00000010, 0x00000000, 0x0003001D, 0x000000A1, 0x000000A0, 0x0003001E,
  0x000000A2, 0x000000A1, 0x00040020, 0x000000A3, 0x0000000C, 0x000000A2, 0x0004003B, 0x000000A3,
  0x000000A4, 0x0000000C, 0x00040020, 0x000000A6, 0x0000000C, 0x000000A0, 0x0004002B, 0x00000013,
  0x000000AA, 0x00000002, 0x00030016, 0x000000B8, 0x00000020, 0x0003001D, 0x000000B9, 0x000000B8,
  0x0003001E, 0x000000BA, 0x000000B9, 0x00040020, 0x000000BB, 0x0000000C, 0x000000BA, 0x0004003B,
  0x000000BB, 0x000000BC, 0x0000000C, 0x00040020, 0x000000C0, 0x0000000C, 0x000000B8, 0x0006002C,
  0x00000068, 0x000000C2, 0x0000006E, 0x0000003A, 0x0000003A, 0x00050036, 0x00000002, 0x00000004,
  0x00000000, 0x00000003, 0x000200F8, 0x00000005, 0x0004003B, 0x00000007, 0x00000067, 0x00000007,
  0x0004003B, 0x00000007, 0x00000080, 0x00000007, 0x0004003B, 0x00000007, 0x00000087, 0x00000007,
  0x0004003B, 0x00000007, 0x0000008D, 0x00000007, 0x0004003B, 0x00000007, 0x0000009F, 0x00000007,
  0x0004003B, 0x00000007, 0x000000B0, 0x00000007, 0x0004003B, 0x00000007, 0x000000B1, 0x00000007,
  0x0004003B, 0x00000007, 0x000000B5, 0x00000007, 0x00050041, 0x0000006B, 0x0000006C, 0x0000006A,
  0x00000021, 0x0004003D, 0x00000006, 0x0000006D, 0x0000006C, 0x00050084, 0x00000006, 0x0000006F,
  0x0000006D, 0x0000006E, 0x0004003D, 0x00000006, 0x00000071, 0x00000070, 0x00050080, 0x00000006,
  0x00000072, 0x0000006F, 0x00000071, 0x0003003E, 0x00000067, 0x00000072, 0x0004003D, 0x00000006,
  0x00000073, 0x00000067, 0x00050041, 0x00000078, 0x00000079, 0x00000076, 0x00000077, 0x0004003D,
  0x00000013, 0x0000007A, 0x00000079, 0x0004007C, 0x00000006, 0x0000007B, 0x0000007A, 0x000500AE,
  0x00000022, 0x0000007C, 0x00000073, 0x0000007B, 0x000300F7, 0x0000007E, 0x00000000, 0x000400FA,
  0x0000007C, 0x0000007D, 0x0000007E, 0x000200F8, 0x0000007D, 0x000100FD, 0x000200F8, 0x0000007E,
  0x0004003D, 0x00000006, 0x00000081, 0x00000067, 0x00050041, 0x00000078, 0x00000083, 0x00000076,
  0x00000082, 0x0004003D, 0x00000013, 0x00000084, 0x00000083, 0x0004007C, 0x00000006, 0x00000085,
  0x00000084, 0x00050086, 0x00000006, 0x00000086, 0x00000081, 0x00000085, 0x0003003E, 0x00000080,
  0x00000086, 0x0004003D, 0x00000006, 0x00000088, 0x00000067, 0x00050041, 0x00000078, 0x00000089,
  0x00000076, 0x00000082, 0x0004003D, 0x00000013, 0x0000008A, 0x00000089, 0x0004007C, 0x00000006,
  0x0000008B, 0x0000008A, 0x00050089, 0x00000006, 0x0000008C, 0x00000088, 0x0000008B, 0x0003003E,
  0x00000087, 0x0000008C, 0x0004003D, 0x00000006, 0x00000093, 0x00000080, 0x00060041, 0x00000094,
  0x00000095, 0x00000092, 0x00000082, 0x00000093, 0x0004003D, 0x0000008E, 0x00000096, 0x00000095,
  0x00040072, 0x00000013, 0x00000097, 0x00000096, 0x0004007C, 0x00000006, 0x00000098, 0x00000097,
  0x00050041, 0x00000078, 0x00000099, 0x00000076, 0x00000082, 0x0004003D, 0x00000013, 0x0000009A,
  0x00000099, 0x0004007C, 0x00000006, 0x0000009B, 0x0000009A, 0x00050084, 0x00000006, 0x0000009C,
  0x00000098, 0x0000009B, 0x0004003D, 0x00000006, 0x0000009D, 0x00000087, 0x00050080, 0x00000006,
  0x0000009E, 0x0000009C, 0x0000009D, 0x0003003E, 0x0000008D, 0x0000009E, 0x0004003D, 0x00000006,
  0x000000A5, 0x0000008D, 0x00060041, 0x000000A6, 0x000000A7, 0x000000A4, 0x00000082, 0x000000A5,
  0x0004003D, 0x000000A0, 0x000000A8, 0x000000A7, 0x00040071, 0x00000006, 0x000000A9, 0x000000A8,
  0x0003003E, 0x0000009F, 0x000000A9, 0x00050041, 0x00000078, 0x000000AB, 0x00000076, 0x000000AA,
  0x0004003D, 0x00000013, 0x000000AC, 0x000000AB, 0x000500AB, 0x00000022, 0x000000AD, 0x000000AC,
  0x00000082, 0x000300F7, 0x000000AF, 0x00000000, 0x000400FA, 0x000000AD, 0x000000AE, 0x000000B4,
  0x000200F8, 0x000000AE, 0x0004003D, 0x00000006, 0x000000B2, 0x0000009F, 0x0003003E, 0x000000B1,
  0x000000B2, 0x00050039, 0x00000006, 0x000000B3, 0x0000000D, 0x000000B1, 0x0003003E, 0x000000B0,
  0x000000B3, 0x000200F9, 0x000000AF, 0x000200F8, 0x000000B4, 0x0004003D, 0x00000006, 0x000000B6,
  0x0000009F, 0x0003003E, 0x000000B5, 0x000000B6, 0x00050039, 0x00000006, 0x000000B7, 0x0000000A,
  0x000000B5, 0x0003003E, 0x000000B0, 0x000000B7, 0x000200F9, 0x000000AF, 0x000200F8, 0x000000AF,
  0x0004003D, 0x00000006, 0x000000BD, 0x00000067, 0x0004003D, 0x00000006, 0x000000BE, 0x000000B0,
  0x0004007C, 0x000000B8, 0x000000BF, 0x000000BE, 0x00060041, 0x000000C0, 0x000000C1, 0x000000BC,
  0x00000082, 0x000000BD, 0x0003003E, 0x000000C1, 0x000000BF, 0x000100FD, 0x00010038, 0x00050036,
  0x00000006, 0x0000000A, 0x00000000, 0x00000008, 0x00030037, 0x00000007, 0x00000009, 0x000200F8,
  0x0000000B, 0x0004003B, 0x00000007, 0x0000000F, 0x00000007, 0x0004003B, 0x00000007, 0x00000016,
  0x00000007, 0x0004003B, 0x00000007, 0x0000001C, 0x00000007, 0x0004003B, 0x00000007, 0x0000002A,
  0x00000007, 0x0004003B, 0x00000007, 0x0000002D, 0x00000007, 0x0004003B, 0x00000007, 0x0000002F,
  0x00000007, 0x0004003D, 0x00000006, 0x00000010, 0x00000009, 0x000500C7, 0x00000006, 0x00000012,
  0x00000010, 0x00000011, 0x000500C4, 0x00000006, 0x00000015, 0x00000012, 0x00000014, 0x0003003E,
  0x0000000F, 0x00000015, 0x0004003D, 0x00000006, 0x00000017, 0x00000009, 0x000500C2, 0x00000006,
  0x00000019, 0x00000017, 0x00000018, 0x000500C7, 0x00000006, 0x0000001B, 0x00000019, 0x0000001A,
  0x0003003E, 0x00000016, 0x0000001B, 0x0004003D, 0x00000006, 0x0000001D, 0x00000009, 0x000500C7,
  0x00000006, 0x0000001F, 0x0000001D, 0x0000001E, 0x0003003E, 0x0000001C, 0x0000001F, 0x0004003D,
  0x00000006, 0x00000020, 0x00000016, 0x000500AA, 0x00000022, 0x00000023, 0x00000020, 0x00000021,
  0x000300F7, 0x00000025, 0x00000000, 0x000400FA, 0x00000023, 0x00000024, 0x00000049, 0x000200F8,
  0x00000024, 0x0004003D, 0x00000006, 0x00000026, 0x0000001C, 0x000500AA, 0x00000022, 0x00000027,
  0x00000026, 0x00000021, 0x000300F7, 0x00000029, 0x00000000, 0x000400FA, 0x00000027, 0x00000028,
  0x0000002C, 0x000200F8, 0x00000028, 0x0004003D, 0x00000006, 0x0000002B, 0x0000000F, 0x0003003E,
  0x0000002A, 0x0000002B, 0x000200F9, 0x00000029, 0x000200F8, 0x0000002C, 0x0003003E, 0x0000002D,
  0x0000002E, 0x0004003D, 0x00000006, 0x00000030, 0x0000001C, 0x0003003E, 0x0000002F, 0x00000030,
  0x000200F9, 0x00000031, 0x000200F8, 0x00000031, 0x000400F6, 0x00000033, 0x00000034, 0x00000000,
  0x000200F9, 0x00000035, 0x000200F8, 0x00000035, 0x0004003D, 0x00000006, 0x00000036, 0x0000002F,
  0x000500C7, 0x00000006, 0x00000038, 0x00000036, 0x00000037, 0x000500AA, 0x00000022, 0x00000039,
  0x00000038, 0x00000021, 0x000400FA, 0x00000039, 0x00000032, 0x00000033, 0x000200F8, 0x00000032,
  0x0004003D, 0x00000006, 0x0000003B, 0x0000002F, 0x000500C4, 0x00000006, 0x0000003C, 0x0000003B,
  0x0000003A, 0x0003003E, 0x0000002F, 0x0000003C, 0x0004003D, 0x00000006, 0x0000003D, 0x0000002D,
  0x00050082, 0x00000006, 0x0000003E, 0x0000003D, 0x0000003A, 0x0003003E, 0x0000002D, 0x0000003E,
  0x000200F9, 0x00000034, 0x000200F8, 0x00000034, 0x000200F9, 0x00000031, 0x000200F8, 0x00000033,
  0x0004003D, 0x00000006, 0x0000003F, 0x0000000F, 0x0004003D, 0x00000006, 0x00000040, 0x0000002D,
  0x000500C4, 0x00000006, 0x00000042, 0x00000040, 0x00000041, 0x000500C5, 0x00000006, 0x00000043,
  0x0000003F, 0x00000042, 0x0004003D, 0x00000006, 0x00000044, 0x0000002F, 0x000500C7, 0x00000006,
  0x00000045, 0x00000044, 0x0000001E, 0x000500C4, 0x00000006, 0x00000047, 0x00000045, 0x00000046,
  0x000500C5, 0x00000006, 0x00000048, 0x00000043, 0x00000047, 0x0003003E, 0x0000002A, 0x00000048,
  0x000200F9, 0x00000029, 0x000200F8, 0x00000029, 0x000200F9, 0x00000025, 0x000200F8, 0x00000049,
  0x0004003D, 0x00000006, 0x0000004A, 0x00000016, 0x000500AA, 0x00000022, 0x0000004B, 0x0000004A,
  0x0000001A, 0x000300F7, 0x0000004D, 0x00000000, 0x000400FA, 0x0000004B, 0x0000004C, 0x00000054,
  0x000200F8, 0x0000004C, 0x0004003D, 0x00000006, 0x0000004E, 0x0000000F, 0x000500C5, 0x00000006,
  0x00000050, 0x0000004E, 0x0000004F, 0x0004003D, 0x00000006, 0x00000051, 0x0000001C, 0x000500C4,
  0x00000006, 0x00000052, 0x00000051, 0x00000046, 0x000500C5, 0x00000006, 0x00000053, 0x00000050,
  0x00000052, 0x0003003E, 0x0000002A, 0x00000053, 0x000200F9, 0x0000004D, 0x000200F8, 0x00000054,
  0x0004003D, 0x00000006, 0x00000055, 0x0000000F, 0x0004003D, 0x00000006, 0x00000056, 0x00000016,
  0x00050082, 0x00000006, 0x00000058, 0x00000056, 0x00000057, 0x00050080, 0x00000006, 0x0000005A,
  0x00000058, 0x00000059, 0x000500C4, 0x00000006, 0x0000005B, 0x0000005A, 0x00000041, 0x000500C5,
  0x00000006, 0x0000005C, 0x00000055, 0x0000005B, 0x0004003D, 0x00000006, 0x0000005D, 0x0000001C,
  0x000500C4, 0x00000006, 0x0000005E, 0x0000005D, 0x00000046, 0x000500C5, 0x00000006, 0x0000005F,
  0x0000005C, 0x0000005E, 0x0003003E, 0x0000002A, 0x0000005F, 0x000200F9, 0x0000004D, 0x000200F8,
  0x0000004D, 0x000200F9, 0x00000025, 0x000200F8, 0x00000025, 0x0004003D, 0x00000006, 0x00000060,
  0x0000002A, 0x000200FE, 0x00000060, 0x00010038, 0x00050036, 0x00000006, 0x0000000D, 0x00000000,
  0x00000008, 0x00030037, 0x00000007, 0x0000000C, 0x000200F8, 0x0000000E, 0x0004003D, 0x00000006,
  0x00000063, 0x0000000C, 0x000500C4, 0x00000006, 0x00000064, 0x00000063, 0x00000014, 0x000200FE,
  0x00000064, 0x00010038,
};
static const unsigned int embedding_q8_spv[] = {
  0x07230203, 0x00010500, 0x0008000B, 0x000000BD, 0x00000000, 0x00020011, 0x00000001, 0x00020011,
  0x0000000B, 0x00020011, 0x00000027, 0x00020011, 0x00001151, 0x00020011, 0x00001160, 0x0006000B,
  0x00000001, 0x4C534C47, 0x6474732E, 0x3035342E, 0x00000000, 0x0003000E, 0x00000000, 0x00000001,
  0x000C000F, 0x00000005, 0x00000004, 0x6E69616D, 0x00000000, 0x00000063, 0x00000069, 0x0000006F,
  0x0000008B, 0x0000009C, 0x000000A2, 0x000000B1, 0x00060010, 0x00000004, 0x00000011, 0x00000100,
  0x00000001, 0x00000001, 0x00030003, 0x00000002, 0x000001C2, 0x00080004, 0x455F4C47, 0x735F5458,
  0x616C6163, 0x6C625F72, 0x5F6B636F, 0x6F79616C, 0x00007475, 0x000B0004, 0x455F4C47, 0x735F5458,
  0x65646168, 0x78655F72, 0x63696C70, 0x615F7469, 0x68746972, 0x6974656D, 0x79745F63, 0x00736570,
  0x00040005, 0x00000004, 0x6E69616D, 0x00000000, 0x00070005, 0x0000000A, 0x36317066, 0x5F6F745F,
  0x616F6C66, 0x28755F74, 0x003B3175, 0x00030005, 0x00000009, 0x00000068, 0x00040005, 0x0000000C,
  0x6E676973, 0x00000000, 0x00030005, 0x00000013, 0x00707865, 0x00040005, 0x00000019, 0x746E616D,
  0x00000000, 0x00040005, 0x00000027, 0x73746962, 0x00000000, 0x00030005, 0x0000002A, 0x00000065,
  0x00030005, 0x0000002C, 0x0000006D, 0x00030005, 0x00000060, 0x00786469, 0x00060005, 0x00000063,
  0x575F6C67, 0x476B726F, 0x70756F72, 0x00004449, 0x00080005, 0x00000069, 0x4C5F6C67, 0x6C61636F,
  0x6F766E49, 0x69746163, 0x6E496E6F, 0x00786564, 0x00030005, 0x0000006D, 0x00004350, 0x00050006,
  0x0000006D, 0x00000000, 0x64646968, 0x00006E65, 0x00050006, 0x0000006D, 0x00000001, 0x61746F74,
  0x0000006C, 0x00030005, 0x0000006F, 0x00006370, 0x00040005, 0x00000079, 0x656B6F74, 0x0000006E,
  0x00030005, 0x00000080, 0x006C6F63, 0x00030005, 0x00000086, 0x00000065, 0x00040005, 0x00000089,
  0x53444942, 0x00000000, 0x00040006, 0x00000089, 0x00000000, 0x00736469, 0x00030005, 0x0000008B,
  0x00000000, 0x00030005, 0x0000009A, 0x00005942, 0x00040006, 0x0000009A, 0x00000000, 0x00000079,
  0x00030005, 0x0000009C, 0x00000000, 0x00030005, 0x000000A0, 0x00535742, 0x00040006, 0x000000A0,
  0x00000000, 0x00007377, 0x00030005, 0x000000A2, 0x00000000, 0x00040005, 0x000000AA, 0x61726170,
  0x0000006D, 0x00030005, 0x000000AF, 0x00385742, 0x00040006, 0x000000AF, 0x00000000, 0x00003877,
  0x00030005, 0x000000B1, 0x00000000, 0x00040047, 0x00000063, 0x0000000B, 0x0000001A, 0x00040047,
  0x00000069, 0x0000000B, 0x0000001D, 0x00030047, 0x0000006D, 0x00000002, 0x00050048, 0x0000006D,
  0x00000000, 0x00000023, 0x00000000, 0x00050048, 0x0000006D, 0x00000001, 0x00000023, 0x00000004,
  0x00040047, 0x00000088, 0x00000006, 0x00000008, 0x00030047, 0x00000089, 0x00000002, 0x00050048,
  0x00000089, 0x00000000, 0x00000023, 0x00000000, 0x00040047, 0x0000008B, 0x00000021, 0x00000000,
  0x00040047, 0x0000008B, 0x00000022, 0x00000000, 0x00040047, 0x00000099, 0x00000006, 0x00000004,
  0x00030047, 0x0000009A, 0x00000002, 0x00050048, 0x0000009A, 0x00000000, 0x00000023, 0x00000000,
  0x00040047, 0x0000009C, 0x00000021, 0x00000003, 0x00040047, 0x0000009C, 0x00000022, 0x00000000,
  0x00040047, 0x0000009F, 0x00000006, 0x00000002, 0x00030047, 0x000000A0, 0x00000002, 0x00050048,
  0x000000A0, 0x00000000, 0x00000023, 0x00000000, 0x00040047, 0x000000A2, 0x00000021, 0x00000002,
  0x00040047, 0x000000A2, 0x00000022, 0x00000000, 0x00040047, 0x000000AE, 0x00000006, 0x00000001,
  0x00030047, 0x000000AF, 0x00000002, 0x00050048, 0x000000AF, 0x00000000, 0x00000023, 0x00000000,
  0x00040047, 0x000000B1, 0x00000021, 0x00000001, 0x00040047, 0x000000B1, 0x00000022, 0x00000000,
  0x00040047, 0x000000BC, 0x0000000B, 0x00000019, 0x00020013, 0x00000002, 0x00030021, 0x00000003,
  0x00000002, 0x00040015, 0x00000006, 0x00000020, 0x00000000, 0x00040020, 0x00000007, 0x00000007,
  0x00000006, 0x00040021, 0x00000008, 0x00000006, 0x00000007, 0x0004002B, 0x00000006, 0x0000000E,
  0x00008000, 0x00040015, 0x00000010, 0x00000020, 0x00000001, 0x0004002B, 0x00000010, 0x00000011,
  0x00000010, 0x0004002B, 0x00000010, 0x00000015, 0x0000000A, 0x0004002B, 0x00000006, 0x00000017,
  0x0000001F, 0x0004002B, 0x00000006, 0x0000001B, 0x000003FF, 0x0004002B, 0x00000006, 0x0000001E,
  0x00000000, 0x00020014, 0x0000001F, 0x0004002B, 0x00000006, 0x0000002B, 0x00000071, 0x0004002B,
  0x00000006, 0x00000034, 0x00000400, 0x0004002B, 0x00000006, 0x00000037, 0x00000001, 0x0004002B,
  0x00000010, 0x0000003E, 0x00000017, 0x0004002B, 0x00000010, 0x00000043, 0x0000000D, 0x0004002B,
  0x00000006, 0x0000004C, 0x7F800000, 0x0004002B, 0x00000006, 0x00000054, 0x0000000F, 0x0004002B,
  0x00000006, 0x00000056, 0x0000007F, 0x00040017, 0x00000061, 0x00000006, 0x00000003, 0x00040020,
  0x00000062, 0x00000001, 0x00000061, 0x0004003B, 0x00000062, 0x00000063, 0x00000001, 0x00040020,
  0x00000064, 0x00000001, 0x00000006, 0x0004002B, 0x00000006, 0x00000067, 0x00000100, 0x0004003B,
  0x00000064, 0x00000069, 0x00000001, 0x0004001E, 0x0000006D, 0x00000010, 0x00000010, 0x00040020,
  0x0000006E, 0x00000009, 0x0000006D, 0x0004003B, 0x0000006E, 0x0000006F, 0x00000009, 0x0004002B,
  0x00000010, 0x00000070, 0x00000001, 0x00040020, 0x00000071, 0x00000009, 0x00000010, 0x0004002B,
  0x00000010, 0x0000007B, 0x00000000, 0x00040015, 0x00000087, 0x00000040, 0x00000001, 0x0003001D,
  0x00000088, 0x00000087, 0x0003001E, 0x00000089, 0x00000088, 0x00040020, 0x0000008A, 0x0000000C,
  0x00000089, 0x0004003B, 0x0000008A, 0x0000008B, 0x0000000C, 0x00040020, 0x0000008D, 0x0000000C,
  0x00000087, 0x00030016, 0x00000098, 0x00000020, 0x0003001D, 0x00000099, 0x00000098, 0x0003001E,
  0x0000009A, 0x00000099, 0x00040020, 0x0000009B, 0x0000000C, 0x0000009A, 0x0004003B, 0x0000009B,
  0x0000009C, 0x0000000C, 0x00040015, 0x0000009E, 0x00000010, 0x00000000, 0x0003001D, 0x0000009F,
  0x0000009E, 0x0003001E, 0x000000A0, 0x0000009F, 0x00040020, 0x000000A1, 0x0000000C, 0x000000A0,
  0x0004003B, 0x000000A1, 0x000000A2, 0x0000000C, 0x0004002B, 0x00000010, 0x000000A4, 0x00000005,
  0x00040020, 0x000000A6, 0x0000000C, 0x0000009E, 0x00040015, 0x000000AD, 0x00000008, 0x00000000,
  0x0003001D, 0x000000AE, 0x000000AD, 0x0003001E, 0x000000AF, 0x000000AE, 0x00040020, 0x000000B0,
  0x0000000C, 0x000000AF, 0x0004003B, 0x000000B0, 0x000000B1, 0x0000000C, 0x00040020, 0x000000B3,
  0x0000000C, 0x000000AD, 0x00040015, 0x000000B6, 0x00000008, 0x00000001, 0x00040020, 0x000000BA,
  0x0000000C, 0x00000098, 0x0006002C, 0x00000061, 0x000000BC, 0x00000067, 0x00000037, 0x00000037,
  0x00050036, 0x00000002, 0x00000004, 0x00000000, 0x00000003, 0x000200F8, 0x00000005, 0x0004003B,
  0x00000007, 0x00000060, 0x00000007, 0x0004003B, 0x00000007, 0x00000079, 0x00000007, 0x0004003B,
  0x00000007, 0x00000080, 0x00000007, 0x0004003B, 0x00000007, 0x00000086, 0x00000007, 0x0004003B,
  0x00000007, 0x000000AA, 0x00000007, 0x00050041, 0x00000064, 0x00000065, 0x00000063, 0x0000001E,
  0x0004003D, 0x00000006, 0x00000066, 0x00000065, 0x00050084, 0x00000006, 0x00000068, 0x00000066,
  0x00000067, 0x0004003D, 0x00000006, 0x0000006A, 0x00000069, 0x00050080, 0x00000006, 0x0000006B,
  0x00000068, 0x0000006A, 0x0003003E, 0x00000060, 0x0000006B, 0x0004003D, 0x00000006, 0x0000006C,
  0x00000060, 0x00050041, 0x00000071, 0x00000072, 0x0000006F, 0x00000070, 0x0004003D, 0x00000010,
  0x00000073, 0x00000072, 0x0004007C, 0x00000006, 0x00000074, 0x00000073, 0x000500AE, 0x0000001F,
  0x00000075, 0x0000006C, 0x00000074, 0x000300F7, 0x00000077, 0x00000000, 0x000400FA, 0x00000075,
  0x00000076, 0x00000077, 0x000200F8, 0x00000076, 0x000100FD, 0x000200F8, 0x00000077, 0x0004003D,
  0x00000006, 0x0000007A, 0x00000060, 0x00050041, 0x00000071, 0x0000007C, 0x0000006F, 0x0000007B,
  0x0004003D, 0x00000010, 0x0000007D, 0x0000007C, 0x0004007C, 0x00000006, 0x0000007E, 0x0000007D,
  0x00050086, 0x00000006, 0x0000007F, 0x0000007A, 0x0000007E, 0x0003003E, 0x00000079, 0x0000007F,
  0x0004003D, 0x00000006, 0x00000081, 0x00000060, 0x00050041, 0x00000071, 0x00000082, 0x0000006F,
  0x0000007B, 0x0004003D, 0x00000010, 0x00000083, 0x00000082, 0x0004007C, 0x00000006, 0x00000084,
  0x00000083, 0x00050089, 0x00000006, 0x00000085, 0x00000081, 0x00000084, 0x0003003E, 0x00000080,
  0x00000085, 0x0004003D, 0x00000006, 0x0000008C, 0x00000079, 0x00060041, 0x0000008D, 0x0000008E,
  0x0000008B, 0x0000007B, 0x0000008C, 0x0004003D, 0x00000087, 0x0000008F, 0x0000008E, 0x00040072,
  0x00000010, 0x00000090, 0x0000008F, 0x0004007C, 0x00000006, 0x00000091, 0x00000090, 0x00050041,
  0x00000071, 0x00000092, 0x0000006F, 0x0000007B, 0x0004003D, 0x00000010, 0x00000093, 0x00000092,
  0x0004007C, 0x00000006, 0x00000094, 0x00000093, 0x00050084, 0x00000006, 0x00000095, 0x00000091,
  0x00000094, 0x0004003D, 0x00000006, 0x00000096, 0x00000080, 0x00050080, 0x00000006, 0x00000097,
  0x00000095, 0x00000096, 0x0003003E, 0x00000086, 0x00000097, 0x0004003D, 0x00000006, 0x0000009D,
  0x00000060, 0x0004003D, 0x00000006, 0x000000A3, 0x00000086, 0x000500C2, 0x00000006, 0x000000A5,
  0x000000A3, 0x000000A4, 0x00060041, 0x000000A6, 0x000000A7, 0x000000A2, 0x0000007B, 0x000000A5,
  0x0004003D, 0x0000009E, 0x000000A8, 0x000000A7, 0x00040071, 0x00000006, 0x000000A9, 0x000000A8,
  0x0003003E, 0x000000AA, 0x000000A9, 0x00050039, 0x00000006, 0x000000AB, 0x0000000A, 0x000000AA,
  0x0004007C, 0x00000098, 0x000000AC, 0x000000AB, 0x0004003D, 0x00000006, 0x000000B2, 0x00000086,
  0x00060041, 0x000000B3, 0x000000B4, 0x000000B1, 0x0000007B, 0x000000B2, 0x0004003D, 0x000000AD,
  0x000000B5, 0x000000B4, 0x0004007C, 0x000000B6, 0x000000B7, 0x000000B5, 0x0004006F, 0x00000098,
  0x000000B8, 0x000000B7, 0x00050085, 0x00000098, 0x000000B9, 0x000000AC, 0x000000B8, 0x00060041,
  0x000000BA, 0x000000BB, 0x0000009C, 0x0000007B, 0x0000009D, 0x0003003E, 0x000000BB, 0x000000B9,
  0x000100FD, 0x00010038, 0x00050036, 0x00000006, 0x0000000A, 0x00000000, 0x00000008, 0x00030037,
  0x00000007, 0x00000009, 0x000200F8, 0x0000000B, 0x0004003B, 0x00000007, 0x0000000C, 0x00000007,
  0x0004003B, 0x00000007, 0x00000013, 0x00000007, 0x0004003B, 0x00000007, 0x00000019, 0x00000007,
  0x0004003B, 0x00000007, 0x00000027, 0x00000007, 0x0004003B, 0x00000007, 0x0000002A, 0x00000007,
  0x0004003B, 0x00000007, 0x0000002C, 0x00000007, 0x0004003D, 0x00000006, 0x0000000D, 0x00000009,
  0x000500C7, 0x00000006, 0x0000000F, 0x0000000D, 0x0000000E, 0x000500C4, 0x00000006, 0x00000012,
  0x0000000F, 0x00000011, 0x0003003E, 0x0000000C, 0x00000012, 0x0004003D, 0x00000006, 0x00000014,
  0x00000009, 0x000500C2, 0x00000006, 0x00000016, 0x00000014, 0x00000015, 0x000500C7, 0x00000006,
  0x00000018, 0x00000016, 0x00000017, 0x0003003E, 0x00000013, 0x00000018, 0x0004003D, 0x00000006,
  0x0000001A, 0x00000009, 0x000500C7, 0x00000006, 0x0000001C, 0x0000001A, 0x0000001B, 0x0003003E,
  0x00000019, 0x0000001C, 0x0004003D, 0x00000006, 0x0000001D, 0x00000013, 0x000500AA, 0x0000001F,
  0x00000020, 0x0000001D, 0x0000001E, 0x000300F7, 0x00000022, 0x00000000, 0x000400FA, 0x00000020,
  0x00000021, 0x00000046, 0x000200F8, 0x00000021, 0x0004003D, 0x00000006, 0x00000023, 0x00000019,
  0x000500AA, 0x0000001F, 0x00000024, 0x00000023, 0x0000001E, 0x000300F7, 0x00000026, 0x00000000,
  0x000400FA, 0x00000024, 0x00000025, 0x00000029, 0x000200F8, 0x00000025, 0x0004003D, 0x00000006,
  0x00000028, 0x0000000C, 0x0003003E, 0x00000027, 0x00000028, 0x000200F9, 0x00000026, 0x000200F8,
  0x00000029, 0x0003003E, 0x0000002A, 0x0000002B, 0x0004003D, 0x00000006, 0x0000002D, 0x00000019,
  0x0003003E, 0x0000002C, 0x0000002D, 0x000200F9, 0x0000002E, 0x000200F8, 0x0000002E, 0x000400F6,
  0x00000030, 0x00000031, 0x00000000, 0x000200F9, 0x00000032, 0x000200F8, 0x00000032, 0x0004003D,
  0x00000006, 0x00000033, 0x0000002C, 0x000500C7, 0x00000006, 0x00000035, 0x00000033, 0x00000034,
  0x000500AA, 0x0000001F, 0x00000036, 0x00000035, 0x0000001E, 0x000400FA, 0x00000036, 0x0000002F,
  0x00000030, 0x000200F8, 0x0000002F, 0x0004003D, 0x00000006, 0x00000038, 0x0000002C, 0x000500C4,
  0x00000006, 0x00000039, 0x00000038, 0x00000037, 0x0003003E, 0x0000002C, 0x00000039, 0x0004003D,
  0x00000006, 0x0000003A, 0x0000002A, 0x00050082, 0x00000006, 0x0000003B, 0x0000003A, 0x00000037,
  0x0003003E, 0x0000002A, 0x0000003B, 0x000200F9, 0x00000031, 0x000200F8, 0x00000031, 0x000200F9,
  0x0000002E, 0x000200F8, 0x00000030, 0x0004003D, 0x00000006, 0x0000003C, 0x0000000C, 0x0004003D,
  0x00000006, 0x0000003D, 0x0000002A, 0x000500C4, 0x00000006, 0x0000003F, 0x0000003D, 0x0000003E,
  0x000500C5, 0x00000006, 0x00000040, 0x0000003C, 0x0000003F, 0x0004003D, 0x00000006, 0x00000041,
  0x0000002C, 0x000500C7, 0x00000006, 0x00000042, 0x00000041, 0x0000001B, 0x000500C4, 0x00000006,
  0x00000044, 0x00000042, 0x00000043, 0x000500C5, 0x00000006, 0x00000045, 0x00000040, 0x00000044,
  0x0003003E, 0x00000027, 0x00000045, 0x000200F9, 0x00000026, 0x000200F8, 0x00000026, 0x000200F9,
  0x00000022, 0x000200F8, 0x00000046, 0x0004003D, 0x00000006, 0x00000047, 0x00000013, 0x000500AA,
  0x0000001F, 0x00000048, 0x00000047, 0x00000017, 0x000300F7, 0x0000004A, 0x00000000, 0x000400FA,
  0x00000048, 0x00000049, 0x00000051, 0x000200F8, 0x00000049, 0x0004003D, 0x00000006, 0x0000004B,
  0x0000000C, 0x000500C5, 0x00000006, 0x0000004D, 0x0000004B, 0x0000004C, 0x0004003D, 0x00000006,
  0x0000004E, 0x00000019, 0x000500C4, 0x00000006, 0x0000004F, 0x0000004E, 0x00000043, 0x000500C5,
  0x00000006, 0x00000050, 0x0000004D, 0x0000004F, 0x0003003E, 0x00000027, 0x00000050, 0x000200F9,
  0x0000004A, 0x000200F8, 0x00000051, 0x0004003D, 0x00000006, 0x00000052, 0x0000000C, 0x0004003D,
  0x00000006, 0x00000053, 0x00000013, 0x00050082, 0x00000006, 0x00000055, 0x00000053, 0x00000054,
  0x00050080, 0x00000006, 0x00000057, 0x00000055, 0x00000056, 0x000500C4, 0x00000006, 0x00000058,
  0x00000057, 0x0000003E, 0x000500C5, 0x00000006, 0x00000059, 0x00000052, 0x00000058, 0x0004003D,
  0x00000006, 0x0000005A, 0x00000019, 0x000500C4, 0x00000006, 0x0000005B, 0x0000005A, 0x00000043,
  0x000500C5, 0x00000006, 0x0000005C, 0x00000059, 0x0000005B, 0x0003003E, 0x00000027, 0x0000005C,
  0x000200F9, 0x0000004A, 0x000200F8, 0x0000004A, 0x000200F9, 0x00000022, 0x000200F8, 0x00000022,
  0x0004003D, 0x00000006, 0x0000005D, 0x00000027, 0x000200FE, 0x0000005D, 0x00010038,
};
static const unsigned int embedding_qk_spv[] = {
  0x07230203, 0x00010500, 0x0008000B, 0x000003D3, 0x00000000, 0x00020011, 0x00000001, 0x00020011,
  0x0000000B, 0x00020011, 0x00000027, 0x00020011, 0x00001160, 0x0006000B, 0x00000001, 0x4C534C47,
  0x6474732E, 0x3035342E, 0x00000000, 0x0003000E, 0x00000000, 0x00000001, 0x000B000F, 0x00000005,
  0x00000004, 0x6E69616D, 0x00000000, 0x00000083, 0x00000317, 0x0000031D, 0x00000323, 0x0000033D,
  0x0000038B, 0x00060010, 0x00000004, 0x00000011, 0x00000100, 0x00000001, 0x00000001, 0x00030003,
  0x00000002, 0x000001C2, 0x00080004, 0x455F4C47, 0x735F5458, 0x616C6163, 0x6C625F72, 0x5F6B636F,
  0x6F79616C, 0x00007475, 0x000B0004, 0x455F4C47, 0x735F5458, 0x65646168, 0x78655F72, 0x63696C70,
  0x615F7469, 0x68746972, 0x6974656D, 0x79745F63, 0x00736570, 0x00040005, 0x00000004, 0x6E69616D,
  0x00000000, 0x00070005, 0x0000000A, 0x36317066, 0x5F6F745F, 0x616F6C66, 0x28755F74, 0x003B3175,
  0x00030005, 0x00000009, 0x00000068, 0x00060005, 0x00000010, 0x715F6B71, 0x31752832, 0x3B31753B,
  0x00000000, 0x00040005, 0x0000000E, 0x65736162, 0x00000000, 0x00030005, 0x0000000F, 0x00000069,
  0x00060005, 0x00000014, 0x715F6B71, 0x28305F34, 0x753B3175, 0x00003B31, 0x00040005, 0x00000012,
  0x65736162, 0x00000000, 0x00030005, 0x00000013, 0x00000069, 0x00060005, 0x00000018, 0x715F6B71,
  0x31752834, 0x3B31753B, 0x00000000, 0x00040005, 0x00000016, 0x65736162, 0x00000000, 0x00030005,
  0x00000017, 0x00000069, 0x00060005, 0x0000001C, 0x715F6B71, 0x31752835, 0x3B31753B, 0x00000000,
  0x00040005, 0x0000001A, 0x65736162, 0x00000000, 0x00030005, 0x0000001B, 0x00000069, 0x00060005,
  0x00000020, 0x715F6B71, 0x31752836, 0x3B31753B, 0x00000000, 0x00040005, 0x0000001E, 0x65736162,
  0x00000000, 0x00030005, 0x0000001F, 0x00000069, 0x00040005, 0x00000022, 0x6E676973, 0x00000000,
  0x00030005, 0x00000029, 0x00707865, 0x00040005, 0x0000002F, 0x746E616D, 0x00000000, 0x00040005,
  0x0000003D, 0x73746962, 0x00000000, 0x00030005, 0x00000040, 0x00000065, 0x00030005, 0x00000042,
  0x0000006D, 0x00030005, 0x00000076, 0x00000067, 0x00030005, 0x0000007A, 0x0000006A, 0x00030005,
  0x0000007E, 0x00000064, 0x00030005, 0x00000081, 0x00515742, 0x00040006, 0x00000081, 0x00000000,
  0x00007177, 0x00030005, 0x00000083, 0x00000000, 0x00040005, 0x00000095, 0x61726170, 0x0000006D,
  0x00040005, 0x00000098, 0x6E696D64, 0x00000000, 0x00040005, 0x000000A7, 0x61726170, 0x0000006D,
  0x00030005, 0x000000AA, 0x00006273, 0x00030005, 0x000000B1, 0x00006C64, 0x00030005, 0x000000B7,
  0x00006C6D, 0x00040005, 0x000000BD, 0x65747962, 0x00000000, 0x00030005, 0x000000CA, 0x00000071,
  0x00030005, 0x000000E3, 0x00000064, 0x00040005, 0x000000EF, 0x61726170, 0x0000006D, 0x00030005,
  0x000000F2, 0x0062696E, 0x00030005, 0x00000113, 0x00006864, 0x00030005, 0x0000011F, 0x00686D64,
  0x00030005, 0x0000012C, 0x00000064, 0x00040005, 0x0000012D, 0x61726170, 0x0000006D, 0x00040005,
  0x00000131, 0x6E696D64, 0x00000000, 0x00040005, 0x00000132, 0x61726170, 0x0000006D, 0x00030005,
  0x00000136, 0x0000006A, 0x00030005, 0x0000013A, 0x00000065, 0x00030005, 0x0000013D, 0x00003462,
  0x00030005, 0x00000145, 0x00006373, 0x00030005, 0x0000014E, 0x00006E6D, 0x00030005, 0x0000017B,
  0x00006271, 0x00030005, 0x00000187, 0x00000071, 0x00040005, 0x0000019C, 0x756F7267, 0x00000070,
  0x00040005, 0x0000019F, 0x746F6C73, 0x00000000, 0x00030005, 0x000001A3, 0x0000006C, 0x00030005,
  0x000001A6, 0x00007369, 0x00030005, 0x000001A9, 0x0000006A, 0x00030005, 0x000001AD, 0x00003175,
  0x00030005, 0x000001B1, 0x00003275, 0x00030005, 0x000001B5, 0x00003462, 0x00030005, 0x000001BC,
  0x00006373, 0x00030005, 0x000001C4, 0x00006E6D, 0x00030005, 0x000001F0, 0x00006C71, 0x00030005,
  0x000001F4, 0x00006871, 0x00030005, 0x000001F7, 0x006C6871, 0x00030005, 0x000001FE, 0x00000071,
  0x00040005, 0x0000021A, 0x74696268, 0x00000000, 0x00030005, 0x00000228, 0x00000064, 0x00040005,
  0x00000234, 0x61726170, 0x0000006D, 0x00040005, 0x00000237, 0x6E696D64, 0x00000000, 0x00040005,
  0x00000244, 0x61726170, 0x0000006D, 0x00030005, 0x0000025A, 0x00006168, 0x00030005, 0x0000025E,
  0x00000074, 0x00030005, 0x00000261, 0x00006C71, 0x00030005, 0x00000267, 0x00006871, 0x00030005,
  0x0000026E, 0x00006273, 0x00030005, 0x00000276, 0x00006864, 0x00030005, 0x00000285, 0x00000064,
  0x00040005, 0x00000286, 0x61726170, 0x0000006D, 0x00030005, 0x0000028A, 0x0000006C, 0x00040005,
  0x0000028D, 0x746F6C73, 0x00000000, 0x00030005, 0x00000290, 0x00007369, 0x00030005, 0x00000293,
  0x006C6871, 0x00030005, 0x0000029E, 0x00000071, 0x00030005, 0x000002AB, 0x00007573, 0x00030005,
  0x000002FB, 0x00000073, 0x00030005, 0x00000314, 0x00786469, 0x00060005, 0x00000317, 0x575F6C67,
  0x476B726F, 0x70756F72, 0x00004449, 0x00080005, 0x0000031D, 0x4C5F6C67, 0x6C61636F, 0x6F766E49,
  0x69746163, 0x6E496E6F, 0x00786564, 0x00030005, 0x00000321, 0x00004350, 0x00050006, 0x00000321,
  0x00000000, 0x64646968, 0x00006E65, 0x00050006, 0x00000321, 0x00000001, 0x61746F74, 0x0000006C,
  0x00050006, 0x00000321, 0x00000002, 0x646E696B, 0x00000000, 0x00030005, 0x00000323, 0x00006370,
  0x00040005, 0x0000032C, 0x656B6F74, 0x0000006E, 0x00030005, 0x00000332, 0x006C6F63, 0x00030005,
  0x00000338, 0x00000065, 0x00040005, 0x0000033B, 0x53444942, 0x00000000, 0x00040006, 0x0000033B,
  0x00000000, 0x00736469, 0x00030005, 0x0000033D, 0x00000000, 0x00030005, 0x0000034A, 0x00006262,
  0x00030005, 0x0000036D, 0x00000062, 0x00030005, 0x0000037A, 0x00000069, 0x00030005, 0x00000389,
  0x00005942, 0x00040006, 0x00000389, 0x00000000, 0x00000079, 0x00030005, 0x0000038B, 0x00000000,
  0x00040005, 0x00000396, 0x61726170, 0x0000006D, 0x00040005, 0x00000397, 0x61726170, 0x0000006D,
  0x00040005, 0x000003A4, 0x61726170, 0x0000006D, 0x00040005, 0x000003A5, 0x61726170, 0x0000006D,
  0x00040005, 0x000003B2, 0x61726170, 0x0000006D, 0x00040005, 0x000003B3, 0x61726170, 0x0000006D,
  0x00040005, 0x000003C0, 0x61726170, 0x0000006D, 0x00040005, 0x000003C1, 0x61726170, 0x0000006D,
  0x00040005, 0x000003C8, 0x61726170, 0x0000006D, 0x00040005, 0x000003C9, 0x61726170, 0x0000006D,
  0x00040047, 0x00000080, 0x00000006, 0x00000001, 0x00030047, 0x00000081, 0x00000002, 0x00050048,
  0x00000081, 0x00000000, 0x00000023, 0x00000000, 0x00040047, 0x00000083, 0x00000021, 0x00000001,
  0x00040047, 0x00000083, 0x00000022, 0x00000000, 0x00040047, 0x00000317, 0x0000000B, 0x0000001A,
  0x00040047, 0x0000031D, 0x0000000B, 0x0000001D, 0x00030047, 0x00000321, 0x00000002, 0x00050048,
  0x00000321, 0x00000000, 0x00000023, 0x00000000, 0x00050048, 0x00000321, 0x00000001, 0x00000023,
  0x00000004, 0x00050048, 0x00000321, 0x00000002, 0x00000023, 0x00000008, 0x00040047, 0x0000033A,
  0x00000006, 0x00000008, 0x00030047, 0x0000033B, 0x00000002, 0x00050048, 0x0000033B, 0x00000000,
  0x00000023, 0x00000000, 0x00040047, 0x0000033D, 0x00000021, 0x00000000, 0x00040047, 0x0000033D,
  0x00000022, 0x00000000, 0x00040047, 0x00000388, 0x00000006, 0x00000004, 0x00030047, 0x00000389,
  0x00000002, 0x00050048, 0x00000389, 0x00000000, 0x00000023, 0x00000000, 0x00040047, 0x0000038B,
  0x00000021, 0x00000002, 0x00040047, 0x0000038B, 0x00000022, 0x00000000, 0x00040047, 0x000003D2,
  0x0000000B, 0x00000019, 0x00020013, 0x00000002, 0x00030021, 0x00000003, 0x00000002, 0x00040015,
  0x00000006, 0x00000020, 0x00000000, 0x00040020, 0x00000007, 0x00000007, 0x00000006, 0x00040021,
  0x00000008, 0x00000006, 0x00000007, 0x00030016, 0x0000000C, 0x00000020, 0x00050021, 0x0000000D,
  0x0000000C, 0x00000007, 0x00000007, 0x0004002B, 0x00000006, 0x00000024, 0x00008000, 0x00040015,
  0x00000026, 0x00000020, 0x00000001, 0x0004002B, 0x00000026, 0x00000027, 0x00000010, 0x0004002B,
  0x00000026, 0x0000002B, 0x0000000A, 0x0004002B, 0x00000006, 0x0000002D, 0x0000001F, 0x0004002B,
  0x00000006, 0x00000031, 0x000003FF, 0x0004002B, 0x00000006, 0x00000034, 0x00000000, 0x00020014,
  0x00000035, 0x0004002B, 0x00000006, 0x00000041, 0x00000071, 0x0004002B, 0x00000006, 0x0000004A,
  0x00000400, 0x0004002B, 0x00000006, 0x0000004D, 0x00000001, 0x0004002B, 0x00000026, 0x00000054,
  0x00000017, 0x0004002B, 0x00000026, 0x00000059, 0x0000000D, 0x0004002B, 0x00000006, 0x00000062,
  0x7F800000, 0x0004002B, 0x00000006, 0x0000006A, 0x0000000F, 0x0004002B, 0x00000006, 0x0000006C,
  0x0000007F, 0x0004002B, 0x00000026, 0x00000078, 0x00000004, 0x00040020, 0x0000007D, 0x00000007,
  0x0000000C, 0x00040015, 0x0000007F, 0x00000008, 0x00000000, 0x0003001D, 0x00000080, 0x0000007F,
  0x0003001E, 0x00000081, 0x00000080, 0x00040020, 0x00000082, 0x0000000C, 0x00000081, 0x0004003B,
  0x00000082, 0x00000083, 0x0000000C, 0x0004002B, 0x00000026, 0x00000084, 0x00000000, 0x0004002B,
  0x00000006, 0x00000086, 0x00000050, 0x00040020, 0x00000088, 0x0000000C, 0x0000007F, 0x0004002B,
  0x00000006, 0x0000008D, 0x00000051, 0x0004002B, 0x00000026, 0x00000092, 0x00000008, 0x0004002B,
  0x00000006, 0x0000009A, 0x00000052, 0x0004002B, 0x00000006, 0x000000A0, 0x00000053, 0x0004002B,
  0x00000026, 0x000000BF, 0x00000003, 0x0004002B, 0x00000006, 0x000000C1, 0x00000020, 0x0004002B,
  0x00000006, 0x000000C5, 0x00000010, 0x0004002B, 0x00000026, 0x000000D2, 0x00000001, 0x0004002B,
  0x00000006, 0x000000D4, 0x00000003, 0x0004002B, 0x00000006, 0x000000D6, 0x00000002, 0x0004002B,
  0x0000000C, 0x0000010E, 0x41000000, 0x0004002B, 0x00000026, 0x00000138, 0x00000005, 0x0004002B,
  0x00000006, 0x0000013F, 0x00000004, 0x0004002B, 0x00000006, 0x0000014C, 0x0000003F, 0x0004002B,
  0x00000026, 0x00000166, 0x00000006, 0x0004002B, 0x00000006, 0x000001F2, 0x00000030, 0x0004002B,
  0x00000026, 0x0000025C, 0x00000007, 0x0004002B, 0x00000006, 0x00000264, 0x00000040, 0x0004002B,
  0x00000006, 0x00000269, 0x00000080, 0x0004002B, 0x00000006, 0x00000270, 0x000000C0, 0x0004002B,
  0x00000006, 0x00000273, 0x00000008, 0x0004002B, 0x00000006, 0x00000278, 0x000000D0, 0x0004002B,
  0x00000006, 0x0000027E, 0x000000D1, 0x0004002B, 0x00000026, 0x000002C0, 0x00000002, 0x0004002B,
  0x00000006, 0x000002F5, 0x00000006, 0x00040020, 0x000002FA, 0x00000007, 0x00000026, 0x0004002B,
  0x00000026, 0x00000303, 0x00000100, 0x0004002B, 0x0000000C, 0x0000030F, 0x42000000, 0x00040017,
  0x00000315, 0x00000006, 0x00000003, 0x00040020, 0x00000316, 0x00000001, 0x00000315, 0x0004003B,
  0x00000316, 0x00000317, 0x00000001, 0x00040020, 0x00000318, 0x00000001, 0x00000006, 0x0004002B,
  0x00000006, 0x0000031B, 0x00000100, 0x0004003B, 0x00000318, 0x0000031D, 0x00000001, 0x0005001E,
  0x00000321, 0x00000026, 0x00000026, 0x00000026, 0x00040020, 0x00000322, 0x00000009, 0x00000321,
  0x0004003B, 0x00000322, 0x00000323, 0x00000009, 0x00040020, 0x00000324, 0x00000009, 0x00000026,
  0x00040015, 0x00000339, 0x00000040, 0x00000001, 0x0003001D, 0x0000033A, 0x00000339, 0x0003001E,
  0x0000033B, 0x0000033A, 0x00040020, 0x0000033C, 0x0000000C, 0x0000033B, 0x0004003B, 0x0000033C,
  0x0000033D, 0x0000000C, 0x00040020, 0x0000033F, 0x0000000C, 0x00000339, 0x0004002B, 0x00000006,
  0x00000351, 0x00000012, 0x0004002B, 0x00000006, 0x00000359, 0x00000054, 0x0004002B, 0x00000026,
  0x0000035D, 0x0000000C, 0x0004002B, 0x00000006, 0x00000362, 0x00000090, 0x0004002B, 0x00000006,
  0x00000367, 0x000000B0, 0x0004002B, 0x00000006, 0x00000368, 0x000000D2, 0x0004002B, 0x00000006,
  0x00000385, 0x000000FF, 0x0003001D, 0x00000388, 0x0000000C, 0x0003001E, 0x00000389, 0x00000388,
  0x00040020, 0x0000038A, 0x0000000C, 0x00000389, 0x0004003B, 0x0000038A, 0x0000038B, 0x0000000C,
  0x00040020, 0x000003D0, 0x0000000C, 0x0000000C, 0x0006002C, 0x00000315, 0x000003D2, 0x0000031B,
  0x0000004D, 0x0000004D, 0x00050036, 0x00000002, 0x00000004, 0x00000000, 0x00000003, 0x000200F8,
  0x00000005, 0x0004003B, 0x00000007, 0x00000314, 0x00000007, 0x0004003B, 0x00000007, 0x0000032C,
  0x00000007, 0x0004003B, 0x00000007, 0x00000332, 0x00000007, 0x0004003B, 0x00000007, 0x00000338,
  0x00000007, 0x0004003B, 0x00000007, 0x0000034A, 0x00000007, 0x0004003B, 0x00000007, 0x0000034E,
  0x00000007, 0x0004003B, 0x00000007, 0x00000356, 0x00000007, 0x0004003B, 0x00000007, 0x0000035F,
  0x00000007, 0x0004003B, 0x00000007, 0x0000036D, 0x00000007, 0x0004003B, 0x00000007, 0x00000371,
  0x00000007, 0x0004003B, 0x00000007, 0x0000037A, 0x00000007, 0x0004003B, 0x00000007, 0x0000037E,
  0x00000007, 0x0004003B, 0x0000007D, 0x00000390, 0x00000007, 0x0004003B, 0x00000007, 0x00000396,
  0x00000007, 0x0004003B, 0x00000007, 0x00000397, 0x00000007, 0x0004003B, 0x0000007D, 0x0000039E,
  0x00000007, 0x0004003B, 0x00000007, 0x000003A4, 0x00000007, 0x0004003B, 0x00000007, 0x000003A5,
  0x00000007, 0x0004003B, 0x0000007D, 0x000003AC, 0x00000007, 0x0004003B, 0x00000007, 0x000003B2,
  0x00000007, 0x0004003B, 0x00000007, 0x000003B3, 0x00000007, 0x0004003B, 0x0000007D, 0x000003BA,
  0x00000007, 0x0004003B, 0x00000007, 0x000003C0, 0x00000007, 0x0004003B, 0x00000007, 0x000003C1,
  0x00000007, 0x0004003B, 0x00000007, 0x000003C8, 0x00000007, 0x0004003B, 0x00000007, 0x000003C9,
  0x00000007, 0x00050041, 0x00000318, 0x00000319, 0x00000317, 0x00000034, 0x0004003D, 0x00000006,
  0x0000031A, 0x00000319, 0x00050084, 0x00000006, 0x0000031C, 0x0000031A, 0x0000031B, 0x0004003D,
  0x00000006, 0x0000031E, 0x0000031D, 0x00050080, 0x00000006, 0x0000031F, 0x0000031C, 0x0000031E,
  0x0003003E, 0x00000314, 0x0000031F, 0x0004003D, 0x00000006, 0x00000320, 0x00000314, 0x00050041,
  0x00000324, 0x00000325, 0x00000323, 0x000000D2, 0x0004003D, 0x00000026, 0x00000326, 0x00000325,
  0x0004007C, 0x00000006, 0x00000327, 0x00000326, 0x000500AE, 0x00000035, 0x00000328, 0x00000320,
  0x00000327, 0x000300F7, 0x0000032A, 0x00000000, 0x000400FA, 0x00000328, 0x00000329, 0x0000032A,
  0x000200F8, 0x00000329, 0x000100FD, 0x000200F8, 0x0000032A, 0x0004003D, 0x00000006, 0x0000032D,
  0x00000314, 0x00050041, 0x00000324, 0x0000032E, 0x00000323, 0x00000084, 0x0004003D, 0x00000026,
  0x0000032F, 0x0000032E, 0x0004007C, 0x00000006, 0x00000330, 0x0000032F, 0x00050086, 0x00000006,
  0x00000331, 0x0000032D, 0x00000330, 0x0003003E, 0x0000032C, 0x00000331, 0x0004003D, 0x00000006,
  0x00000333, 0x00000314, 0x00050041, 0x00000324, 0x00000334, 0x00000323, 0x00000084, 0x0004003D,
  0x00000026, 0x00000335, 0x00000334, 0x0004007C, 0x00000006, 0x00000336, 0x00000335, 0x00050089,
  0x00000006, 0x00000337, 0x00000333, 0x00000336, 0x0003003E, 0x00000332, 0x00000337, 0x0004003D,
  0x00000006, 0x0000033E, 0x0000032C, 0x00060041, 0x0000033F, 0x00000340, 0x0000033D, 0x00000084,
  0x0000033E, 0x0004003D, 0x00000339, 0x00000341, 0x00000340, 0x00040072, 0x00000026, 0x00000342,
  0x00000341, 0x0004007C, 0x00000006, 0x00000343, 0x00000342, 0x00050041, 0x00000324, 0x00000344,
  0x00000323, 0x00000084, 0x0004003D, 0x00000026, 0x00000345, 0x00000344, 0x0004007C, 0x00000006,
  0x00000346, 0x00000345, 0x00050084, 0x00000006, 0x00000347, 0x00000343, 0x00000346, 0x0004003D,
  0x00000006, 0x00000348, 0x00000332, 0x00050080, 0x00000006, 0x00000349, 0x00000347, 0x00000348,
  0x0003003E, 0x00000338, 0x00000349, 0x00050041, 0x00000324, 0x0000034B, 0x00000323, 0x000002C0,
  0x0004003D, 0x00000026, 0x0000034C, 0x0000034B, 0x000500AA, 0x00000035, 0x0000034D, 0x0000034C,
  0x000002C0, 0x000300F7, 0x00000350, 0x00000000, 0x000400FA, 0x0000034D, 0x0000034F, 0x00000352,
  0x000200F8, 0x0000034F, 0x0003003E, 0x0000034E, 0x00000351, 0x000200F9, 0x00000350, 0x000200F8,
  0x00000352, 0x00050041, 0x00000324, 0x00000353, 0x00000323, 0x000002C0, 0x0004003D, 0x00000026,
  0x00000354, 0x00000353, 0x000500AA, 0x00000035, 0x00000355, 0x00000354, 0x0000002B, 0x000300F7,
  0x00000358, 0x00000000, 0x000400FA, 0x00000355, 0x00000357, 0x0000035A, 0x000200F8, 0x00000357,
  0x0003003E, 0x00000356, 0x00000359, 0x000200F9, 0x00000358, 0x000200F8, 0x0000035A, 0x00050041,
  0x00000324, 0x0000035B, 0x00000323, 0x000002C0, 0x0004003D, 0x00000026, 0x0000035C, 0x0000035B,
  0x000500AA, 0x00000035, 0x0000035E, 0x0000035C, 0x0000035D, 0x000300F7, 0x00000361, 0x00000000,
  0x000400FA, 0x0000035E, 0x00000360, 0x00000363, 0x000200F8, 0x00000360, 0x0003003E, 0x0000035F,
  0x00000362, 0x000200F9, 0x00000361, 0x000200F8, 0x00000363, 0x00050041, 0x00000324, 0x00000364,
  0x00000323, 0x000002C0, 0x0004003D, 0x00000026, 0x00000365, 0x00000364, 0x000500AA, 0x00000035,
  0x00000366, 0x00000365, 0x00000059, 0x000600A9, 0x00000006, 0x00000369, 0x00000366, 0x00000367,
  0x00000368, 0x0003003E, 0x0000035F, 0x00000369, 0x000200F9, 0x00000361, 0x000200F8, 0x00000361,
  0x0004003D, 0x00000006, 0x0000036A, 0x0000035F, 0x0003003E, 0x00000356, 0x0000036A, 0x000200F9,
  0x00000358, 0x000200F8, 0x00000358, 0x0004003D, 0x00000006, 0x0000036B, 0x00000356, 0x0003003E,
  0x0000034E, 0x0000036B, 0x000200F9, 0x00000350, 0x000200F8, 0x00000350, 0x0004003D, 0x00000006,
  0x0000036C, 0x0000034E, 0x0003003E, 0x0000034A, 0x0000036C, 0x00050041, 0x00000324, 0x0000036E,
  0x00000323, 0x000002C0, 0x0004003D, 0x00000026, 0x0000036F, 0x0000036E, 0x000500AA, 0x00000035,
  0x00000370, 0x0000036F, 0x000002C0, 0x000300F7, 0x00000373, 0x00000000, 0x000400FA, 0x00000370,
  0x00000372, 0x00000376, 0x000200F8, 0x00000372, 0x0004003D, 0x00000006, 0x00000374, 0x00000338,
  0x000500C2, 0x00000006, 0x00000375, 0x00000374, 0x00000138, 0x0003003E, 0x00000371, 0x00000375,
  0x000200F9, 0x00000373, 0x000200F8, 0x00000376, 0x0004003D, 0x00000006, 0x00000377, 0x00000338,
  0x000500C2, 0x00000006, 0x00000378, 0x00000377, 0x00000092, 0x0003003E, 0x00000371, 0x00000378,
  0x000200F9, 0x00000373, 0x000200F8, 0x00000373, 0x0004003D, 0x00000006, 0x00000379, 0x00000371,
  0x0003003E, 0x0000036D, 0x00000379, 0x00050041, 0x00000324, 0x0000037B, 0x00000323, 0x000002C0,
  0x0004003D, 0x00000026, 0x0000037C, 0x0000037B, 0x000500AA, 0x00000035, 0x0000037D, 0x0000037C,
  0x000002C0, 0x000300F7, 0x00000380, 0x00000000, 0x000400FA, 0x0000037D, 0x0000037F, 0x00000383,
  0x000200F8, 0x0000037F, 0x0004003D, 0x00000006, 0x00000381, 0x00000338, 0x000500C7, 0x00000006,
  0x00000382, 0x00000381, 0x0000002D, 0x0003003E, 0x0000037E, 0x00000382, 0x000200F9, 0x00000380,
  0x000200F8, 0x00000383, 0x0004003D, 0x00000006, 0x00000384, 0x00000338, 0x000500C7, 0x00000006,
  0x00000386, 0x00000384, 0x00000385, 0x0003003E, 0x0000037E, 0x00000386, 0x000200F9, 0x00000380,
  0x000200F8, 0x00000380, 0x0004003D, 0x00000006, 0x00000387, 0x0000037E, 0x0003003E, 0x0000037A,
  0x00000387, 0x0004003D, 0x00000006, 0x0000038C, 0x00000314, 0x00050041, 0x00000324, 0x0000038D,
  0x00000323, 0x000002C0, 0x0004003D, 0x00000026, 0x0000038E, 0x0000038D, 0x000500AA, 0x00000035,
  0x0000038F, 0x0000038E, 0x000002C0, 0x000300F7, 0x00000392, 0x00000000, 0x000400FA, 0x0000038F,
  0x00000391, 0x0000039A, 0x000200F8, 0x00000391, 0x0004003D, 0x00000006, 0x00000393, 0x0000036D,
  0x0004003D, 0x00000006, 0x00000394, 0x0000034A, 0x00050084, 0x00000006, 0x00000395, 0x00000393,
  0x00000394, 0x0003003E, 0x00000396, 0x00000395, 0x0004003D, 0x00000006, 0x00000398, 0x0000037A,
  0x0003003E, 0x00000397, 0x00000398, 0x00060039, 0x0000000C, 0x00000399, 0x00000014, 0x00000396,
  0x00000397, 0x0003003E, 0x00000390, 0x00000399, 0x000200F9, 0x00000392, 0x000200F8, 0x0000039A,
  0x00050041, 0x00000324, 0x0000039B, 0x00000323, 0x000002C0, 0x0004003D, 0x00000026, 0x0000039C,
  0x0000039B, 0x000500AA, 0x00000035, 0x0000039D, 0x0000039C, 0x0000002B, 0x000300F7, 0x000003A0,
  0x00000000, 0x000400FA, 0x0000039D, 0x0000039F, 0x000003A8, 0x000200F8, 0x0000039F, 0x0004003D,
  0x00000006, 0x000003A1, 0x0000036D, 0x0004003D, 0x00000006, 0x000003A2, 0x0000034A, 0x00050084,
  0x00000006, 0x000003A3, 0x000003A1, 0x000003A2, 0x0003003E, 0x000003A4, 0x000003A3, 0x0004003D,
  0x00000006, 0x000003A6, 0x0000037A, 0x0003003E, 0x000003A5, 0x000003A6, 0x00060039, 0x0000000C,
  0x000003A7, 0x00000010, 0x000003A4, 0x000003A5, 0x0003003E, 0x0000039E, 0x000003A7, 0x000200F9,
  0x000003A0, 0x000200F8, 0x000003A8, 0x00050041, 0x00000324, 0x000003A9, 0x00000323, 0x000002C0,
  0x0004003D, 0x00000026, 0x000003AA, 0x000003A9, 0x000500AA, 0x00000035, 0x000003AB, 0x000003AA,
  0x0000035D, 0x000300F7, 0x000003AE, 0x00000000, 0x000400FA, 0x000003AB, 0x000003AD, 0x000003B6,
  0x000200F8, 0x000003AD, 0x0004003D, 0x00000006, 0x000003AF, 0x0000036D, 0x0004003D, 0x00000006,
  0x000003B0, 0x0000034A, 0x00050084, 0x00000006, 0x000003B1, 0x000003AF, 0x000003B0, 0x0003003E,
  0x000003B2, 0x000003B1, 0x0004003D, 0x00000006, 0x000003B4, 0x0000037A, 0x0003003E, 0x000003B3,
  0x000003B4, 0x00060039, 0x0000000C, 0x000003B5, 0x00000018, 0x000003B2, 0x000003B3, 0x0003003E,
  0x000003AC, 0x000003B5, 0x000200F9, 0x000003AE, 0x000200F8, 0x000003B6, 0x00050041, 0x00000324,
  0x000003B7, 0x00000323, 0x000002C0, 0x0004003D, 0x00000026, 0x000003B8, 0x000003B7, 0x000500AA,
  0x00000035, 0x000003B9, 0x000003B8, 0x00000059, 0x000300F7, 0x000003BC, 0x00000000, 0x000400FA,
  0x000003B9, 0x000003BB, 0x000003C4, 0x000200F8, 0x000003BB, 0x0004003D, 0x00000006, 0x000003BD,
  0x0000036D, 0x0004003D, 0x00000006, 0x000003BE, 0x0000034A, 0x00050084, 0x00000006, 0x000003BF,
  0x000003BD, 0x000003BE, 0x0003003E, 0x000003C0, 0x000003BF, 0x0004003D, 0x00000006, 0x000003C2,
  0x0000037A, 0x0003003E, 0x000003C1, 0x000003C2, 0x00060039, 0x0000000C, 0x000003C3, 0x0000001C,
  0x000003C0, 0x000003C1, 0x0003003E, 0x000003BA, 0x000003C3, 0x000200F9, 0x000003BC, 0x000200F8,
  0x000003C4, 0x0004003D, 0x00000006, 0x000003C5, 0x0000036D, 0x0004003D, 0x00000006, 0x000003C6,
  0x0000034A, 0x00050084, 0x00000006, 0x000003C7, 0x000003C5, 0x000003C6, 0x0003003E, 0x000003C8,
  0x000003C7, 0x0004003D, 0x00000006, 0x000003CA, 0x0000037A, 0x0003003E, 0x000003C9, 0x000003CA,
  0x00060039, 0x0000000C, 0x000003CB, 0x00000020, 0x000003C8, 0x000003C9, 0x0003003E, 0x000003BA,
  0x000003CB, 0x000200F9, 0x000003BC, 0x000200F8, 0x000003BC, 0x0004003D, 0x0000000C, 0x000003CC,
  0x000003BA, 0x0003003E, 0x000003AC, 0x000003CC, 0x000200F9, 0x000003AE, 0x000200F8, 0x000003AE,
  0x0004003D, 0x0000000C, 0x000003CD, 0x000003AC, 0x0003003E, 0x0000039E, 0x000003CD, 0x000200F9,
  0x000003A0, 0x000200F8, 0x000003A0, 0x0004003D, 0x0000000C, 0x000003CE, 0x0000039E, 0x0003003E,
  0x00000390, 0x000003CE, 0x000200F9, 0x00000392, 0x000200F8, 0x00000392, 0x0004003D, 0x0000000C,
  0x000003CF, 0x00000390, 0x00060041, 0x000003D0, 0x000003D1, 0x0000038B, 0x00000084, 0x0000038C,
  0x0003003E, 0x000003D1, 0x000003CF, 0x000100FD, 0x00010038, 0x00050036, 0x00000006, 0x0000000A,
  0x00000000, 0x00000008, 0x00030037, 0x00000007, 0x00000009, 0x000200F8, 0x0000000B, 0x0004003B,
  0x00000007, 0x00000022, 0x00000007, 0x0004003B, 0x00000007, 0x00000029, 0x00000007, 0x0004003B,
  0x00000007, 0x0000002F, 0x00000007, 0x0004003B, 0x00000007, 0x0000003D, 0x00000007, 0x0004003B,
  0x00000007, 0x00000040, 0x00000007, 0x0004003B, 0x00000007, 0x00000042, 0x00000007, 0x0004003D,
  0x00000006, 0x00000023, 0x00000009, 0x000500C7, 0x00000006, 0x00000025, 0x00000023, 0x00000024,
  0x000500C4, 0x00000006, 0x00000028, 0x00000025, 0x00000027, 0x0003003E, 0x00000022, 0x00000028,
  0x0004003D, 0x00000006, 0x0000002A, 0x00000009, 0x000500C2, 0x00000006, 0x0000002C, 0x0000002A,
  0x0000002B, 0x000500C7, 0x00000006, 0x0000002E, 0x0000002C, 0x0000002D, 0x0003003E, 0x00000029,
  0x0000002E, 0x0004003D, 0x00000006, 0x00000030, 0x00000009, 0x000500C7, 0x00000006, 0x00000032,
  0x00000030, 0x00000031, 0x0003003E, 0x0000002F, 0x00000032, 0x0004003D, 0x00000006, 0x00000033,
  0x00000029, 0x000500AA, 0x00000035, 0x00000036, 0x00000033, 0x00000034, 0x000300F7, 0x00000038,
  0x00000000, 0x000400FA, 0x00000036, 0x00000037, 0x0000005C, 0x000200F8, 0x00000037, 0x0004003D,
  0x00000006, 0x00000039, 0x0000002F, 0x000500AA, 0x00000035, 0x0000003A, 0x00000039, 0x00000034,
  0x000300F7, 0x0000003C, 0x00000000, 0x000400FA, 0x0000003A, 0x0000003B, 0x0000003F, 0x000200F8,
  0x0000003B, 0x0004003D, 0x00000006, 0x0000003E, 0x00000022, 0x0003003E, 0x0000003D, 0x0000003E,
  0x000200F9, 0x0000003C, 0x000200F8, 0x0000003F, 0x0003003E, 0x00000040, 0x00000041, 0x0004003D,
  0x00000006, 0x00000043, 0x0000002F, 0x0003003E, 0x00000042, 0x00000043, 0x000200F9, 0x00000044,
  0x000200F8, 0x00000044, 0x000400F6, 0x00000046, 0x00000047, 0x00000000, 0x000200F9, 0x00000048,
  0x000200F8, 0x00000048, 0x0004003D, 0x00000006, 0x00000049, 0x00000042, 0x000500C7, 0x00000006,
  0x0000004B, 0x00000049, 0x0000004A, 0x000500AA, 0x00000035, 0x0000004C, 0x0000004B, 0x00000034,
  0x000400FA, 0x0000004C, 0x00000045, 0x00000046, 0x000200F8, 0x00000045, 0x0004003D, 0x00000006,
  0x0000004E, 0x00000042, 0x000500C4, 0x00000006, 0x0000004F, 0x0000004E, 0x0000004D, 0x0003003E,
  0x00000042, 0x0000004F, 0x0004003D, 0x00000006, 0x00000050, 0x00000040, 0x00050082, 0x00000006,
  0x00000051, 0x00000050, 0x0000004D, 0x0003003E, 0x00000040, 0x00000051, 0x000200F9, 0x00000047,
  0x000200F8, 0x00000047, 0x000200F9, 0x00000044, 0x000200F8, 0x00000046, 0x0004003D, 0x00000006,
  0x00000052, 0x00000022, 0x0004003D, 0x00000006, 0x00000053, 0x00000040, 0x000500C4, 0x00000006,
  0x00000055, 0x00000053, 0x00000054, 0x000500C5, 0x00000006, 0x00000056, 0x00000052, 0x00000055,
  0x0004003D, 0x00000006, 0x00000057, 0x00000042, 0x000500C7, 0x00000006, 0x00000058, 0x00000057,
  0x00000031, 0x000500C4, 0x00000006, 0x0000005A, 0x00000058, 0x00000059, 0x000500C5, 0x00000006,
  0x0000005B, 0x00000056, 0x0000005A, 0x0003003E, 0x0000003D, 0x0000005B, 0x000200F9, 0x0000003C,
  0x000200F8, 0x0000003C, 0x000200F9, 0x00000038, 0x000200F8, 0x0000005C, 0x0004003D, 0x00000006,
  0x0000005D, 0x00000029, 0x000500AA, 0x00000035, 0x0000005E, 0x0000005D, 0x0000002D, 0x000300F7,
  0x00000060, 0x00000000, 0x000400FA, 0x0000005E, 0x0000005F, 0x00000067, 0x000200F8, 0x0000005F,
  0x0004003D, 0x00000006, 0x00000061, 0x00000022, 0x000500C5, 0x00000006, 0x00000063, 0x00000061,
  0x00000062, 0x0004003D, 0x00000006, 0x00000064, 0x0000002F, 0x000500C4, 0x00000006, 0x00000065,
  0x00000064, 0x00000059, 0x000500C5, 0x00000006, 0x00000066, 0x00000063, 0x00000065, 0x0003003E,
  0x0000003D, 0x00000066, 0x000200F9, 0x00000060, 0x000200F8, 0x00000067, 0x0004003D, 0x00000006,
  0x00000068, 0x00000022, 0x0004003D, 0x00000006, 0x00000069, 0x00000029, 0x00050082, 0x00000006,
  0x0000006B, 0x00000069, 0x0000006A, 0x00050080, 0x00000006, 0x0000006D, 0x0000006B, 0x0000006C,
  0x000500C4, 0x00000006, 0x0000006E, 0x0000006D, 0x00000054, 0x000500C5, 0x00000006, 0x0000006F,
  0x00000068, 0x0000006E, 0x0004003D, 0x00000006, 0x00000070, 0x0000002F, 0x000500C4, 0x00000006,
  0x00000071, 0x00000070, 0x00000059, 0x000500C5, 0x00000006, 0x00000072, 0x0000006F, 0x00000071,
  0x0003003E, 0x0000003D, 0x00000072, 0x000200F9, 0x00000060, 0x000200F8, 0x00000060, 0x000200F9,
  0x00000038, 0x000200F8, 0x00000038, 0x0004003D, 0x00000006, 0x00000073, 0x0000003D, 0x000200FE,
  0x00000073, 0x00010038, 0x00050036, 0x0000000C, 0x00000010, 0x00000000, 0x0000000D, 0x00030037,
  0x00000007, 0x0000000E, 0x00030037, 0x00000007, 0x0000000F, 0x000200F8, 0x00000011, 0x0004003B,
  0x00000007, 0x00000076, 0x00000007, 0x0004003B, 0x00000007, 0x0000007A, 0x00000007, 0x0004003B,
  0x0000007D, 0x0000007E, 0x00000007, 0x0004003B, 0x00000007, 0x00000095, 0x00000007, 0x0004003B,
  0x0000007D, 0x00000098, 0x00000007, 0x0004003B, 0x00000007, 0x000000A7, 0x00000007, 0x0004003B,
  0x00000007, 0x000000AA, 0x00000007, 0x0004003B, 0x0000007D, 0x000000B1, 0x00000007, 0x0004003B,
  0x0000007D, 0x000000B7, 0x00000007, 0x0004003B, 0x00000007, 0x000000BD, 0x00000007, 0x0004003B,
  0x00000007, 0x000000CA, 0x00000007, 0x0004003D, 0x00000006, 0x00000077, 0x0000000F, 0x000500C2,
  0x00000006, 0x00000079, 0x00000077, 0x00000078, 0x0003003E, 0x00000076, 0x00000079, 0x0004003D,
  0x00000006, 0x0000007B, 0x0000000F, 0x000500C7, 0x00000006, 0x0000007C, 0x0000007B, 0x0000006A,
  0x0003003E, 0x0000007A, 0x0000007C, 0x0004003D, 0x00000006, 0x00000085, 0x0000000E, 0x00050080,
  0x00000006, 0x00000087, 0x00000085, 0x00000086, 0x00060041, 0x00000088, 0x00000089, 0x00000083,
  0x00000084, 0x00000087, 0x0004003D, 0x0000007F, 0x0000008A, 0x00000089, 0x00040071, 0x00000006,
  0x0000008B, 0x0000008A, 0x0004003D, 0x00000006, 0x0000008C, 0x0000000E, 0x00050080, 0x00000006,
  0x0000008E, 0x0000008C, 0x0000008D, 0x00060041, 0x00000088, 0x0000008F, 0x00000083, 0x00000084,
  0x0000008E, 0x0004003D, 0x0000007F, 0x00000090, 0x0000008F, 0x00040071, 0x00000006, 0x00000091,
  0x00000090, 0x000500C4, 0x00000006, 0x00000093, 0x00000091, 0x00000092, 0x000500C5, 0x00000006,
  0x00000094, 0x0000008B, 0x00000093, 0x0003003E, 0x00000095, 0x00000094, 0x00050039, 0x00000006,
  0x00000096, 0x0000000A, 0x00000095, 0x0004007C, 0x0000000C, 0x00000097, 0x00000096, 0x0003003E,
  0x0000007E, 0x00000097, 0x0004003D, 0x00000006, 0x00000099, 0x0000000E, 0x00050080, 0x00000006,
  0x0000009B, 0x00000099, 0x0000009A, 0x00060041, 0x00000088, 0x0000009C, 0x00000083, 0x00000084,
  0x0000009B, 0x0004003D, 0x0000007F, 0x0000009D, 0x0000009C, 0x00040071, 0x00000006, 0x0000009E,
  0x0000009D, 0x0004003D, 0x00000006, 0x0000009F, 0x0000000E, 0x00050080, 0x00000006, 0x000000A1,
  0x0000009F, 0x000000A0, 0x00060041, 0x00000088, 0x000000A2, 0x00000083, 0x00000084, 0x000000A1,
  0x0004003D, 0x0000007F, 0x000000A3, 0x000000A2, 0x00040071, 0x00000006, 0x000000A4, 0x000000A3,
  0x000500C4, 0x00000006, 0x000000A5, 0x000000A4, 0x00000092, 0x000500C5, 0x00000006, 0x000000A6,
  0x0000009E, 0x000000A5, 0x0003003E, 0x000000A7, 0x000000A6, 0x00050039, 0x00000006, 0x000000A8,
  0x0000000A, 0x000000A7, 0x0004007C, 0x0000000C, 0x000000A9, 0x000000A8, 0x0003003E, 0x00000098,
  0x000000A9, 0x0004003D, 0x00000006, 0x000000AB, 0x0000000E, 0x0004003D, 0x00000006, 0x000000AC,
  0x00000076, 0x00050080, 0x00000006, 0x000000AD, 0x000000AB, 0x000000AC, 0x00060041, 0x00000088,
  0x000000AE, 0x00000083, 0x00000084, 0x000000AD, 0x0004003D, 0x0000007F, 0x000000AF, 0x000000AE,
  0x00040071, 0x00000006, 0x000000B0, 0x000000AF, 0x0003003E, 0x000000AA, 0x000000B0, 0x0004003D,
  0x0000000C, 0x000000B2, 0x0000007E, 0x0004003D, 0x00000006, 0x000000B3, 0x000000AA, 0x000500C7,
  0x00000006, 0x000000B4, 0x000000B3, 0x0000006A, 0x00040070, 0x0000000C, 0x000000B5, 0x000000B4,
  0x00050085, 0x0000000C, 0x000000B6, 0x000000B2, 0x000000B5, 0x0003003E, 0x000000B1, 0x000000B6,
  0x0004003D, 0x0000000C, 0x000000B8, 0x00000098, 0x0004003D, 0x00000006, 0x000000B9, 0x000000AA,
  0x000500C2, 0x00000006, 0x000000BA, 0x000000B9, 0x00000078, 0x00040070, 0x0000000C, 0x000000BB,
  0x000000BA, 0x00050085, 0x0000000C, 0x000000BC, 0x000000B8, 0x000000BB, 0x0003003E, 0x000000B7,
  0x000000BC, 0x0004003D, 0x00000006, 0x000000BE, 0x00000076, 0x000500C2, 0x00000006, 0x000000C0,
  0x000000BE, 0x000000BF, 0x00050084, 0x00000006, 0x000000C2, 0x000000C0, 0x000000C1, 0x0004003D,
  0x00000006, 0x000000C3, 0x00000076, 0x000500C7, 0x00000006, 0x000000C4, 0x000000C3, 0x0000004D,
  0x00050084, 0x00000006, 0x000000C6, 0x000000C4, 0x000000C5, 0x00050080, 0x00000006, 0x000000C7,
  0x000000C2, 0x000000C6, 0x0004003D, 0x00000006, 0x000000C8, 0x0000007A, 0x00050080, 0x00000006,
  0x000000C9, 0x000000C7, 0x000000C8, 0x0003003E, 0x000000BD, 0x000000C9, 0x0004003D, 0x00000006,
  0x000000CB, 0x0000000E, 0x00050080, 0x00000006, 0x000000CC, 0x000000CB, 0x000000C5, 0x0004003D,
  0x00000006, 0x000000CD, 0x000000BD, 0x00050080, 0x00000006, 0x000000CE, 0x000000CC, 0x000000CD,
  0x00060041, 0x00000088, 0x000000CF, 0x00000083, 0x00000084, 0x000000CE, 0x0004003D, 0x0000007F,
  0x000000D0, 0x000000CF, 0x0004003D, 0x00000006, 0x000000D1, 0x00000076, 0x000500C2, 0x00000006,
  0x000000D3, 0x000000D1, 0x000000D2, 0x000500C7, 0x00000006, 0x000000D5, 0x000000D3, 0x000000D4,
  0x00050084, 0x00000006, 0x000000D7, 0x000000D5, 0x000000D6, 0x000500C2, 0x0000007F, 0x000000D8,
  0x000000D0, 0x000000D7, 0x00040071, 0x00000006, 0x000000D9, 0x000000D8, 0x000500C7, 0x00000006,
  0x000000DA, 0x000000D9, 0x000000D4, 0x0003003E, 0x000000CA, 0x000000DA, 0x0004003D, 0x0000000C,
  0x000000DB, 0x000000B1, 0x0004003D, 0x00000006, 0x000000DC, 0x000000CA, 0x00040070, 0x0000000C,
  0x000000DD, 0x000000DC, 0x00050085, 0x0000000C, 0x000000DE, 0x000000DB, 0x000000DD, 0x0004003D,
  0x0000000C, 0x000000DF, 0x000000B7, 0x00050083, 0x0000000C, 0x000000E0, 0x000000DE, 0x000000DF,
  0x000200FE, 0x000000E0, 0x00010038, 0x00050036, 0x0000000C, 0x00000014, 0x00000000, 0x0000000D,
  0x00030037, 0x00000007, 0x00000012, 0x00030037, 0x00000007, 0x00000013, 0x000200F8, 0x00000015,
  0x0004003B, 0x0000007D, 0x000000E3, 0x00000007, 0x0004003B, 0x00000007, 0x000000EF, 0x00000007,
  0x0004003B, 0x00000007, 0x000000F2, 0x00000007, 0x0004003B, 0x00000007, 0x000000F5, 0x00000007,
  0x0004003D, 0x00000006, 0x000000E4, 0x00000012, 0x00060041, 0x00000088, 0x000000E5, 0x00000083,
  0x00000084, 0x000000E4, 0x0004003D, 0x0000007F, 0x000000E6, 0x000000E5, 0x00040071, 0x00000006,
  0x000000E7, 0x000000E6, 0x0004003D, 0x00000006, 0x000000E8, 0x00000012, 0x00050080, 0x00000006,
  0x000000E9, 0x000000E8, 0x0000004D, 0x00060041, 0x00000088, 0x000000EA, 0x00000083, 0x00000084,
  0x000000E9, 0x0004003D, 0x0000007F, 0x000000EB, 0x000000EA, 0x00040071, 0x00000006, 0x000000EC,
  0x000000EB, 0x000500C4, 0x00000006, 0x000000ED, 0x000000EC, 0x00000092, 0x000500C5, 0x00000006,
  0x000000EE, 0x000000E7, 0x000000ED, 0x0003003E, 0x000000EF, 0x000000EE, 0x00050039, 0x00000006,
  0x000000F0, 0x0000000A, 0x000000EF, 0x0004007C, 0x0000000C, 0x000000F1, 0x000000F0, 0x0003003E,
  0x000000E3, 0x000000F1, 0x0004003D, 0x00000006, 0x000000F3, 0x00000013, 0x000500B0, 0x00000035,
  0x000000F4, 0x000000F3, 0x000000C5, 0x000300F7, 0x000000F7, 0x00000000, 0x000400FA, 0x000000F4,
  0x000000F6, 0x00000100, 0x000200F8, 0x000000F6, 0x0004003D, 0x00000006, 0x000000F8, 0x00000012,
  0x00050080, 0x00000006, 0x000000F9, 0x000000F8, 0x000000D6, 0x0004003D, 0x00000006, 0x000000FA,
  0x00000013, 0x00050080, 0x00000006, 0x000000FB, 0x000000F9, 0x000000FA, 0x00060041, 0x00000088,
  0x000000FC, 0x00000083, 0x00000084, 0x000000FB, 0x0004003D, 0x0000007F, 0x000000FD, 0x000000FC,
  0x00040071, 0x00000006, 0x000000FE, 0x000000FD, 0x000500C7, 0x00000006, 0x000000FF, 0x000000FE,
  0x0000006A, 0x0003003E, 0x000000F5, 0x000000FF, 0x000200F9, 0x000000F7, 0x000200F8, 0x00000100,
  0x0004003D, 0x00000006, 0x00000101, 0x00000012, 0x00050080, 0x00000006, 0x00000102, 0x00000101,
  0x000000D6, 0x0004003D, 0x00000006, 0x00000103, 0x00000013, 0x00050080, 0x00000006, 0x00000104,
  0x00000102, 0x00000103, 0x00050082, 0x00000006, 0x00000105, 0x00000104, 0x000000C5, 0x00060041,
  0x00000088, 0x00000106, 0x00000083, 0x00000084, 0x00000105, 0x0004003D, 0x0000007F, 0x00000107,
  0x00000106, 0x000500C2, 0x0000007F, 0x00000108, 0x00000107, 0x00000078, 0x00040071, 0x00000006,
  0x00000109, 0x00000108, 0x0003003E, 0x000000F5, 0x00000109, 0x000200F9, 0x000000F7, 0x000200F8,
  0x000000F7, 0x0004003D, 0x00000006, 0x0000010A, 0x000000F5, 0x0003003E, 0x000000F2, 0x0000010A,
  0x0004003D, 0x0000000C, 0x0000010B, 0x000000E3, 0x0004003D, 0x00000006, 0x0000010C, 0x000000F2,
  0x00040070, 0x0000000C, 0x0000010D, 0x0000010C, 0x00050083, 0x0000000C, 0x0000010F, 0x0000010D,
  0x0000010E, 0x00050085, 0x0000000C, 0x00000110, 0x0000010B, 0x0000010F, 0x000200FE, 0x00000110,
  0x00010038, 0x00050036, 0x0000000C, 0x00000018, 0x00000000, 0x0000000D, 0x00030037, 0x00000007,
  0x00000016, 0x00030037, 0x00000007, 0x00000017, 0x000200F8, 0x00000019, 0x0004003B, 0x00000007,
  0x00000113, 0x00000007, 0x0004003B, 0x00000007, 0x0000011F, 0x00000007, 0x0004003B, 0x0000007D,
  0x0000012C, 0x00000007, 0x0004003B, 0x00000007, 0x0000012D, 0x00000007, 0x0004003B, 0x0000007D,
  0x00000131, 0x00000007, 0x0004003B, 0x00000007, 0x00000132, 0x00000007, 0x0004003B, 0x00000007,
  0x00000136, 0x00000007, 0x0004003B, 0x00000007, 0x0000013A, 0x00000007, 0x0004003B, 0x00000007,
  0x0000013D, 0x00000007, 0x0004003B, 0x00000007, 0x00000145, 0x00000007, 0x0004003B, 0x00000007,
  0x0000014E, 0x00000007, 0x0004003B, 0x00000007, 0x0000017B, 0x00000007, 0x0004003B, 0x00000007,
  0x00000187, 0x00000007, 0x0004003D, 0x00000006, 0x00000114, 0x00000016, 0x00060041, 0x00000088,
  0x00000115, 0x00000083, 0x00000084, 0x00000114, 0x0004003D, 0x0000007F, 0x00000116, 0x00000115,
  0x00040071, 0x00000006, 0x00000117, 0x00000116, 0x0004003D, 0x00000006, 0x00000118, 0x00000016,
  0x00050080, 0x00000006, 0x00000119, 0x00000118, 0x0000004D, 0x00060041, 0x00000088, 0x0000011A,
  0x00000083, 0x00000084, 0x00000119, 0x0004003D, 0x0000007F, 0x0000011B, 0x0000011A, 0x00040071,
  0x00000006, 0x0000011C, 0x0000011B, 0x000500C4, 0x00000006, 0x0000011D, 0x0000011C, 0x00000092,
  0x000500C5, 0x00000006, 0x0000011E, 0x00000117, 0x0000011D, 0x0003003E, 0x00000113, 0x0000011E,
  0x0004003D, 0x00000006, 0x00000120, 0x00000016, 0x00050080, 0x00000006, 0x00000121, 0x00000120,
  0x000000D6, 0x00060041, 0x00000088, 0x00000122, 0x00000083, 0x00000084, 0x00000121, 0x0004003D,
  0x0000007F, 0x00000123, 0x00000122, 0x00040071, 0x00000006, 0x00000124, 0x00000123, 0x0004003D,
  0x00000006, 0x00000125, 0x00000016, 0x00050080, 0x00000006, 0x00000126, 0x00000125, 0x000000D4,
  0x00060041, 0x00000088, 0x00000127, 0x00000083, 0x00000084, 0x00000126, 0x0004003D, 0x0000007F,
  0x00000128, 0x00000127, 0x00040071, 0x00000006, 0x00000129, 0x00000128, 0x000500C4, 0x00000006,
  0x0000012A, 0x00000129, 0x00000092, 0x000500C5, 0x00000006, 0x0000012B, 0x00000124, 0x0000012A,
  0x0003003E, 0x0000011F, 0x0000012B, 0x0004003D, 0x00000006, 0x0000012E, 0x00000113, 0x0003003E,
  0x0000012D, 0x0000012E, 0x00050039, 0x00000006, 0x0000012F, 0x0000000A, 0x0000012D, 0x0004007C,
  0x0000000C, 0x00000130, 0x0000012F, 0x0003003E, 0x0000012C, 0x00000130, 0x0004003D, 0x00000006,
  0x00000133, 0x0000011F, 0x0003003E, 0x00000132, 0x00000133, 0x00050039, 0x00000006, 0x00000134,
  0x0000000A, 0x00000132, 0x0004007C, 0x0000000C, 0x00000135, 0x00000134, 0x0003003E, 0x00000131,
  0x00000135, 0x0004003D, 0x00000006, 0x00000137, 0x00000017, 0x000500C2, 0x00000006, 0x00000139,
  0x00000137, 0x00000138, 0x0003003E, 0x00000136, 0x00000139, 0x0004003D, 0x00000006, 0x0000013B,
  0x00000017, 0x000500C7, 0x00000006, 0x0000013C, 0x0000013B, 0x0000002D, 0x0003003E, 0x0000013A,
  0x0000013C, 0x0004003D, 0x00000006, 0x0000013E, 0x00000016, 0x00050080, 0x00000006, 0x00000140,
  0x0000013E, 0x0000013F, 0x0003003E, 0x0000013D, 0x00000140, 0x0004003D, 0x00000006, 0x00000141,
  0x00000136, 0x000500B0, 0x00000035, 0x00000142, 0x00000141, 0x0000013F, 0x000300F7, 0x00000144,
  0x00000000, 0x000400FA, 0x00000142, 0x00000143, 0x00000157, 0x000200F8, 0x00000143, 0x0004003D,
  0x00000006, 0x00000146, 0x0000013D, 0x0004003D, 0x00000006, 0x00000147, 0x00000136, 0x00050080,
  0x00000006, 0x00000148, 0x00000146, 0x00000147, 0x00060041, 0x00000088, 0x00000149, 0x00000083,
  0x00000084, 0x00000148, 0x0004003D, 0x0000007F, 0x0000014A, 0x00000149, 0x00040071, 0x00000006,
  0x0000014B, 0x0000014A, 0x000500C7, 0x00000006, 0x0000014D, 0x0000014B, 0x0000014C, 0x0003003E,
  0x00000145, 0x0000014D, 0x0004003D, 0x00000006, 0x0000014F, 0x0000013D, 0x0004003D, 0x00000006,
  0x00000150, 0x00000136, 0x00050080, 0x00000006, 0x00000151, 0x0000014F, 0x00000150, 0x00050080,
  0x00000006, 0x00000152, 0x00000151, 0x0000013F, 0x00060041, 0x00000088, 0x00000153, 0x00000083,
  0x00000084, 0x00000152, 0x0004003D, 0x0000007F, 0x00000154, 0x00000153, 0x00040071, 0x00000006,
  0x00000155, 0x00000154, 0x000500C7, 0x00000006, 0x00000156, 0x00000155, 0x0000014C, 0x0003003E,
  0x0000014E, 0x00000156, 0x000200F9, 0x00000144, 0x000200F8, 0x00000157, 0x0004003D, 0x00000006,
  0x00000158, 0x0000013D, 0x0004003D, 0x00000006, 0x00000159, 0x00000136, 0x00050080, 0x00000006,
  0x0000015A, 0x00000158, 0x00000159, 0x00050080, 0x00000006, 0x0000015B, 0x0000015A, 0x0000013F,
  0x00060041, 0x00000088, 0x0000015C, 0x00000083, 0x00000084, 0x0000015B, 0x0004003D, 0x0000007F,
  0x0000015D, 0x0000015C, 0x00040071, 0x00000006, 0x0000015E, 0x0000015D, 0x000500C7, 0x00000006,
  0x0000015F, 0x0000015E, 0x0000006A, 0x0004003D, 0x00000006, 0x00000160, 0x0000013D, 0x0004003D,
  0x00000006, 0x00000161, 0x00000136, 0x00050080, 0x00000006, 0x00000162, 0x00000160, 0x00000161,
  0x00050082, 0x00000006, 0x00000163, 0x00000162, 0x0000013F, 0x00060041, 0x00000088, 0x00000164,
  0x00000083, 0x00000084, 0x00000163, 0x0004003D, 0x0000007F, 0x00000165, 0x00000164, 0x000500C2,
  0x0000007F, 0x00000167, 0x00000165, 0x00000166, 0x000500C4, 0x0000007F, 0x00000168, 0x00000167,
  0x00000078, 0x00040071, 0x00000006, 0x00000169, 0x00000168, 0x000500C5, 0x00000006, 0x0000016A,
  0x0000015F, 0x00000169, 0x0003003E, 0x00000145, 0x0000016A, 0x0004003D, 0x00000006, 0x0000016B,
  0x0000013D, 0x0004003D, 0x00000006, 0x0000016C, 0x00000136, 0x00050080, 0x00000006, 0x0000016D,
  0x0000016B, 0x0000016C, 0x00050080, 0x00000006, 0x0000016E, 0x0000016D, 0x0000013F, 0x00060041,
  0x00000088, 0x0000016F, 0x00000083, 0x00000084, 0x0000016E, 0x0004003D, 0x0000007F, 0x00000170,
  0x0000016F, 0x000500C2, 0x0000007F, 0x00000171, 0x00000170, 0x00000078, 0x0004003D, 0x00000006,
  0x00000172, 0x0000013D, 0x0004003D, 0x00000006, 0x00000173, 0x00000136, 0x00050080, 0x00000006,
  0x00000174, 0x00000172, 0x00000173, 0x00060041, 0x00000088, 0x00000175, 0x00000083, 0x00000084,
  0x00000174, 0x0004003D, 0x0000007F, 0x00000176, 0x00000175, 0x000500C2, 0x0000007F, 0x00000177,
  0x00000176, 0x00000166, 0x000500C4, 0x0000007F, 0x00000178, 0x00000177, 0x00000078, 0x000500C5,
  0x0000007F, 0x00000179, 0x00000171, 0x00000178, 0x00040071, 0x00000006, 0x0000017A, 0x00000179,
  0x0003003E, 0x0000014E, 0x0000017A, 0x000200F9, 0x00000144, 0x000200F8, 0x00000144, 0x0004003D,
  0x00000006, 0x0000017C, 0x00000016, 0x00050080, 0x00000006, 0x0000017D, 0x0000017C, 0x000000C5,
  0x0004003D, 0x00000006, 0x0000017E, 0x00000136, 0x000500C2, 0x00000006, 0x0000017F, 0x0000017E,
  0x000000D2, 0x00050084, 0x00000006, 0x00000180, 0x0000017F, 0x000000C1, 0x00050080, 0x00000006,
  0x00000181, 0x0000017D, 0x00000180, 0x0004003D, 0x00000006, 0x00000182, 0x0000013A, 0x00050080,
  0x00000006, 0x00000183, 0x00000181, 0x00000182, 0x00060041, 0x00000088, 0x00000184, 0x00000083,
  0x00000084, 0x00000183, 0x0004003D, 0x0000007F, 0x00000185, 0x00000184, 0x00040071, 0x00000006,
  0x00000186, 0x00000185, 0x0003003E, 0x0000017B, 0x00000186, 0x0004003D, 0x00000006, 0x00000188,
  0x0000017B, 0x0004003D, 0x00000006, 0x00000189, 0x00000136, 0x000500C7, 0x00000006, 0x0000018A,
  0x00000189, 0x0000004D, 0x00050084, 0x00000006, 0x0000018B, 0x0000018A, 0x0000013F, 0x000500C2,
  0x00000006, 0x0000018C, 0x00000188, 0x0000018B, 0x000500C7, 0x00000006, 0x0000018D, 0x0000018C,
  0x0000006A, 0x0003003E, 0x00000187, 0x0000018D, 0x0004003D, 0x0000000C, 0x0000018E, 0x0000012C,
  0x0004003D, 0x00000006, 0x0000018F, 0x00000145, 0x00040070, 0x0000000C, 0x00000190, 0x0000018F,
  0x00050085, 0x0000000C, 0x00000191, 0x0000018E, 0x00000190, 0x0004003D, 0x00000006, 0x00000192,
  0x00000187, 0x00040070, 0x0000000C, 0x00000193, 0x00000192, 0x00050085, 0x0000000C, 0x00000194,
  0x00000191, 0x00000193, 0x0004003D, 0x0000000C, 0x00000195, 0x00000131, 0x0004003D, 0x00000006,
  0x00000196, 0x0000014E, 0x00040070, 0x0000000C, 0x00000197, 0x00000196, 0x00050085, 0x0000000C,
  0x00000198, 0x00000195, 0x00000197, 0x00050083, 0x0000000C, 0x00000199, 0x00000194, 0x00000198,
  0x000200FE, 0x00000199, 0x00010038, 0x00050036, 0x0000000C, 0x0000001C, 0x00000000, 0x0000000D,
  0x00030037, 0x00000007, 0x0000001A, 0x00030037, 0x00000007, 0x0000001B, 0x000200F8, 0x0000001D,
  0x0004003B, 0x00000007, 0x0000019C, 0x00000007, 0x0004003B, 0x00000007, 0x0000019F, 0x00000007,
  0x0004003B, 0x00000007, 0x000001A3, 0x00000007, 0x0004003B, 0x00000007, 0x000001A6, 0x00000007,
  0x0004003B, 0x00000007, 0x000001A9, 0x00000007, 0x0004003B, 0x00000007, 0x000001AD, 0x00000007,
  0x0004003B, 0x00000007, 0x000001B1, 0x00000007, 0x0004003B, 0x00000007, 0x000001B5, 0x00000007,
  0x0004003B, 0x00000007, 0x000001BC, 0x00000007, 0x0004003B, 0x00000007, 0x000001C4, 0x00000007,
  0x0004003B, 0x00000007, 0x000001F0, 0x00000007, 0x0004003B, 0x00000007, 0x000001F4, 0x00000007,
  0x0004003B, 0x00000007, 0x000001F7, 0x00000007, 0x0004003B, 0x00000007, 0x000001FE, 0x00000007,
  0x0004003B, 0x00000007, 0x00000201, 0x00000007, 0x0004003B, 0x00000007, 0x0000021A, 0x00000007,
  0x0004003B, 0x00000007, 0x0000021D, 0x00000007, 0x0004003B, 0x0000007D, 0x00000228, 0x00000007,
  0x0004003B, 0x00000007, 0x00000234, 0x00000007, 0x0004003B, 0x0000007D, 0x00000237, 0x00000007,
  0x0004003B, 0x00000007, 0x00000244, 0x00000007, 0x0004003D, 0x00000006, 0x0000019D, 0x0000001B,
  0x000500C2, 0x00000006, 0x0000019E, 0x0000019D, 0x00000166, 0x0003003E, 0x0000019C, 0x0000019E,
  0x0004003D, 0x00000006, 0x000001A0, 0x0000001B, 0x000500C7, 0x00000006, 0x000001A1, 0x000001A0,
  0x0000014C, 0x000500C2, 0x00000006, 0x000001A2, 0x000001A1, 0x00000138, 0x0003003E, 0x0000019F,
  0x000001A2, 0x0004003D, 0x00000006, 0x000001A4, 0x0000001B, 0x000500C7, 0x00000006, 0x000001A5,
  0x000001A4, 0x0000002D, 0x0003003E, 0x000001A3, 0x000001A5, 0x0004003D, 0x00000006, 0x000001A7,
  0x0000019C, 0x00050084, 0x00000006, 0x000001A8, 0x000001A7, 0x000000D6, 0x0003003E, 0x000001A6,
  0x000001A8, 0x0004003D, 0x00000006, 0x000001AA, 0x000001A6, 0x0004003D, 0x00000006, 0x000001AB,
  0x0000019F, 0x00050080, 0x00000006, 0x000001AC, 0x000001AA, 0x000001AB, 0x0003003E, 0x000001A9,
  0x000001AC, 0x0004003D, 0x00000006, 0x000001AE, 0x0000019C, 0x00050084, 0x00000006, 0x000001AF,
  0x000001AE, 0x000000D6, 0x000500C4, 0x00000006, 0x000001B0, 0x0000004D, 0x000001AF, 0x0003003E,
  0x000001AD, 0x000001B0, 0x0004003D, 0x00000006, 0x000001B2, 0x0000019C, 0x00050084, 0x00000006,
  0x000001B3, 0x000001B2, 0x000000D6, 0x000500C4, 0x00000006, 0x000001B4, 0x000000D6, 0x000001B3,
  0x0003003E, 0x000001B1, 0x000001B4, 0x0004003D, 0x00000006, 0x000001B6, 0x0000001A, 0x00050080,
  0x00000006, 0x000001B7, 0x000001B6, 0x0000013F, 0x0003003E, 0x000001B5, 0x000001B7, 0x0004003D,
  0x00000006, 0x000001B8, 0x000001A9, 0x000500B0, 0x00000035, 0x000001B9, 0x000001B8, 0x0000013F,
  0x000300F7, 0x000001BB, 0x00000000, 0x000400FA, 0x000001B9, 0x000001BA, 0x000001CD, 0x000200F8,
  0x000001BA, 0x0004003D, 0x00000006, 0x000001BD, 0x000001B5, 0x0004003D, 0x00000006, 0x000001BE,
  0x000001A9, 0x00050080, 0x00000006, 0x000001BF, 0x000001BD, 0x000001BE, 0x00060041, 0x00000088,
  0x000001C0, 0x00000083, 0x00000084, 0x000001BF, 0x0004003D, 0x0000007F, 0x000001C1, 0x000001C0,
  0x00040071, 0x00000006, 0x000001C2, 0x000001C1, 0x000500C7, 0x00000006, 0x000001C3, 0x000001C2,
  0x0000014C, 0x0003003E, 0x000001BC, 0x000001C3, 0x0004003D, 0x00000006, 0x000001C5, 0x000001B5,
  0x0004003D, 0x00000006, 0x000001C6, 0x000001A9, 0x00050080, 0x00000006, 0x000001C7, 0x000001C5,
  0x000001C6, 0x00050080, 0x00000006, 0x000001C8, 0x000001C7, 0x0000013F, 0x00060041, 0x00000088,
  0x000001C9, 0x00000083, 0x00000084, 0x000001C8, 0x0004003D, 0x0000007F, 0x000001CA, 0x000001C9,
  0x00040071, 0x00000006, 0x000001CB, 0x000001CA, 0x000500C7, 0x00000006, 0x000001CC, 0x000001CB,
  0x0000014C, 0x0003003E, 0x000001C4, 0x000001CC, 0x000200F9, 0x000001BB, 0x000200F8, 0x000001CD,
  0x0004003D, 0x00000006, 0x000001CE, 0x000001B5, 0x0004003D, 0x00000006, 0x000001CF, 0x000001A9,
  0x00050080, 0x00000006, 0x000001D0, 0x000001CE, 0x000001CF, 0x00050080, 0x00000006, 0x000001D1,
  0x000001D0, 0x0000013F, 0x00060041, 0x00000088, 0x000001D2, 0x00000083, 0x00000084, 0x000001D1,
  0x0004003D, 0x0000007F, 0x000001D3, 0x000001D2, 0x00040071, 0x00000006, 0x000001D4, 0x000001D3,
  0x000500C7, 0x00000006, 0x000001D5, 0x000001D4, 0x0000006A, 0x0004003D, 0x00000006, 0x000001D6,
  0x000001B5, 0x0004003D, 0x00000006, 0x000001D7, 0x000001A9, 0x00050080, 0x00000006, 0x000001D8,
  0x000001D6, 0x000001D7, 0x00050082, 0x00000006, 0x000001D9, 0x000001D8, 0x0000013F, 0x00060041,
  0x00000088, 0x000001DA, 0x00000083, 0x00000084, 0x000001D9, 0x0004003D, 0x0000007F, 0x000001DB,
  0x000001DA, 0x000500C2, 0x0000007F, 0x000001DC, 0x000001DB, 0x00000166, 0x000500C4, 0x0000007F,
  0x000001DD, 0x000001DC, 0x00000078, 0x00040071, 0x00000006, 0x000001DE, 0x000001DD, 0x000500C5,
  0x00000006, 0x000001DF, 0x000001D5, 0x000001DE, 0x0003003E, 0x000001BC, 0x000001DF, 0x0004003D,
  0x00000006, 0x000001E0, 0x000001B5, 0x0004003D, 0x00000006, 0x000001E1, 0x000001A9, 0x00050080,
  0x00000006, 0x000001E2, 0x000001E0, 0x000001E1, 0x00050080, 0x00000006, 0x000001E3, 0x000001E2,
  0x0000013F, 0x00060041, 0x00000088, 0x000001E4, 0x00000083, 0x00000084, 0x000001E3, 0x0004003D,
  0x0000007F, 0x000001E5, 0x000001E4, 0x000500C2, 0x0000007F, 0x000001E6, 0x000001E5, 0x00000078,
  0x0004003D, 0x00000006, 0x000001E7, 0x000001B5, 0x0004003D, 0x00000006, 0x000001E8, 0x000001A9,
  0x00050080, 0x00000006, 0x000001E9, 0x000001E7, 0x000001E8, 0x00060041, 0x00000088, 0x000001EA,
  0x00000083, 0x00000084, 0x000001E9, 0x0004003D, 0x0000007F, 0x000001EB, 0x000001EA, 0x000500C2,
  0x0000007F, 0x000001EC, 0x000001EB, 0x00000166, 0x000500C4, 0x0000007F, 0x000001ED, 0x000001EC,
  0x00000078, 0x000500C5, 0x0000007F, 0x000001EE, 0x000001E6, 0x000001ED, 0x00040071, 0x00000006,
  0x000001EF, 0x000001EE, 0x0003003E, 0x000001C4, 0x000001EF, 0x000200F9, 0x000001BB, 0x000200F8,
  0x000001BB, 0x0004003D, 0x00000006, 0x000001F1, 0x0000001A, 0x00050080, 0x00000006, 0x000001F3,
  0x000001F1, 0x000001F2, 0x0003003E, 0x000001F0, 0x000001F3, 0x0004003D, 0x00000006, 0x000001F5,
  0x0000001A, 0x00050080, 0x00000006, 0x000001F6, 0x000001F5, 0x000000C5, 0x0003003E, 0x000001F4,
  0x000001F6, 0x0004003D, 0x00000006, 0x000001F8, 0x000001F4, 0x0004003D, 0x00000006, 0x000001F9,
  0x000001A3, 0x00050080, 0x00000006, 0x000001FA, 0x000001F8, 0x000001F9, 0x00060041, 0x00000088,
  0x000001FB, 0x00000083, 0x00000084, 0x000001FA, 0x0004003D, 0x0000007F, 0x000001FC, 0x000001FB,
  0x00040071, 0x00000006, 0x000001FD, 0x000001FC, 0x0003003E, 0x000001F7, 0x000001FD, 0x0004003D,
  0x00000006, 0x000001FF, 0x0000019F, 0x000500AA, 0x00000035, 0x00000200, 0x000001FF, 0x00000034,
  0x000300F7, 0x00000203, 0x00000000, 0x000400FA, 0x00000200, 0x00000202, 0x0000020E, 0x000200F8,
  0x00000202, 0x0004003D, 0x00000006, 0x00000204, 0x000001F0, 0x0004003D, 0x00000006, 0x00000205,
  0x0000019C, 0x00050084, 0x00000006, 0x00000206, 0x00000205, 0x000000C1, 0x00050080, 0x00000006,
  0x00000207, 0x00000204, 0x00000206, 0x0004003D, 0x00000006, 0x00000208, 0x000001A3, 0x00050080,
  0x00000006, 0x00000209, 0x00000207, 0x00000208, 0x00060041, 0x00000088, 0x0000020A, 0x00000083,
  0x00000084, 0x00000209, 0x0004003D, 0x0000007F, 0x0000020B, 0x0000020A, 0x00040071, 0x00000006,
  0x0000020C, 0x0000020B, 0x000500C7, 0x00000006, 0x0000020D, 0x0000020C, 0x0000006A, 0x0003003E,
  0x00000201, 0x0000020D, 0x000200F9, 0x00000203, 0x000200F8, 0x0000020E, 0x0004003D, 0x00000006,
  0x0000020F, 0x000001F0, 0x0004003D, 0x00000006, 0x00000210, 0x0000019C, 0x00050084, 0x00000006,
  0x00000211, 0x00000210, 0x000000C1, 0x00050080, 0x00000006, 0x00000212, 0x0000020F, 0x00000211,
  0x0004003D, 0x00000006, 0x00000213, 0x000001A3, 0x00050080, 0x00000006, 0x00000214, 0x00000212,
  0x00000213, 0x00060041, 0x00000088, 0x00000215, 0x00000083, 0x00000084, 0x00000214, 0x0004003D,
  0x0000007F, 0x00000216, 0x00000215, 0x000500C2, 0x0000007F, 0x00000217, 0x00000216, 0x00000078,
  0x00040071, 0x00000006, 0x00000218, 0x00000217, 0x0003003E, 0x00000201, 0x00000218, 0x000200F9,
  0x00000203, 0x000200F8, 0x00000203, 0x0004003D, 0x00000006, 0x00000219, 0x00000201, 0x0003003E,
  0x000001FE, 0x00000219, 0x0004003D, 0x00000006, 0x0000021B, 0x0000019F, 0x000500AA, 0x00000035,
  0x0000021C, 0x0000021B, 0x00000034, 0x000300F7, 0x0000021F, 0x00000000, 0x000400FA, 0x0000021C,
  0x0000021E, 0x00000223, 0x000200F8, 0x0000021E, 0x0004003D, 0x00000006, 0x00000220, 0x000001F7,
  0x0004003D, 0x00000006, 0x00000221, 0x000001AD, 0x000500C7, 0x00000006, 0x00000222, 0x00000220,
  0x00000221, 0x0003003E, 0x0000021D, 0x00000222, 0x000200F9, 0x0000021F, 0x000200F8, 0x00000223,
  0x0004003D, 0x00000006, 0x00000224, 0x000001F7, 0x0004003D, 0x00000006, 0x00000225, 0x000001B1,
  0x000500C7, 0x00000006, 0x00000226, 0x00000224, 0x00000225, 0x0003003E, 0x0000021D, 0x00000226,
  0x000200F9, 0x0000021F, 0x000200F8, 0x0000021F, 0x0004003D, 0x00000006, 0x00000227, 0x0000021D,
  0x0003003E, 0x0000021A, 0x00000227, 0x0004003D, 0x00000006, 0x00000229, 0x0000001A, 0x00060041,
  0x00000088, 0x0000022A, 0x00000083, 0x00000084, 0x00000229, 0x0004003D, 0x0000007F, 0x0000022B,
  0x0000022A, 0x00040071, 0x00000006, 0x0000022C, 0x0000022B, 0x0004003D, 0x00000006, 0x0000022D,
  0x0000001A, 0x00050080, 0x00000006, 0x0000022E, 0x0000022D, 0x0000004D, 0x00060041, 0x00000088,
  0x0000022F, 0x00000083, 0x00000084, 0x0000022E, 0x0004003D, 0x0000007F, 0x00000230, 0x0000022F,
  0x00040071, 0x00000006, 0x00000231, 0x00000230, 0x000500C4, 0x00000006, 0x00000232, 0x00000231,
  0x00000092, 0x000500C5, 0x00000006, 0x00000233, 0x0000022C, 0x00000232, 0x0003003E, 0x00000234,
  0x00000233, 0x00050039, 0x00000006, 0x00000235, 0x0000000A, 0x00000234, 0x0004007C, 0x0000000C,
  0x00000236, 0x00000235, 0x0003003E, 0x00000228, 0x00000236, 0x0004003D, 0x00000006, 0x00000238,
  0x0000001A, 0x00050080, 0x00000006, 0x00000239, 0x00000238, 0x000000D6, 0x00060041, 0x00000088,
  0x0000023A, 0x00000083, 0x00000084, 0x00000239, 0x0004003D, 0x0000007F, 0x0000023B, 0x0000023A,
  0x00040071, 0x00000006, 0x0000023C, 0x0000023B, 0x0004003D, 0x00000006, 0x0000023D, 0x0000001A,
  0x00050080, 0x00000006, 0x0000023E, 0x0000023D, 0x000000D4, 0x00060041, 0x00000088, 0x0000023F,
  0x00000083, 0x00000084, 0x0000023E, 0x0004003D, 0x0000007F, 0x00000240, 0x0000023F, 0x00040071,
  0x00000006, 0x00000241, 0x00000240, 0x000500C4, 0x00000006, 0x00000242, 0x00000241, 0x00000092,
  0x000500C5, 0x00000006, 0x00000243, 0x0000023C, 0x00000242, 0x0003003E, 0x00000244, 0x00000243,
  0x00050039, 0x00000006, 0x00000245, 0x0000000A, 0x00000244, 0x0004007C, 0x0000000C, 0x00000246,
  0x00000245, 0x0003003E, 0x00000237, 0x00000246, 0x0004003D, 0x0000000C, 0x00000247, 0x00000228,
  0x0004003D, 0x00000006, 0x00000248, 0x000001BC, 0x00040070, 0x0000000C, 0x00000249, 0x00000248,
  0x00050085, 0x0000000C, 0x0000024A, 0x00000247, 0x00000249, 0x0004003D, 0x00000006, 0x0000024B,
  0x000001FE, 0x0004003D, 0x00000006, 0x0000024C, 0x0000021A, 0x000500AB, 0x00000035, 0x0000024D,
  0x0000024C, 0x00000034, 0x000600A9, 0x00000026, 0x0000024E, 0x0000024D, 0x00000027, 0x00000084,
  0x0004007C, 0x00000006, 0x0000024F, 0x0000024E, 0x00050080, 0x00000006, 0x00000250, 0x0000024B,
  0x0000024F, 0x00040070, 0x0000000C, 0x00000251, 0x00000250, 0x00050085, 0x0000000C, 0x00000252,
  0x0000024A, 0x00000251, 0x0004003D, 0x0000000C, 0x00000253, 0x00000237, 0x0004003D, 0x00000006,
  0x00000254, 0x000001C4, 0x00040070, 0x0000000C, 0x00000255, 0x00000254, 0x00050085, 0x0000000C,
  0x00000256, 0x00000253, 0x00000255, 0x00050083, 0x0000000C, 0x00000257, 0x00000252, 0x00000256,
  0x000200FE, 0x00000257, 0x00010038, 0x00050036, 0x0000000C, 0x00000020, 0x00000000, 0x0000000D,
  0x00030037, 0x00000007, 0x0000001E, 0x00030037, 0x00000007, 0x0000001F, 0x000200F8, 0x00000021,
  0x0004003B, 0x00000007, 0x0000025A, 0x00000007, 0x0004003B, 0x00000007, 0x0000025E, 0x00000007,
  0x0004003B, 0x00000007, 0x00000261, 0x00000007, 0x0004003B, 0x00000007, 0x00000267, 0x00000007,
  0x0004003B, 0x00000007, 0x0000026E, 0x00000007, 0x0004003B, 0x00000007, 0x00000276, 0x00000007,
  0x0004003B, 0x0000007D, 0x00000285, 0x00000007, 0x0004003B, 0x00000007, 0x00000286, 0x00000007,
  0x0004003B, 0x00000007, 0x0000028A, 0x00000007, 0x0004003B, 0x00000007, 0x0000028D, 0x00000007,
  0x0004003B, 0x00000007, 0x00000290, 0x00000007, 0x0004003B, 0x00000007, 0x00000293, 0x00000007,
  0x0004003B, 0x00000007, 0x0000029E, 0x00000007, 0x0004003B, 0x00000007, 0x000002AB, 0x00000007,
  0x0004003B, 0x000002FA, 0x000002FB, 0x00000007, 0x0004003B, 0x000002FA, 0x000002FE, 0x00000007,
  0x0004003D, 0x00000006, 0x0000025B, 0x0000001F, 0x000500C2, 0x00000006, 0x0000025D, 0x0000025B,
  0x0000025C, 0x0003003E, 0x0000025A, 0x0000025D, 0x0004003D, 0x00000006, 0x0000025F, 0x0000001F,
  0x000500C7, 0x00000006, 0x00000260, 0x0000025F, 0x0000006C, 0x0003003E, 0x0000025E, 0x00000260,
  0x0004003D, 0x00000006, 0x00000262, 0x0000001E, 0x0004003D, 0x00000006, 0x00000263, 0x0000025A,
  0x00050084, 0x00000006, 0x00000265, 0x00000263, 0x00000264, 0x00050080, 0x00000006, 0x00000266,
  0x00000262, 0x00000265, 0x0003003E, 0x00000261, 0x00000266, 0x0004003D, 0x00000006, 0x00000268,
  0x0000001E, 0x00050080, 0x00000006, 0x0000026A, 0x00000268, 0x00000269, 0x0004003D, 0x00000006,
  0x0000026B, 0x0000025A, 0x00050084, 0x00000006, 0x0000026C, 0x0000026B, 0x000000C1, 0x00050080,
  0x00000006, 0x0000026D, 0x0000026A, 0x0000026C, 0x0003003E, 0x00000267, 0x0000026D, 0x0004003D,
  0x00000006, 0x0000026F, 0x0000001E, 0x00050080, 0x00000006, 0x00000271, 0x0000026F, 0x00000270,
  0x0004003D, 0x00000006, 0x00000272, 0x0000025A, 0x00050084, 0x00000006, 0x00000274, 0x00000272,
  0x00000273, 0x00050080, 0x00000006, 0x00000275, 0x00000271, 0x00000274, 0x0003003E, 0x0000026E,
  0x00000275, 0x0004003D, 0x00000006, 0x00000277, 0x0000001E, 0x00050080, 0x00000006, 0x00000279,
  0x00000277, 0x00000278, 0x00060041, 0x00000088, 0x0000027A, 0x00000083, 0x00000084, 0x00000279,
  0x0004003D, 0x0000007F, 0x0000027B, 0x0000027A, 0x00040071, 0x00000006, 0x0000027C, 0x0000027B,
  0x0004003D, 0x00000006, 0x0000027D, 0x0000001E, 0x00050080, 0x00000006, 0x0000027F, 0x0000027D,
  0x0000027E, 0x00060041, 0x00000088, 0x00000280, 0x00000083, 0x00000084, 0x0000027F, 0x0004003D,
  0x0000007F, 0x00000281, 0x00000280, 0x00040071, 0x00000006, 0x00000282, 0x00000281, 0x000500C4,
  0x00000006, 0x00000283, 0x00000282, 0x00000092, 0x000500C5, 0x00000006, 0x00000284, 0x0000027C,
  0x00000283, 0x0003003E, 0x00000276, 0x00000284, 0x0004003D, 0x00000006, 0x00000287, 0x00000276,
  0x0003003E, 0x00000286, 0x00000287, 0x00050039, 0x00000006, 0x00000288, 0x0000000A, 0x00000286,
  0x0004007C, 0x0000000C, 0x00000289, 0x00000288, 0x0003003E, 0x00000285, 0x00000289, 0x0004003D,
  0x00000006, 0x0000028B, 0x0000025E, 0x000500C7, 0x00000006, 0x0000028C, 0x0000028B, 0x0000002D,
  0x0003003E, 0x0000028A, 0x0000028C, 0x0004003D, 0x00000006, 0x0000028E, 0x0000025E, 0x000500C2,
  0x00000006, 0x0000028F, 0x0000028E, 0x00000138, 0x0003003E, 0x0000028D, 0x0000028F, 0x0004003D,
  0x00000006, 0x00000291, 0x0000028A, 0x000500C2, 0x00000006, 0x00000292, 0x00000291, 0x00000078,
  0x0003003E, 0x00000290, 0x00000292, 0x0004003D, 0x00000006, 0x00000294, 0x00000267, 0x0004003D,
  0x00000006, 0x00000295, 0x0000028A, 0x00050080, 0x00000006, 0x00000296, 0x00000294, 0x00000295,
  0x00060041, 0x00000088, 0x00000297, 0x00000083, 0x00000084, 0x00000296, 0x0004003D, 0x0000007F,
  0x00000298, 0x00000297, 0x00040071, 0x00000006, 0x00000299, 0x00000298, 0x0003003E, 0x00000293,
  0x00000299, 0x0004003D, 0x00000006, 0x0000029A, 0x0000028D, 0x000500AA, 0x00000035, 0x0000029B,
  0x0000029A, 0x00000034, 0x000300F7, 0x0000029D, 0x00000000, 0x000400FA, 0x0000029B, 0x0000029C,
  0x000002B2, 0x000200F8, 0x0000029C, 0x0004003D, 0x00000006, 0x0000029F, 0x00000261, 0x0004003D,
  0x00000006, 0x000002A0, 0x0000028A, 0x00050080, 0x00000006, 0x000002A1, 0x0000029F, 0x000002A0,
  0x00060041, 0x00000088, 0x000002A2, 0x00000083, 0x00000084, 0x000002A1, 0x0004003D, 0x0000007F,
  0x000002A3, 0x000002A2, 0x00040071, 0x00000006, 0x000002A4, 0x000002A3, 0x000500C7, 0x00000006,
  0x000002A5, 0x000002A4, 0x0000006A, 0x0004003D, 0x00000006, 0x000002A6, 0x00000293, 0x000500C2,
  0x00000006, 0x000002A7, 0x000002A6, 0x00000084, 0x000500C7, 0x00000006, 0x000002A8, 0x000002A7,
  0x000000D4, 0x000500C4, 0x00000006, 0x000002A9, 0x000002A8, 0x00000078, 0x000500C5, 0x00000006,
  0x000002AA, 0x000002A5, 0x000002A9, 0x0003003E, 0x0000029E, 0x000002AA, 0x0004003D, 0x00000006,
  0x000002AC, 0x0000026E, 0x0004003D, 0x00000006, 0x000002AD, 0x00000290, 0x00050080, 0x00000006,
  0x000002AE, 0x000002AC, 0x000002AD, 0x00060041, 0x00000088, 0x000002AF, 0x00000083, 0x00000084,
  0x000002AE, 0x0004003D, 0x0000007F, 0x000002B0, 0x000002AF, 0x00040071, 0x00000006, 0x000002B1,
  0x000002B0, 0x0003003E, 0x000002AB, 0x000002B1, 0x000200F9, 0x0000029D, 0x000200F8, 0x000002B2,
  0x0004003D, 0x00000006, 0x000002B3, 0x0000028D, 0x000500AA, 0x00000035, 0x000002B4, 0x000002B3,
  0x0000004D, 0x000300F7, 0x000002B6, 0x00000000, 0x000400FA, 0x000002B4, 0x000002B5, 0x000002CC,
  0x000200F8, 0x000002B5, 0x0004003D, 0x00000006, 0x000002B7, 0x00000261, 0x0004003D, 0x00000006,
  0x000002B8, 0x0000028A, 0x00050080, 0x00000006, 0x000002B9, 0x000002B7, 0x000002B8, 0x00050080,
  0x00000006, 0x000002BA, 0x000002B9, 0x000000C1, 0x00060041, 0x00000088, 0x000002BB, 0x00000083,
  0x00000084, 0x000002BA, 0x0004003D, 0x0000007F, 0x000002BC, 0x000002BB, 0x00040071, 0x00000006,
  0x000002BD, 0x000002BC, 0x000500C7, 0x00000006, 0x000002BE, 0x000002BD, 0x0000006A, 0x0004003D,
  0x00000006, 0x000002BF, 0x00000293, 0x000500C2, 0x00000006, 0x000002C1, 0x000002BF, 0x000002C0,
  0x000500C7, 0x00000006, 0x000002C2, 0x000002C1, 0x000000D4, 0x000500C4, 0x00000006, 0x000002C3,
  0x000002C2, 0x00000078, 0x000500C5, 0x00000006, 0x000002C4, 0x000002BE, 0x000002C3, 0x0003003E,
  0x0000029E, 0x000002C4, 0x0004003D, 0x00000006, 0x000002C5, 0x0000026E, 0x0004003D, 0x00000006,
  0x000002C6, 0x00000290, 0x00050080, 0x00000006, 0x000002C7, 0x000002C5, 0x000002C6, 0x00050080,
  0x00000006, 0x000002C8, 0x000002C7, 0x000000D6, 0x00060041, 0x00000088, 0x000002C9, 0x00000083,
  0x00000084, 0x000002C8, 0x0004003D, 0x0000007F, 0x000002CA, 0x000002C9, 0x00040071, 0x00000006,
  0x000002CB, 0x000002CA, 0x0003003E, 0x000002AB, 0x000002CB, 0x000200F9, 0x000002B6, 0x000200F8,
  0x000002CC, 0x0004003D, 0x00000006, 0x000002CD, 0x0000028D, 0x000500AA, 0x00000035, 0x000002CE,
  0x000002CD, 0x000000D6, 0x000300F7, 0x000002D0, 0x00000000, 0x000400FA, 0x000002CE, 0x000002CF,
  0x000002E4, 0x000200F8, 0x000002CF, 0x0004003D, 0x00000006, 0x000002D1, 0x00000261, 0x0004003D,
  0x00000006, 0x000002D2, 0x0000028A, 0x00050080, 0x00000006, 0x000002D3, 0x000002D1, 0x000002D2,
  0x00060041, 0x00000088, 0x000002D4, 0x00000083, 0x00000084, 0x000002D3, 0x0004003D, 0x0000007F,
  0x000002D5, 0x000002D4, 0x000500C2, 0x0000007F, 0x000002D6, 0x000002D5, 0x00000078, 0x00040071,
  0x00000006, 0x000002D7, 0x000002D6, 0x0004003D, 0x00000006, 0x000002D8, 0x00000293, 0x000500C2,
  0x00000006, 0x000002D9, 0x000002D8, 0x00000078, 0x000500C7, 0x00000006, 0x000002DA, 0x000002D9,
  0x000000D4, 0x000500C4, 0x00000006, 0x000002DB, 0x000002DA, 0x00000078, 0x000500C5, 0x00000006,
  0x000002DC, 0x000002D7, 0x000002DB, 0x0003003E, 0x0000029E, 0x000002DC, 0x0004003D, 0x00000006,
  0x000002DD, 0x0000026E, 0x0004003D, 0x00000006, 0x000002DE, 0x00000290, 0x00050080, 0x00000006,
  0x000002DF, 0x000002DD, 0x000002DE, 0x00050080, 0x00000006, 0x000002E0, 0x000002DF, 0x0000013F,
  0x00060041, 0x00000088, 0x000002E1, 0x00000083, 0x00000084, 0x000002E0, 0x0004003D, 0x0000007F,
  0x000002E2, 0x000002E1, 0x00040071, 0x00000006, 0x000002E3, 0x000002E2, 0x0003003E, 0x000002AB,
  0x000002E3, 0x000200F9, 0x000002D0, 0x000200F8, 0x000002E4, 0x0004003D, 0x00000006, 0x000002E5,
  0x00000261, 0x0004003D, 0x00000006, 0x000002E6, 0x0000028A, 0x00050080, 0x00000006, 0x000002E7,
  0x000002E5, 0x000002E6, 0x00050080, 0x00000006, 0x000002E8, 0x000002E7, 0x000000C1, 0x00060041,
  0x00000088, 0x000002E9, 0x00000083, 0x00000084, 0x000002E8, 0x0004003D, 0x0000007F, 0x000002EA,
  0x000002E9, 0x000500C2, 0x0000007F, 0x000002EB, 0x000002EA, 0x00000078, 0x00040071, 0x00000006,
  0x000002EC, 0x000002EB, 0x0004003D, 0x00000006, 0x000002ED, 0x00000293, 0x000500C2, 0x00000006,
  0x000002EE, 0x000002ED, 0x00000166, 0x000500C7, 0x00000006, 0x000002EF, 0x000002EE, 0x000000D4,
  0x000500C4, 0x00000006, 0x000002F0, 0x000002EF, 0x00000078, 0x000500C5, 0x00000006, 0x000002F1,
  0x000002EC, 0x000002F0, 0x0003003E, 0x0000029E, 0x000002F1, 0x0004003D, 0x00000006, 0x000002F2,
  0x0000026E, 0x0004003D, 0x00000006, 0x000002F3, 0x00000290, 0x00050080, 0x00000006, 0x000002F4,
  0x000002F2, 0x000002F3, 0x00050080, 0x00000006, 0x000002F6, 0x000002F4, 0x000002F5, 0x00060041,
  0x00000088, 0x000002F7, 0x00000083, 0x00000084, 0x000002F6, 0x0004003D, 0x0000007F, 0x000002F8,
  0x000002F7, 0x00040071, 0x00000006, 0x000002F9, 0x000002F8, 0x0003003E, 0x000002AB, 0x000002F9,
  0x000200F9, 0x000002D0, 0x000200F8, 0x000002D0, 0x000200F9, 0x000002B6, 0x000200F8, 0x000002B6,
  0x000200F9, 0x0000029D, 0x000200F8, 0x0000029D, 0x0004003D, 0x00000006, 0x000002FC, 0x000002AB,
  0x000500AC, 0x00000035, 0x000002FD, 0x000002FC, 0x0000006C, 0x000300F7, 0x00000300, 0x00000000,
  0x000400FA, 0x000002FD, 0x000002FF, 0x00000305, 0x000200F8, 0x000002FF, 0x0004003D, 0x00000006,
  0x00000301, 0x000002AB, 0x0004007C, 0x00000026, 0x00000302, 0x00000301, 0x00050082, 0x00000026,
  0x00000304, 0x00000302, 0x00000303, 0x0003003E, 0x000002FE, 0x00000304, 0x000200F9, 0x00000300,
  0x000200F8, 0x00000305, 0x0004003D, 0x00000006, 0x00000306, 0x000002AB, 0x0004007C, 0x00000026,
  0x00000307, 0x00000306, 0x0003003E, 0x000002FE, 0x00000307, 0x000200F9, 0x00000300, 0x000200F8,
  0x00000300, 0x0004003D, 0x00000026, 0x00000308, 0x000002FE, 0x0003003E, 0x000002FB, 0x00000308,
  0x0004003D, 0x0000000C, 0x00000309, 0x00000285, 0x0004003D, 0x00000026, 0x0000030A, 0x000002FB,
  0x0004006F, 0x0000000C, 0x0000030B, 0x0000030A, 0x00050085, 0x0000000C, 0x0000030C, 0x00000309,
  0x0000030B, 0x0004003D, 0x00000006, 0x0000030D, 0x0000029E, 0x00040070, 0x0000000C, 0x0000030E,
  0x0000030D, 0x00050083, 0x0000000C, 0x00000310, 0x0000030E, 0x0000030F, 0x00050085, 0x0000000C,
  0x00000311, 0x0000030C, 0x00000310, 0x000200FE, 0x00000311, 0x00010038,
};
static const unsigned int gather_rows_spv[] = {
  0x07230203, 0x00010500, 0x0008000B, 0x00000050, 0x00000000, 0x00020011, 0x00000001, 0x0006000B,
  0x00000001, 0x4C534C47, 0x6474732E, 0x3035342E, 0x00000000, 0x0003000E, 0x00000000, 0x00000001,
  0x000B000F, 0x00000005, 0x00000004, 0x6E69616D, 0x00000000, 0x0000000B, 0x00000012, 0x00000019,
  0x00000029, 0x00000038, 0x0000003D, 0x00060010, 0x00000004, 0x00000011, 0x00000100, 0x00000001,
  0x00000001, 0x00030003, 0x00000002, 0x000001C2, 0x00080004, 0x455F4C47, 0x735F5458, 0x616C6163,
  0x6C625F72, 0x5F6B636F, 0x6F79616C, 0x00007475, 0x000B0004, 0x455F4C47, 0x735F5458, 0x65646168,
  0x78655F72, 0x63696C70, 0x615F7469, 0x68746972, 0x6974656D, 0x79745F63, 0x00736570, 0x00040005,
  0x00000004, 0x6E69616D, 0x00000000, 0x00030005, 0x00000008, 0x00646967, 0x00060005, 0x0000000B,
  0x575F6C67, 0x476B726F, 0x70756F72, 0x00004449, 0x00080005, 0x00000012, 0x4C5F6C67, 0x6C61636F,
  0x6F766E49, 0x69746163, 0x6E496E6F, 0x00786564, 0x00030005, 0x00000017, 0x00004350, 0x00050006,
  0x00000017, 0x00000000, 0x73776F72, 0x00000000, 0x00050006, 0x00000017, 0x00000001, 0x736C6F63,
  0x00000000, 0x00050006, 0x00000017, 0x00000002, 0x61746F74, 0x0000006C, 0x00030005, 0x00000019,
  0x00006370, 0x00030005, 0x00000025, 0x00637273, 0x00040005, 0x00000027, 0x58444942, 0x00000000,
  0x00050006, 0x00000027, 0x00000000, 0x69646E69, 0x00736563, 0x00030005, 0x00000029, 0x00000000,
  0x00030005, 0x00000036, 0x00005942, 0x00040006, 0x00000036, 0x00000000, 0x00000079, 0x00030005,
  0x00000038, 0x00000000, 0x00040005, 0x0000003B, 0x574F5242, 0x00000053, 0x00040006, 0x0000003B,
  0x00000000, 0x00737772, 0x00030005, 0x0000003D, 0x00000000, 0x00040047, 0x0000000B, 0x0000000B,
  0x0000001A, 0x00040047, 0x00000012, 0x0000000B, 0x0000001D, 0x00030047, 0x00000017, 0x00000002,
  0x00050048, 0x00000017, 0x00000000, 0x00000023, 0x00000000, 0x00050048, 0x00000017, 0x00000001,
  0x00000023, 0x00000004, 0x00050048, 0x00000017, 0x00000002, 0x00000023, 0x00000008, 0x00040047,
  0x00000026, 0x00000006, 0x00000004, 0x00030047, 0x00000027, 0x00000002, 0x00050048, 0x00000027,
  0x00000000, 0x00000023, 0x00000000, 0x00040047, 0x00000029, 0x00000021, 0x00000001, 0x00040047,
  0x00000029, 0x00000022, 0x00000000, 0x00040047, 0x00000035, 0x00000006, 0x00000004, 0x00030047,
  0x00000036, 0x00000002, 0x00050048, 0x00000036, 0x00000000, 0x00000023, 0x00000000, 0x00040047,
  0x00000038, 0x00000021, 0x00000002, 0x00040047, 0x00000038, 0x00000022, 0x00000000, 0x00040047,
  0x0000003A, 0x00000006, 0x00000004, 0x00030047, 0x0000003B, 0x00000002, 0x00050048, 0x0000003B,
  0x00000000, 0x00000023, 0x00000000, 0x00040047, 0x0000003D, 0x00000021, 0x00000000, 0x00040047,
  0x0000003D, 0x00000022, 0x00000000, 0x00040047, 0x0000004F, 0x0000000B, 0x00000019, 0x00020013,
  0x00000002, 0x00030021, 0x00000003, 0x00000002, 0x00040015, 0x00000006, 0x00000020, 0x00000000,
  0x00040020, 0x00000007, 0x00000007, 0x00000006, 0x00040017, 0x00000009, 0x00000006, 0x00000003,
  0x00040020, 0x0000000A, 0x00000001, 0x00000009, 0x0004003B, 0x0000000A, 0x0000000B, 0x00000001,
  0x0004002B, 0x00000006, 0x0000000C, 0x00000000, 0x00040020, 0x0000000D, 0x00000001, 0x00000006,
  0x0004002B, 0x00000006, 0x00000010, 0x00000100, 0x0004003B, 0x0000000D, 0x00000012, 0x00000001,
  0x00040015, 0x00000016, 0x00000020, 0x00000001, 0x0005001E, 0x00000017, 0x00000016, 0x00000016,
  0x00000016, 0x00040020, 0x00000018, 0x00000009, 0x00000017, 0x0004003B, 0x00000018, 0x00000019,
  0x00000009, 0x0004002B, 0x00000016, 0x0000001A, 0x00000002, 0x00040020, 0x0000001B, 0x00000009,
  0x00000016, 0x00020014, 0x0000001F, 0x00040020, 0x00000024, 0x00000007, 0x00000016, 0x0003001D,
  0x00000026, 0x00000016, 0x0003001E, 0x00000027, 0x00000026, 0x00040020, 0x00000028, 0x0000000C,
  0x00000027, 0x0004003B, 0x00000028, 0x00000029, 0x0000000C, 0x0004002B, 0x00000016, 0x0000002A,
  0x00000000, 0x0004002B, 0x00000016, 0x0000002C, 0x00000001, 0x00040020, 0x00000031, 0x0000000C,
  0x00000016, 0x00030016, 0x00000034, 0x00000020, 0x0003001D, 0x00000035, 0x00000034, 0x0003001E,
  0x00000036, 0x00000035, 0x00040020, 0x00000037, 0x0000000C, 0x00000036, 0x0004003B, 0x00000037,
  0x00000038, 0x0000000C, 0x0003001D, 0x0000003A, 0x00000034, 0x0003001E, 0x0000003B, 0x0000003A,
  0x00040020, 0x0000003C, 0x0000000C, 0x0000003B, 0x0004003B, 0x0000003C, 0x0000003D, 0x0000000C,
  0x00040020, 0x0000004A, 0x0000000C, 0x00000034, 0x0004002B, 0x00000006, 0x0000004E, 0x00000001,
  0x0006002C, 0x00000009, 0x0000004F, 0x00000010, 0x0000004E, 0x0000004E, 0x00050036, 0x00000002,
  0x00000004, 0x00000000, 0x00000003, 0x000200F8, 0x00000005, 0x0004003B, 0x00000007, 0x00000008,
  0x00000007, 0x0004003B, 0x00000024, 0x00000025, 0x00000007, 0x00050041, 0x0000000D, 0x0000000E,
  0x0000000B, 0x0000000C, 0x0004003D, 0x00000006, 0x0000000F, 0x0000000E, 0x00050084, 0x00000006,
  0x00000011, 0x0000000F, 0x00000010, 0x0004003D, 0x00000006, 0x00000013, 0x00000012, 0x00050080,
  0x00000006, 0x00000014, 0x00000011, 0x00000013, 0x0003003E, 0x00000008, 0x00000014, 0x0004003D,
  0x00000006, 0x00000015, 0x00000008, 0x00050041, 0x0000001B, 0x0000001C, 0x00000019, 0x0000001A,
  0x0004003D, 0x00000016, 0x0000001D, 0x0000001C, 0x0004007C, 0x00000006, 0x0000001E, 0x0000001D,
  0x000500AE, 0x0000001F, 0x00000020, 0x00000015, 0x0000001E, 0x000300F7, 0x00000022, 0x00000000,
  0x000400FA, 0x00000020, 0x00000021, 0x00000022, 0x000200F8, 0x00000021, 0x000100FD, 0x000200F8,
  0x00000022, 0x0004003D, 0x00000006, 0x0000002B, 0x00000008, 0x00050041, 0x0000001B, 0x0000002D,
  0x00000019, 0x0000002C, 0x0004003D, 0x00000016, 0x0000002E, 0x0000002D, 0x0004007C, 0x00000006,
  0x0000002F, 0x0000002E, 0x00050086, 0x00000006, 0x00000030, 0x0000002B, 0x0000002F, 0x00060041,
  0x00000031, 0x00000032, 0x00000029, 0x0000002A, 0x00000030, 0x0004003D, 0x00000016, 0x00000033,
  0x00000032, 0x0003003E, 0x00000025, 0x00000033, 0x0004003D, 0x00000006, 0x00000039, 0x00000008,
  0x0004003D, 0x00000016, 0x0000003E, 0x00000025, 0x0004007C, 0x00000006, 0x0000003F, 0x0000003E,
  0x00050041, 0x0000001B, 0x00000040, 0x00000019, 0x0000002C, 0x0004003D, 0x00000016, 0x00000041,
  0x00000040, 0x0004007C, 0x00000006, 0x00000042, 0x00000041, 0x00050084, 0x00000006, 0x00000043,
  0x0000003F, 0x00000042, 0x0004003D, 0x00000006, 0x00000044, 0x00000008, 0x00050041, 0x0000001B,
  0x00000045, 0x00000019, 0x0000002C, 0x0004003D, 0x00000016, 0x00000046, 0x00000045, 0x0004007C,
  0x00000006, 0x00000047, 0x00000046, 0x00050089, 0x00000006, 0x00000048, 0x00000044, 0x00000047,
  0x00050080, 0x00000006, 0x00000049, 0x00000043, 0x00000048, 0x00060041, 0x0000004A, 0x0000004B,
  0x0000003D, 0x0000002A, 0x00000049, 0x0004003D, 0x00000034, 0x0000004C, 0x0000004B, 0x00060041,
  0x0000004A, 0x0000004D, 0x00000038, 0x0000002A, 0x00000039, 0x0003003E, 0x0000004D, 0x0000004C,
  0x000100FD, 0x00010038,
};
static const unsigned int matmul_spv[] = {
  0x07230203, 0x00010500, 0x0008000B, 0x00000143, 0x00000000, 0x00020011, 0x00000001, 0x00020011,
  0x00001151, 0x0006000B, 0x00000001, 0x4C534C47, 0x6474732E, 0x3035342E, 0x00000000, 0x0003000E,
  0x00000000, 0x00000001, 0x000D000F, 0x00000005, 0x00000004, 0x6E69616D, 0x00000000, 0x00000069,
  0x00000073, 0x0000008F, 0x000000A7, 0x000000BD, 0x000000DA, 0x000000F9, 0x00000138, 0x00060010,
  0x00000004, 0x00000011, 0x00000010, 0x00000010, 0x00000001, 0x00030003, 0x00000002, 0x000001C2,
  0x00080004, 0x455F4C47, 0x735F5458, 0x616C6163, 0x6C625F72, 0x5F6B636F, 0x6F79616C, 0x00007475,
  0x000B0004, 0x455F4C47, 0x735F5458, 0x65646168, 0x78655F72, 0x63696C70, 0x615F7469, 0x68746972,
  0x6974656D, 0x79745F63, 0x00736570, 0x00040005, 0x00000004, 0x6E69616D, 0x00000000, 0x00070005,
  0x0000000A, 0x36317066, 0x5F6F745F, 0x616F6C66, 0x28755F74, 0x003B3175, 0x00030005, 0x00000009,
  0x00000068, 0x00070005, 0x0000000D, 0x36316662, 0x5F6F745F, 0x616F6C66, 0x28755F74, 0x003B3175,
  0x00030005, 0x0000000C, 0x00000068, 0x00040005, 0x0000000F, 0x6E676973, 0x00000000, 0x00030005,
  0x00000016, 0x00707865, 0x00040005, 0x0000001C, 0x746E616D, 0x00000000, 0x00040005, 0x0000002A,
  0x73746962, 0x00000000, 0x00030005, 0x0000002D, 0x00000065, 0x00030005, 0x0000002F, 0x0000006D,
  0x00030005, 0x00000067, 0x00007874, 0x00080005, 0x00000069, 0x4C5F6C67, 0x6C61636F, 0x6F766E49,
  0x69746163, 0x6E496E6F, 0x00786564, 0x00030005, 0x0000006C, 0x00007974, 0x00030005, 0x00000070,
  0x00776F72, 0x00060005, 0x00000073, 0x575F6C67, 0x476B726F, 0x70756F72, 0x00004449, 0x00030005,
  0x0000007A, 0x006C6F63, 0x00030005, 0x00000082, 0x00636361, 0x00030005, 0x00000085, 0x0000746B,
  0x00030005, 0x0000008D, 0x00004350, 0x00040006, 0x0000008D, 0x00000000, 0x0000006D, 0x00040006,
  0x0000008D, 0x00000001, 0x0000006E, 0x00040006, 0x0000008D, 0x00000002, 0x0000006B, 0x00050006,
  0x0000008D, 0x00000003, 0x36316662, 0x00000000, 0x00050006, 0x0000008D, 0x00000004, 0x666F5F77,
  0x00000066, 0x00030005, 0x0000008F, 0x00006370, 0x00030005, 0x00000098, 0x00006B61, 0x00040005,
  0x0000009E, 0x5F776F72, 0x00736261, 0x00030005, 0x000000A7, 0x00007341, 0x00030005, 0x000000BB,
  0x00005842, 0x00040006, 0x000000BB, 0x00000000, 0x00000078, 0x00030005, 0x000000BD, 0x00000000,
  0x00030005, 0x000000CC, 0x00006B62, 0x00030005, 0x000000D2, 0x00786469, 0x00030005, 0x000000DA,
  0x00007342, 0x00030005, 0x000000F7, 0x00005742, 0x00040006, 0x000000F7, 0x00000000, 0x00000077,
  0x00030005, 0x000000F9, 0x00000000, 0x00040005, 0x000000FF, 0x61726170, 0x0000006D, 0x00040005,
  0x00000106, 0x61726170, 0x0000006D, 0x00030005, 0x0000010F, 0x00000061, 0x00030005, 0x00000136,
  0x00005942, 0x00040006, 0x00000136, 0x00000000, 0x00000079, 0x00030005, 0x00000138, 0x00000000,
  0x00040047, 0x00000069, 0x0000000B, 0x0000001D, 0x00040047, 0x00000073, 0x0000000B, 0x0000001A,
  0x00030047, 0x0000008D, 0x00000002, 0x00050048, 0x0000008D, 0x00000000, 0x00000023, 0x00000000,
  0x00050048, 0x0000008D, 0x00000001, 0x00000023, 0x00000004, 0x00050048, 0x0000008D, 0x00000002,
  0x00000023, 0x00000008, 0x00050048, 0x0000008D, 0x00000003, 0x00000023, 0x0000000C, 0x00050048,
  0x0000008D, 0x00000004, 0x00000023, 0x00000010, 0x00040047, 0x000000BA, 0x00000006, 0x00000004,
  0x00030047, 0x000000BB, 0x00000002, 0x00050048, 0x000000BB, 0x00000000, 0x00000023, 0x00000000,
  0x00040047, 0x000000BD, 0x00000021, 0x00000000, 0x00040047, 0x000000BD, 0x00000022, 0x00000000,
  0x00040047, 0x000000F6, 0x00000006, 0x00000002, 0x00030047, 0x000000F7, 0x00000002, 0x00050048,
  0x000000F7, 0x00000000, 0x00000023, 0x00000000, 0x00040047, 0x000000F9, 0x00000021, 0x00000001,
  0x00040047, 0x000000F9, 0x00000022, 0x00000000, 0x00040047, 0x00000135, 0x00000006, 0x00000004,
  0x00030047, 0x00000136, 0x00000002, 0x00050048, 0x00000136, 0x00000000, 0x00000023, 0x00000000,
  0x00040047, 0x00000138, 0x00000021, 0x00000002, 0x00040047, 0x00000138, 0x00000022, 0x00000000,
  0x00040047, 0x00000142, 0x0000000B, 0x00000019, 0x00020013, 0x00000002, 0x00030021, 0x00000003,
  0x00000002, 0x00040015, 0x00000006, 0x00000020, 0x00000000, 0x00040020, 0x00000007, 0x00000007,
  0x00000006, 0x00040021, 0x00000008, 0x00000006, 0x00000007, 0x0004002B, 0x00000006, 0x00000011,
  0x00008000, 0x00040015, 0x00000013, 0x00000020, 0x00000001, 0x0004002B, 0x00000013, 0x00000014,
  0x00000010, 0x0004002B, 0x00000013, 0x00000018, 0x0000000A, 0x0004002B, 0x00000006, 0x0000001A,
  0x0000001F, 0x0004002B, 0x00000006, 0x0000001E, 0x000003FF, 0x0004002B, 0x00000006, 0x00000021,
  0x00000000, 0x00020014, 0x00000022, 0x0004002B, 0x00000006, 0x0000002E, 0x00000071, 0x0004002B,
  0x00000006, 0x00000037, 0x00000400, 0x0004002B, 0x00000006, 0x0000003A, 0x00000001, 0x0004002B,
  0x00000013, 0x00000041, 0x00000017, 0x0004002B, 0x00000013, 0x00000046, 0x0000000D, 0x0004002B,
  0x00000006, 0x0000004F, 0x7F800000, 0x0004002B, 0x00000006, 0x00000057, 0x0000000F, 0x0004002B,
  0x00000006, 0x00000059, 0x0000007F, 0x00040020, 0x00000068, 0x00000001, 0x00000006, 0x0004003B,
  0x00000068, 0x00000069, 0x00000001, 0x0004002B, 0x00000013, 0x0000006E, 0x00000004, 0x00040017,
  0x00000071, 0x00000006, 0x00000003, 0x00040020, 0x00000072, 0x00000001, 0x00000071, 0x0004003B,
  0x00000072, 0x00000073, 0x00000001, 0x0004002B, 0x00000006, 0x00000076, 0x00000010, 0x00030016,
  0x00000080, 0x00000020, 0x00040020, 0x00000081, 0x00000007, 0x00000080, 0x0004002B, 0x00000080,
  0x00000083, 0x00000000, 0x00040020, 0x00000084, 0x00000007, 0x00000013, 0x0004002B, 0x00000013,
  0x00000086, 0x00000000, 0x0007001E, 0x0000008D, 0x00000013, 0x00000013, 0x00000013, 0x00000013,
  0x00000006, 0x00040020, 0x0000008E, 0x00000009, 0x0000008D, 0x0004003B, 0x0000008E, 0x0000008F,
  0x00000009, 0x0004002B, 0x00000013, 0x00000090, 0x00000002, 0x00040020, 0x00000091, 0x00000009,
  0x00000013, 0x0004002B, 0x00000013, 0x00000094, 0x0000000F, 0x0004001C, 0x000000A4, 0x00000080,
  0x00000076, 0x0004001C, 0x000000A5, 0x000000A4, 0x00000076, 0x00040020, 0x000000A6, 0x00000004,
  0x000000A5, 0x0004003B, 0x000000A6, 0x000000A7, 0x00000004, 0x0003001D, 0x000000BA, 0x00000080,
  0x0003001E, 0x000000BB, 0x000000BA, 0x00040020, 0x000000BC, 0x0000000C, 0x000000BB, 0x0004003B,
  0x000000BC, 0x000000BD, 0x0000000C, 0x00040020, 0x000000C5, 0x0000000C, 0x00000080, 0x00040020,
  0x000000CA, 0x00000004, 0x00000080, 0x0004003B, 0x000000A6, 0x000000DA, 0x00000004, 0x0004002B,
  0x00000013, 0x000000DE, 0x00000001, 0x0004002B, 0x00000013, 0x000000EE, 0x00000003, 0x00040015,
  0x000000F5, 0x00000010, 0x00000000, 0x0003001D, 0x000000F6, 0x000000F5, 0x0003001E, 0x000000F7,
  0x000000F6, 0x00040020, 0x000000F8, 0x0000000C, 0x000000F7, 0x0004003B, 0x000000F8, 0x000000F9,
  0x0000000C, 0x00040020, 0x000000FB, 0x0000000C, 0x000000F5, 0x0004002B, 0x00000006, 0x0000010D,
  0x00000002, 0x0004002B, 0x00000006, 0x0000010E, 0x00000108, 0x0003001D, 0x00000135, 0x00000080,
  0x0003001E, 0x00000136, 0x00000135, 0x00040020, 0x00000137, 0x0000000C, 0x00000136, 0x0004003B,
  0x00000137, 0x00000138, 0x0000000C, 0x0006002C, 0x00000071, 0x00000142, 0x00000076, 0x00000076,
  0x0000003A, 0x00050036, 0x00000002, 0x00000004, 0x00000000, 0x00000003, 0x000200F8, 0x00000005,
  0x0004003B, 0x00000007, 0x00000067, 0x00000007, 0x0004003B, 0x00000007, 0x0000006C, 0x00000007,
  0x0004003B, 0x00000007, 0x00000070, 0x00000007, 0x0004003B, 0x00000007, 0x0000007A, 0x00000007,
  0x0004003B, 0x00000081, 0x00000082, 0x00000007, 0x0004003B, 0x00000084, 0x00000085, 0x00000007,
  0x0004003B, 0x00000007, 0x00000098, 0x00000007, 0x0004003B, 0x00000007, 0x0000009E, 0x00000007,
  0x0004003B, 0x00000081, 0x000000B7, 0x00000007, 0x0004003B, 0x00000007, 0x000000CC, 0x00000007,
  0x0004003B, 0x00000007, 0x000000D2, 0x00000007, 0x0004003B, 0x00000081, 0x000000EB, 0x00000007,
  0x0004003B, 0x00000007, 0x000000F2, 0x00000007, 0x0004003B, 0x00000007, 0x000000FF, 0x00000007,
  0x0004003B, 0x00000007, 0x00000106, 0x00000007, 0x0004003B, 0x00000084, 0x0000010F, 0x00000007,
  0x0004003D, 0x00000006, 0x0000006A, 0x00000069, 0x000500C7, 0x00000006, 0x0000006B, 0x0000006A,
  0x00000057, 0x0003003E, 0x00000067, 0x0000006B, 0x0004003D, 0x00000006, 0x0000006D, 0x00000069,
  0x000500C2, 0x00000006, 0x0000006F, 0x0000006D, 0x0000006E, 0x0003003E, 0x0000006C, 0x0000006F,
  0x00050041, 0x00000068, 0x00000074, 0x00000073, 0x0000003A, 0x0004003D, 0x00000006, 0x00000075,
  0x00000074, 0x00050084, 0x00000006, 0x00000077, 0x00000075, 0x00000076, 0x0004003D, 0x00000006,
  0x00000078, 0x0000006C, 0x00050080, 0x00000006, 0x00000079, 0x00000077, 0x00000078, 0x0003003E,
  0x00000070, 0x00000079, 0x00050041, 0x00000068, 0x0000007B, 0x00000073, 0x00000021, 0x0004003D,
  0x00000006, 0x0000007C, 0x0000007B, 0x00050084, 0x00000006, 0x0000007D, 0x0000007C, 0x00000076,
  0x0004003D, 0x00000006, 0x0000007E, 0x00000067, 0x00050080, 0x00000006, 0x0000007F, 0x0000007D,
  0x0000007E, 0x0003003E, 0x0000007A, 0x0000007F, 0x0003003E, 0x00000082, 0x00000083, 0x0003003E,
  0x00000085, 0x00000086, 0x000200F9, 0x00000087, 0x000200F8, 0x00000087, 0x000400F6, 0x00000089,
  0x0000008A, 0x00000000, 0x000200F9, 0x0000008B, 0x000200F8, 0x0000008B, 0x0004003D, 0x00000013,
  0x0000008C, 0x00000085, 0x00050041, 0x00000091, 0x00000092, 0x0000008F, 0x00000090, 0x0004003D,
  0x00000013, 0x00000093, 0x00000092, 0x00050080, 0x00000013, 0x00000095, 0x00000093, 0x00000094,
  0x00050087, 0x00000013, 0x00000096, 0x00000095, 0x00000014, 0x000500B1, 0x00000022, 0x00000097,
  0x0000008C, 0x00000096, 0x000400FA, 0x00000097, 0x00000088, 0x00000089, 0x000200F8, 0x00000088,
  0x0004003D, 0x00000013, 0x00000099, 0x00000085, 0x0004007C, 0x00000006, 0x0000009A, 0x00000099,
  0x00050084, 0x00000006, 0x0000009B, 0x0000009A, 0x00000076, 0x0004003D, 0x00000006, 0x0000009C,
  0x00000067, 0x00050080, 0x00000006, 0x0000009D, 0x0000009B, 0x0000009C, 0x0003003E, 0x00000098,
  0x0000009D, 0x00050041, 0x00000068, 0x0000009F, 0x00000073, 0x0000003A, 0x0004003D, 0x00000006,
  0x000000A0, 0x0000009F, 0x00050084, 0x00000006, 0x000000A1, 0x000000A0, 0x00000076, 0x0004003D,
  0x00000006, 0x000000A2, 0x0000006C, 0x00050080, 0x00000006, 0x000000A3, 0x000000A1, 0x000000A2,
  0x0003003E, 0x0000009E, 0x000000A3, 0x0004003D, 0x00000006, 0x000000A8, 0x0000006C, 0x0004003D,
  0x00000006, 0x000000A9, 0x00000067, 0x0004003D, 0x00000006, 0x000000AA, 0x0000009E, 0x00050041,
  0x00000091, 0x000000AB, 0x0000008F, 0x00000086, 0x0004003D, 0x00000013, 0x000000AC, 0x000000AB,
  0x0004007C, 0x00000006, 0x000000AD, 0x000000AC, 0x000500B0, 0x00000022, 0x000000AE, 0x000000AA,
  0x000000AD, 0x000300F7, 0x000000B0, 0x00000000, 0x000400FA, 0x000000AE, 0x000000AF, 0x000000B0,
  0x000200F8, 0x000000AF, 0x0004003D, 0x00000006, 0x000000B1, 0x00000098, 0x00050041, 0x00000091,
  0x000000B2, 0x0000008F, 0x00000090, 0x0004003D, 0x00000013, 0x000000B3, 0x000000B2, 0x0004007C,
  0x00000006, 0x000000B4, 0x000000B3, 0x000500B0, 0x00000022, 0x000000B5, 0x000000B1, 0x000000B4,
  0x000200F9, 0x000000B0, 0x000200F8, 0x000000B0, 0x000700F5, 0x00000022, 0x000000B6, 0x000000AE,
  0x00000088, 0x000000B5, 0x000000AF, 0x000300F7, 0x000000B9, 0x00000000, 0x000400FA, 0x000000B6,
  0x000000B8, 0x000000C8, 0x000200F8, 0x000000B8, 0x0004003D, 0x00000006, 0x000000BE, 0x0000009E,
  0x00050041, 0x00000091, 0x000000BF, 0x0000008F, 0x00000090, 0x0004003D, 0x00000013, 0x000000C0,
  0x000000BF, 0x0004007C, 0x00000006, 0x000000C1, 0x000000C0, 0x00050084, 0x00000006, 0x000000C2,
  0x000000BE, 0x000000C1, 0x0004003D, 0x00000006, 0x000000C3, 0x00000098, 0x00050080, 0x00000006,
  0x000000C4, 0x000000C2, 0x000000C3, 0x00060041, 0x000000C5, 0x000000C6, 0x000000BD, 0x00000086,
  0x000000C4, 0x0004003D, 0x00000080, 0x000000C7, 0x000000C6, 0x0003003E, 0x000000B7, 0x000000C7,
  0x000200F9, 0x000000B9, 0x000200F8, 0x000000C8, 0x0003003E, 0x000000B7, 0x00000083, 0x000200F9,
  0x000000B9, 0x000200F8, 0x000000B9, 0x0004003D, 0x00000080, 0x000000C9, 0x000000B7, 0x00060041,
  0x000000CA, 0x000000CB, 0x000000A7, 0x000000A8, 0x000000A9, 0x0003003E, 0x000000CB, 0x000000C9,
  0x0004003D, 0x00000013, 0x000000CD, 0x00000085, 0x0004007C, 0x00000006, 0x000000CE, 0x000000CD,
  0x00050084, 0x00000006, 0x000000CF, 0x000000CE, 0x00000076, 0x0004003D, 0x00000006, 0x000000D0,
  0x0000006C, 0x00050080, 0x00000006, 0x000000D1, 0x000000CF, 0x000000D0, 0x0003003E, 0x000000CC,
  0x000000D1, 0x0004003D, 0x00000006, 0x000000D3, 0x0000007A, 0x00050041, 0x00000091, 0x000000D4,
  0x0000008F, 0x00000090, 0x0004003D, 0x00000013, 0x000000D5, 0x000000D4, 0x0004007C, 0x00000006,
  0x000000D6, 0x000000D5, 0x00050084, 0x00000006, 0x000000D7, 0x000000D3, 0x000000D6, 0x0004003D,
  0x00000006, 0x000000D8, 0x000000CC, 0x00050080, 0x00000006, 0x000000D9, 0x000000D7, 0x000000D8,
  0x0003003E, 0x000000D2, 0x000000D9, 0x0004003D, 0x00000006, 0x000000DB, 0x0000006C, 0x0004003D,
  0x00000006, 0x000000DC, 0x00000067, 0x0004003D, 0x00000006, 0x000000DD, 0x0000007A, 0x00050041,
  0x00000091, 0x000000DF, 0x0000008F, 0x000000DE, 0x0004003D, 0x00000013, 0x000000E0, 0x000000DF,
  0x0004007C, 0x00000006, 0x000000E1, 0x000000E0, 0x000500B0, 0x00000022, 0x000000E2, 0x000000DD,
  0x000000E1, 0x000300F7, 0x000000E4, 0x00000000, 0x000400FA, 0x000000E2, 0x000000E3, 0x000000E4,
  0x000200F8, 0x000000E3, 0x0004003D, 0x00000006, 0x000000E5, 0x000000CC, 0x00050041, 0x00000091,
  0x000000E6, 0x0000008F, 0x00000090, 0x0004003D, 0x00000013, 0x000000E7, 0x000000E6, 0x0004007C,
  0x00000006, 0x000000E8, 0x000000E7, 0x000500B0, 0x00000022, 0x000000E9, 0x000000E5, 0x000000E8,
  0x000200F9, 0x000000E4, 0x000200F8, 0x000000E4, 0x000700F5, 0x00000022, 0x000000EA, 0x000000E2,
  0x000000B9, 0x000000E9, 0x000000E3, 0x000300F7, 0x000000ED, 0x00000000, 0x000400FA, 0x000000EA,
  0x000000EC, 0x0000010A, 0x000200F8, 0x000000EC, 0x00050041, 0x00000091, 0x000000EF, 0x0000008F,
  0x000000EE, 0x0004003D, 0x00000013, 0x000000F0, 0x000000EF, 0x000500AB, 0x00000022, 0x000000F1,
  0x000000F0, 0x00000086, 0x000300F7, 0x000000F4, 0x00000000, 0x000400FA, 0x000000F1, 0x000000F3,
  0x00000101, 0x000200F8, 0x000000F3, 0x0004003D, 0x00000006, 0x000000FA, 0x000000D2, 0x00060041,
  0x000000FB, 0x000000FC, 0x000000F9, 0x00000086, 0x000000FA, 0x0004003D, 0x000000F5, 0x000000FD,
  0x000000FC, 0x00040071, 0x00000006, 0x000000FE, 0x000000FD, 0x0003003E, 0x000000FF, 0x000000FE,
  0x00050039, 0x00000006, 0x00000100, 0x0000000D, 0x000000FF, 0x0003003E, 0x000000F2, 0x00000100,
  0x000200F9, 0x000000F4, 0x000200F8, 0x00000101, 0x0004003D, 0x00000006, 0x00000102, 0x000000D2,
  0x00060041, 0x000000FB, 0x00000103, 0x000000F9, 0x00000086, 0x00000102, 0x0004003D, 0x000000F5,
  0x00000104, 0x00000103, 0x00040071, 0x00000006, 0x00000105, 0x00000104, 0x0003003E, 0x00000106,
  0x00000105, 0x00050039, 0x00000006, 0x00000107, 0x0000000A, 0x00000106, 0x0003003E, 0x000000F2,
  0x00000107, 0x000200F9, 0x000000F4, 0x000200F8, 0x000000F4, 0x0004003D, 0x00000006, 0x00000108,
  0x000000F2, 0x0004007C, 0x00000080, 0x00000109, 0x00000108, 0x0003003E, 0x000000EB, 0x00000109,
  0x000200F9, 0x000000ED, 0x000200F8, 0x0000010A, 0x0003003E, 0x000000EB, 0x00000083, 0x000200F9,
  0x000000ED, 0x000200F8, 0x000000ED, 0x0004003D, 0x00000080, 0x0000010B, 0x000000EB, 0x00060041,
  0x000000CA, 0x0000010C, 0x000000DA, 0x000000DB, 0x000000DC, 0x0003003E, 0x0000010C, 0x0000010B,
  0x000400E0, 0x0000010D, 0x0000010D, 0x0000010E, 0x0003003E, 0x0000010F, 0x00000086, 0x000200F9,
  0x00000110, 0x000200F8, 0x00000110, 0x000400F6, 0x00000112, 0x00000113, 0x00000000, 0x000200F9,
  0x00000114, 0x000200F8, 0x00000114, 0x0004003D, 0x00000013, 0x00000115, 0x0000010F, 0x000500B1,
  0x00000022, 0x00000116, 0x00000115, 0x00000014, 0x000400FA, 0x00000116, 0x00000111, 0x00000112,
  0x000200F8, 0x00000111, 0x0004003D, 0x00000006, 0x00000117, 0x0000006C, 0x0004003D, 0x00000013,
  0x00000118, 0x0000010F, 0x00060041, 0x000000CA, 0x00000119, 0x000000A7, 0x00000117, 0x00000118,
  0x0004003D, 0x00000080, 0x0000011A, 0x00000119, 0x0004003D, 0x00000013, 0x0000011B, 0x0000010F,
  0x0004003D, 0x00000006, 0x0000011C, 0x00000067, 0x00060041, 0x000000CA, 0x0000011D, 0x000000DA,
  0x0000011B, 0x0000011C, 0x0004003D, 0x00000080, 0x0000011E, 0x0000011D, 0x00050085, 0x00000080,
  0x0000011F, 0x0000011A, 0x0000011E, 0x0004003D, 0x00000080, 0x00000120, 0x00000082, 0x00050081,
  0x00000080, 0x00000121, 0x00000120, 0x0000011F, 0x0003003E, 0x00000082, 0x00000121, 0x000200F9,
  0x00000113, 0x000200F8, 0x00000113, 0x0004003D, 0x00000013, 0x00000122, 0x0000010F, 0x00050080,
  0x00000013, 0x00000123, 0x00000122, 0x000000DE, 0x0003003E, 0x0000010F, 0x00000123, 0x000200F9,
  0x00000110, 0x000200F8, 0x00000112, 0x000400E0, 0x0000010D, 0x0000010D, 0x0000010E, 0x000200F9,
  0x0000008A, 0x000200F8, 0x0000008A, 0x0004003D, 0x00000013, 0x00000124, 0x00000085, 0x00050080,
  0x00000013, 0x00000125, 0x00000124, 0x000000DE, 0x0003003E, 0x00000085, 0x00000125, 0x000200F9,
  0x00000087, 0x000200F8, 0x00000089, 0x0004003D, 0x00000006, 0x00000126, 0x00000070, 0x00050041,
  0x00000091, 0x00000127, 0x0000008F, 0x00000086, 0x0004003D, 0x00000013, 0x00000128, 0x00000127,
  0x0004007C, 0x00000006, 0x00000129, 0x00000128, 0x000500B0, 0x00000022, 0x0000012A, 0x00000126,
  0x00000129, 0x000300F7, 0x0000012C, 0x00000000, 0x000400FA, 0x0000012A, 0x0000012B, 0x0000012C,
  0x000200F8, 0x0000012B, 0x0004003D, 0x00000006, 0x0000012D, 0x0000007A, 0x00050041, 0x00000091,
  0x0000012E, 0x0000008F, 0x000000DE, 0x0004003D, 0x00000013, 0x0000012F, 0x0000012E, 0x0004007C,
  0x00000006, 0x00000130, 0x0000012F, 0x000500B0, 0x00000022, 0x00000131, 0x0000012D, 0x00000130,
  0x000200F9, 0x0000012C, 0x000200F8, 0x0000012C, 0x000700F5, 0x00000022, 0x00000132, 0x0000012A,
  0x00000089, 0x00000131, 0x0000012B, 0x000300F7, 0x00000134, 0x00000000, 0x000400FA, 0x00000132,
  0x00000133, 0x00000134, 0x000200F8, 0x00000133, 0x0004003D, 0x00000006, 0x00000139, 0x00000070,
  0x00050041, 0x00000091, 0x0000013A, 0x0000008F, 0x000000DE, 0x0004003D, 0x00000013, 0x0000013B,
  0x0000013A, 0x0004007C, 0x00000006, 0x0000013C, 0x0000013B, 0x00050084, 0x00000006, 0x0000013D,
  0x00000139, 0x0000013C, 0x0004003D, 0x00000006, 0x0000013E, 0x0000007A, 0x00050080, 0x00000006,
  0x0000013F, 0x0000013D, 0x0000013E, 0x0004003D, 0x00000080, 0x00000140, 0x00000082, 0x00060041,
  0x000000C5, 0x00000141, 0x00000138, 0x00000086, 0x0000013F, 0x0003003E, 0x00000141, 0x00000140,
  0x000200F9, 0x00000134, 0x000200F8, 0x00000134, 0x000100FD, 0x00010038, 0x00050036, 0x00000006,
  0x0000000A, 0x00000000, 0x00000008, 0x00030037, 0x00000007, 0x00000009, 0x000200F8, 0x0000000B,
  0x0004003B, 0x00000007, 0x0000000F, 0x00000007, 0x0004003B, 0x00000007, 0x00000016, 0x00000007,
  0x0004003B, 0x00000007, 0x0000001C, 0x00000007, 0x0004003B, 0x00000007, 0x0000002A, 0x00000007,
  0x0004003B, 0x00000007, 0x0000002D, 0x00000007, 0x0004003B, 0x00000007, 0x0000002F, 0x00000007,
  0x0004003D, 0x00000006, 0x00000010, 0x00000009, 0x000500C7, 0x00000006, 0x00000012, 0x00000010,
  0x00000011, 0x000500C4, 0x00000006, 0x00000015, 0x00000012, 0x00000014, 0x0003003E, 0x0000000F,
  0x00000015, 0x0004003D, 0x00000006, 0x00000017, 0x00000009, 0x000500C2, 0x00000006, 0x00000019,
  0x00000017, 0x00000018, 0x000500C7, 0x00000006, 0x0000001B, 0x00000019, 0x0000001A, 0x0003003E,
  0x00000016, 0x0000001B, 0x0004003D, 0x00000006, 0x0000001D, 0x00000009, 0x000500C7, 0x00000006,
  0x0000001F, 0x0000001D, 0x0000001E, 0x0003003E, 0x0000001C, 0x0000001F, 0x0004003D, 0x00000006,
  0x00000020, 0x00000016, 0x000500AA, 0x00000022, 0x00000023, 0x00000020, 0x00000021, 0x000300F7,
  0x00000025, 0x00000000, 0x000400FA, 0x00000023, 0x00000024, 0x00000049, 0x000200F8, 0x00000024,
  0x0004003D, 0x00000006, 0x00000026, 0x0000001C, 0x000500AA, 0x00000022, 0x00000027, 0x00000026,
  0x00000021, 0x000300F7, 0x00000029, 0x00000000, 0x000400FA, 0x00000027, 0x00000028, 0x0000002C,
  0x000200F8, 0x00000028, 0x0004003D, 0x00000006, 0x0000002B, 0x0000000F, 0x0003003E, 0x0000002A,
  0x0000002B, 0x000200F9, 0x00000029, 0x000200F8, 0x0000002C, 0x0003003E, 0x0000002D, 0x0000002E,
  0x0004003D, 0x00000006, 0x00000030, 0x0000001C, 0x0003003E, 0x0000002F, 0x00000030, 0x000200F9,
  0x00000031, 0x000200F8, 0x00000031, 0x000400F6, 0x00000033, 0x00000034, 0x00000000, 0x000200F9,
  0x00000035, 0x000200F8, 0x00000035, 0x0004003D, 0x00000006, 0x00000036, 0x0000002F, 0x000500C7,
  0x00000006, 0x00000038, 0x00000036, 0x00000037, 0x000500AA, 0x00000022, 0x00000039, 0x00000038,
  0x00000021, 0x000400FA, 0x00000039, 0x00000032, 0x00000033, 0x000200F8, 0x00000032, 0x0004003D,
  0x00000006, 0x0000003B, 0x0000002F, 0x000500C4, 0x00000006, 0x0000003C, 0x0000003B, 0x0000003A,
  0x0003003E, 0x0000002F, 0x0000003C, 0x0004003D, 0x00000006, 0x0000003D, 0x0000002D, 0x00050082,
  0x00000006, 0x0000003E, 0x0000003D, 0x0000003A, 0x0003003E, 0x0000002D, 0x0000003E, 0x000200F9,
  0x00000034, 0x000200F8, 0x00000034, 0x000200F9, 0x00000031, 0x000200F8, 0x00000033, 0x0004003D,
  0x00000006, 0x0000003F, 0x0000000F, 0x0004003D, 0x00000006, 0x00000040, 0x0000002D, 0x000500C4,
  0x00000006, 0x00000042, 0x00000040, 0x00000041, 0x000500C5, 0x00000006, 0x00000043, 0x0000003F,
  0x00000042, 0x0004003D, 0x00000006, 0x00000044, 0x0000002F, 0x000500C7, 0x00000006, 0x00000045,
  0x00000044, 0x0000001E, 0x000500C4, 0x00000006, 0x00000047, 0x00000045, 0x00000046, 0x000500C5,
  0x00000006, 0x00000048, 0x00000043, 0x00000047, 0x0003003E, 0x0000002A, 0x00000048, 0x000200F9,
  0x00000029, 0x000200F8, 0x00000029, 0x000200F9, 0x00000025, 0x000200F8, 0x00000049, 0x0004003D,
  0x00000006, 0x0000004A, 0x00000016, 0x000500AA, 0x00000022, 0x0000004B, 0x0000004A, 0x0000001A,
  0x000300F7, 0x0000004D, 0x00000000, 0x000400FA, 0x0000004B, 0x0000004C, 0x00000054, 0x000200F8,
  0x0000004C, 0x0004003D, 0x00000006, 0x0000004E, 0x0000000F, 0x000500C5, 0x00000006, 0x00000050,
  0x0000004E, 0x0000004F, 0x0004003D, 0x00000006, 0x00000051, 0x0000001C, 0x000500C4, 0x00000006,
  0x00000052, 0x00000051, 0x00000046, 0x000500C5, 0x00000006, 0x00000053, 0x00000050, 0x00000052,
  0x0003003E, 0x0000002A, 0x00000053, 0x000200F9, 0x0000004D, 0x000200F8, 0x00000054, 0x0004003D,
  0x00000006, 0x00000055, 0x0000000F, 0x0004003D, 0x00000006, 0x00000056, 0x00000016, 0x00050082,
  0x00000006, 0x00000058, 0x00000056, 0x00000057, 0x00050080, 0x00000006, 0x0000005A, 0x00000058,
  0x00000059, 0x000500C4, 0x00000006, 0x0000005B, 0x0000005A, 0x00000041, 0x000500C5, 0x00000006,
  0x0000005C, 0x00000055, 0x0000005B, 0x0004003D, 0x00000006, 0x0000005D, 0x0000001C, 0x000500C4,
  0x00000006, 0x0000005E, 0x0000005D, 0x00000046, 0x000500C5, 0x00000006, 0x0000005F, 0x0000005C,
  0x0000005E, 0x0003003E, 0x0000002A, 0x0000005F, 0x000200F9, 0x0000004D, 0x000200F8, 0x0000004D,
  0x000200F9, 0x00000025, 0x000200F8, 0x00000025, 0x0004003D, 0x00000006, 0x00000060, 0x0000002A,
  0x000200FE, 0x00000060, 0x00010038, 0x00050036, 0x00000006, 0x0000000D, 0x00000000, 0x00000008,
  0x00030037, 0x00000007, 0x0000000C, 0x000200F8, 0x0000000E, 0x0004003D, 0x00000006, 0x00000063,
  0x0000000C, 0x000500C4, 0x00000006, 0x00000064, 0x00000063, 0x00000014, 0x000200FE, 0x00000064,
  0x00010038,
};
static const unsigned int matmul_q8_spv[] = {
  0x07230203, 0x00010500, 0x0008000B, 0x00000142, 0x00000000, 0x00020011, 0x00000001, 0x00020011,
  0x00000027, 0x00020011, 0x00001151, 0x00020011, 0x00001160, 0x0006000B, 0x00000001, 0x4C534C47,
  0x6474732E, 0x3035342E, 0x00000000, 0x0003000E, 0x00000000, 0x00000001, 0x000E000F, 0x00000005,
  0x00000004, 0x6E69616D, 0x00000000, 0x00000062, 0x0000006C, 0x00000088, 0x000000A0, 0x000000B6,
  0x000000D9, 0x000000F1, 0x00000100, 0x00000137, 0x00060010, 0x00000004, 0x00000011, 0x00000010,
  0x00000010, 0x00000001, 0x00030003, 0x00000002, 0x000001C2, 0x00080004, 0x455F4C47, 0x735F5458,
  0x616C6163, 0x6C625F72, 0x5F6B636F, 0x6F79616C, 0x00007475, 0x000B0004, 0x455F4C47, 0x735F5458,
  0x65646168, 0x78655F72, 0x63696C70, 0x615F7469, 0x68746972, 0x6974656D, 0x79745F63, 0x00736570,
  0x00040005, 0x00000004, 0x6E69616D, 0x00000000, 0x00070005, 0x0000000A, 0x36317066, 0x5F6F745F,
  0x616F6C66, 0x28755F74, 0x003B3175, 0x00030005, 0x00000009, 0x00000068, 0x00040005, 0x0000000C,
  0x6E676973, 0x00000000, 0x00030005, 0x00000013, 0x00707865, 0x00040005, 0x00000019, 0x746E616D,
  0x00000000, 0x00040005, 0x00000027, 0x73746962, 0x00000000, 0x00030005, 0x0000002A, 0x00000065,
  0x00030005, 0x0000002C, 0x0000006D, 0x00030005, 0x00000060, 0x00007874, 0x00080005, 0x00000062,
  0x4C5F6C67, 0x6C61636F, 0x6F766E49, 0x69746163, 0x6E496E6F, 0x00786564, 0x00030005, 0x00000065,
  0x00007974, 0x00030005, 0x00000069, 0x00776F72, 0x00060005, 0x0000006C, 0x575F6C67, 0x476B726F,
  0x70756F72, 0x00004449, 0x00030005, 0x00000073, 0x006C6F63, 0x00030005, 0x0000007B, 0x00636361,
  0x00030005, 0x0000007E, 0x0000746B, 0x00030005, 0x00000086, 0x00004350, 0x00040006, 0x00000086,
  0x00000000, 0x0000006D, 0x00040006, 0x00000086, 0x00000001, 0x0000006E, 0x00040006, 0x00000086,
  0x00000002, 0x0000006B, 0x00050006, 0x00000086, 0x00000003, 0x666F5F77, 0x00000066, 0x00050006,
  0x00000086, 0x00000004, 0x6F5F7377, 0x00006666, 0x00030005, 0x00000088, 0x00006370, 0x00030005,
  0x00000091, 0x00006B61, 0x00040005, 0x00000097, 0x5F776F72, 0x00736261, 0x00030005, 0x000000A0,
  0x00007341, 0x00030005, 0x000000B4, 0x00005842, 0x00040006, 0x000000B4, 0x00000000, 0x00000078,
  0x00030005, 0x000000B6, 0x00000000, 0x00030005, 0x000000C5, 0x00007262, 0x00030005, 0x000000CB,
  0x00006B62, 0x00030005, 0x000000D1, 0x00786469, 0x00030005, 0x000000D9, 0x00007342, 0x00040005,
  0x000000EF, 0x31535742, 0x00000036, 0x00040006, 0x000000EF, 0x00000000, 0x00007377, 0x00030005,
  0x000000F1, 0x00000000, 0x00040005, 0x000000F9, 0x61726170, 0x0000006D, 0x00030005, 0x000000FE,
  0x00385742, 0x00040006, 0x000000FE, 0x00000000, 0x00003877, 0x00030005, 0x00000100, 0x00000000,
  0x00030005, 0x0000010E, 0x00000061, 0x00030005, 0x00000135, 0x00005942, 0x00040006, 0x00000135,
  0x00000000, 0x00000079, 0x00030005, 0x00000137, 0x00000000, 0x00040047, 0x00000062, 0x0000000B,
  0x0000001D, 0x00040047, 0x0000006C, 0x0000000B, 0x0000001A, 0x00030047, 0x00000086, 0x00000002,
  0x00050048, 0x00000086, 0x00000000, 0x00000023, 0x00000000, 0x00050048, 0x00000086, 0x00000001,
  0x00000023, 0x00000004, 0x00050048, 0x00000086, 0x00000002, 0x00000023, 0x00000008, 0x00050048,
  0x00000086, 0x00000003, 0x00000023, 0x0000000C, 0x00050048, 0x00000086, 0x00000004, 0x00000023,
  0x00000010, 0x00040047, 0x000000B3, 0x00000006, 0x00000004, 0x00030047, 0x000000B4, 0x00000002,
  0x00050048, 0x000000B4, 0x00000000, 0x00000023, 0x00000000, 0x00040047, 0x000000B6, 0x00000021,
  0x00000000, 0x00040047, 0x000000B6, 0x00000022, 0x00000000, 0x00040047, 0x000000EE, 0x00000006,
  0x00000002, 0x00030047, 0x000000EF, 0x00000002, 0x00050048, 0x000000EF, 0x00000000, 0x00000023,
  0x00000000, 0x00040047, 0x000000F1, 0x00000021, 0x00000002, 0x00040047, 0x000000F1, 0x00000022,
  0x00000000, 0x00040047, 0x000000FD, 0x00000006, 0x00000001, 0x00030047, 0x000000FE, 0x00000002,
  0x00050048, 0x000000FE, 0x00000000, 0x00000023, 0x00000000, 0x00040047, 0x00000100, 0x00000021,
  0x00000001, 0x00040047, 0x00000100, 0x00000022, 0x00000000, 0x00040047, 0x00000134, 0x00000006,
  0x00000004, 0x00030047, 0x00000135, 0x00000002, 0x00050048, 0x00000135, 0x00000000, 0x00000023,
  0x00000000, 0x00040047, 0x00000137, 0x00000021, 0x00000003, 0x00040047, 0x00000137, 0x00000022,
  0x00000000, 0x00040047, 0x00000141, 0x0000000B, 0x00000019, 0x00020013, 0x00000002, 0x00030021,
  0x00000003, 0x00000002, 0x00040015, 0x00000006, 0x00000020, 0x00000000, 0x00040020, 0x00000007,
  0x00000007, 0x00000006, 0x00040021, 0x00000008, 0x00000006, 0x00000007, 0x0004002B, 0x00000006,
  0x0000000E, 0x00008000, 0x00040015, 0x00000010, 0x00000020, 0x00000001, 0x0004002B, 0x00000010,
  0x00000011, 0x00000010, 0x0004002B, 0x00000010, 0x00000015, 0x0000000A, 0x0004002B, 0x00000006,
  0x00000017, 0x0000001F, 0x0004002B, 0x00000006, 0x0000001B, 0x000003FF, 0x0004002B, 0x00000006,
  0x0000001E, 0x00000000, 0x00020014, 0x0000001F, 0x0004002B, 0x00000006, 0x0000002B, 0x00000071,
  0x0004002B, 0x00000006, 0x00000034, 0x00000400, 0x0004002B, 0x00000006, 0x00000037, 0x00000001,
  0x0004002B, 0x00000010, 0x0000003E, 0x00000017, 0x0004002B, 0x00000010, 0x00000043, 0x0000000D,
  0x0004002B, 0x00000006, 0x0000004C, 0x7F800000, 0x0004002B, 0x00000006, 0x00000054, 0x0000000F,
  0x0004002B, 0x00000006, 0x00000056, 0x0000007F, 0x00040020, 0x00000061, 0x00000001, 0x00000006,
  0x0004003B, 0x00000061, 0x00000062, 0x00000001, 0x0004002B, 0x00000010, 0x00000067, 0x00000004,
  0x00040017, 0x0000006A, 0x00000006, 0x00000003, 0x00040020, 0x0000006B, 0x00000001, 0x0000006A,
  0x0004003B, 0x0000006B, 0x0000006C, 0x00000001, 0x0004002B, 0x00000006, 0x0000006F, 0x00000010,
  0x00030016, 0x00000079, 0x00000020, 0x00040020, 0x0000007A, 0x00000007, 0x00000079, 0x0004002B,
  0x00000079, 0x0000007C, 0x00000000, 0x00040020, 0x0000007D, 0x00000007, 0x00000010, 0x0004002B,
  0x00000010, 0x0000007F, 0x00000000, 0x0007001E, 0x00000086, 0x00000010, 0x00000010, 0x00000010,
  0x00000006, 0x00000006, 0x00040020, 0x00000087, 0x00000009, 0x00000086, 0x0004003B, 0x00000087,
  0x00000088, 0x00000009, 0x0004002B, 0x00000010, 0x00000089, 0x00000002, 0x00040020, 0x0000008A,
  0x00000009, 0x00000010, 0x0004002B, 0x00000010, 0x0000008D, 0x0000000F, 0x0004001C, 0x0000009D,
  0x00000079, 0x0000006F, 0x0004001C, 0x0000009E, 0x0000009D, 0x0000006F, 0x00040020, 0x0000009F,
  0x00000004, 0x0000009E, 0x0004003B, 0x0000009F, 0x000000A0, 0x00000004, 0x0003001D, 0x000000B3,
  0x00000079, 0x0003001E, 0x000000B4, 0x000000B3, 0x00040020, 0x000000B5, 0x0000000C, 0x000000B4,
  0x0004003B, 0x000000B5, 0x000000B6, 0x0000000C, 0x00040020, 0x000000BE, 0x0000000C, 0x00000079,
  0x00040020, 0x000000C3, 0x00000004, 0x00000079, 0x0004003B, 0x0000009F, 0x000000D9, 0x00000004,
  0x0004002B, 0x00000010, 0x000000DD, 0x00000001, 0x00040015, 0x000000ED, 0x00000010, 0x00000000,
  0x0003001D, 0x000000EE, 0x000000ED, 0x0003001E, 0x000000EF, 0x000000EE, 0x00040020, 0x000000F0,
  0x0000000C, 0x000000EF, 0x0004003B, 0x000000F0, 0x000000F1, 0x0000000C, 0x0004002B, 0x00000010,
  0x000000F3, 0x00000005, 0x00040020, 0x000000F5, 0x0000000C, 0x000000ED, 0x00040015, 0x000000FC,
  0x00000008, 0x00000000, 0x0003001D, 0x000000FD, 0x000000FC, 0x0003001E, 0x000000FE, 0x000000FD,
  0x00040020, 0x000000FF, 0x0000000C, 0x000000FE, 0x0004003B, 0x000000FF, 0x00000100, 0x0000000C,
  0x00040020, 0x00000102, 0x0000000C, 0x000000FC, 0x00040015, 0x00000105, 0x00000008, 0x00000001,
  0x0004002B, 0x00000006, 0x0000010C, 0x00000002, 0x0004002B, 0x00000006, 0x0000010D, 0x00000108,
  0x0003001D, 0x00000134, 0x00000079, 0x0003001E, 0x00000135, 0x00000134, 0x00040020, 0x00000136,
  0x0000000C, 0x00000135, 0x0004003B, 0x00000136, 0x00000137, 0x0000000C, 0x0006002C, 0x0000006A,
  0x00000141, 0x0000006F, 0x0000006F, 0x00000037, 0x00050036, 0x00000002, 0x00000004, 0x00000000,
  0x00000003, 0x000200F8, 0x00000005, 0x0004003B, 0x00000007, 0x00000060, 0x00000007, 0x0004003B,
  0x00000007, 0x00000065, 0x00000007, 0x0004003B, 0x00000007, 0x00000069, 0x00000007, 0x0004003B,
  0x00000007, 0x00000073, 0x00000007, 0x0004003B, 0x0000007A, 0x0000007B, 0x00000007, 0x0004003B,
  0x0000007D, 0x0000007E, 0x00000007, 0x0004003B, 0x00000007, 0x00000091, 0x00000007, 0x0004003B,
  0x00000007, 0x00000097, 0x00000007, 0x0004003B, 0x0000007A, 0x000000B0, 0x00000007, 0x0004003B,
  0x00000007, 0x000000C5, 0x00000007, 0x0004003B, 0x00000007, 0x000000CB, 0x00000007, 0x0004003B,
  0x00000007, 0x000000D1, 0x00000007, 0x0004003B, 0x0000007A, 0x000000EA, 0x00000007, 0x0004003B,
  0x00000007, 0x000000F9, 0x00000007, 0x0004003B, 0x0000007D, 0x0000010E, 0x00000007, 0x0004003D,
  0x00000006, 0x00000063, 0x00000062, 0x000500C7, 0x00000006, 0x00000064, 0x00000063, 0x00000054,
  0x0003003E, 0x00000060, 0x00000064, 0x0004003D, 0x00000006, 0x00000066, 0x00000062, 0x000500C2,
  0x00000006, 0x00000068, 0x00000066, 0x00000067, 0x0003003E, 0x00000065, 0x00000068, 0x00050041,
  0x00000061, 0x0000006D, 0x0000006C, 0x00000037, 0x0004003D, 0x00000006, 0x0000006E, 0x0000006D,
  0x00050084, 0x00000006, 0x00000070, 0x0000006E, 0x0000006F, 0x0004003D, 0x00000006, 0x00000071,
  0x00000065, 0x00050080, 0x00000006, 0x00000072, 0x00000070, 0x00000071, 0x0003003E, 0x00000069,
  0x00000072, 0x00050041, 0x00000061, 0x00000074, 0x0000006C, 0x0000001E, 0x0004003D, 0x00000006,
  0x00000075, 0x00000074, 0x00050084, 0x00000006, 0x00000076, 0x00000075, 0x0000006F, 0x0004003D,
  0x00000006, 0x00000077, 0x00000060, 0x00050080, 0x00000006, 0x00000078, 0x00000076, 0x00000077,
  0x0003003E, 0x00000073, 0x00000078, 0x0003003E, 0x0000007B, 0x0000007C, 0x0003003E, 0x0000007E,
  0x0000007F, 0x000200F9, 0x00000080, 0x000200F8, 0x00000080, 0x000400F6, 0x00000082, 0x00000083,
  0x00000000, 0x000200F9, 0x00000084, 0x000200F8, 0x00000084, 0x0004003D, 0x00000010, 0x00000085,
  0x0000007E, 0x00050041, 0x0000008A, 0x0000008B, 0x00000088, 0x00000089, 0x0004003D, 0x00000010,
  0x0000008C, 0x0000008B, 0x00050080, 0x00000010, 0x0000008E, 0x0000008C, 0x0000008D, 0x00050087,
  0x00000010, 0x0000008F, 0x0000008E, 0x00000011, 0x000500B1, 0x0000001F, 0x00000090, 0x00000085,
  0x0000008F, 0x000400FA, 0x00000090, 0x00000081, 0x00000082, 0x000200F8, 0x00000081, 0x0004003D,
  0x00000010, 0x00000092, 0x0000007E, 0x0004007C, 0x00000006, 0x00000093, 0x00000092, 0x00050084,
  0x00000006, 0x00000094, 0x00000093, 0x0000006F, 0x0004003D, 0x00000006, 0x00000095, 0x00000060,
  0x00050080, 0x00000006, 0x00000096, 0x00000094, 0x00000095, 0x0003003E, 0x00000091, 0x00000096,
  0x00050041, 0x00000061, 0x00000098, 0x0000006C, 0x00000037, 0x0004003D, 0x00000006, 0x00000099,
  0x00000098, 0x00050084, 0x00000006, 0x0000009A, 0x00000099, 0x0000006F, 0x0004003D, 0x00000006,
  0x0000009B, 0x00000065, 0x00050080, 0x00000006, 0x0000009C, 0x0000009A, 0x0000009B, 0x0003003E,
  0x00000097, 0x0000009C, 0x0004003D, 0x00000006, 0x000000A1, 0x00000065, 0x0004003D, 0x00000006,
  0x000000A2, 0x00000060, 0x0004003D, 0x00000006, 0x000000A3, 0x00000097, 0x00050041, 0x0000008A,
  0x000000A4, 0x00000088, 0x0000007F, 0x0004003D, 0x00000010, 0x000000A5, 0x000000A4, 0x0004007C,
  0x00000006, 0x000000A6, 0x000000A5, 0x000500B0, 0x0000001F, 0x000000A7, 0x000000A3, 0x000000A6,
  0x000300F7, 0x000000A9, 0x00000000, 0x000400FA, 0x000000A7, 0x000000A8, 0x000000A9, 0x000200F8,
  0x000000A8, 0x0004003D, 0x00000006, 0x000000AA, 0x00000091, 0x00050041, 0x0000008A, 0x000000AB,
  0x00000088, 0x00000089, 0x0004003D, 0x00000010, 0x000000AC, 0x000000AB, 0x0004007C, 0x00000006,
  0x000000AD, 0x000000AC, 0x000500B0, 0x0000001F, 0x000000AE, 0x000000AA, 0x000000AD, 0x000200F9,
  0x000000A9, 0x000200F8, 0x000000A9, 0x000700F5, 0x0000001F, 0x000000AF, 0x000000A7, 0x00000081,
  0x000000AE, 0x000000A8, 0x000300F7, 0x000000B2, 0x00000000, 0x000400FA, 0x000000AF, 0x000000B1,
  0x000000C1, 0x000200F8, 0x000000B1, 0x0004003D, 0x00000006, 0x000000B7, 0x00000097, 0x00050041,
  0x0000008A, 0x000000B8, 0x00000088, 0x00000089, 0x0004003D, 0x00000010, 0x000000B9, 0x000000B8,
  0x0004007C, 0x00000006, 0x000000BA, 0x000000B9, 0x00050084, 0x00000006, 0x000000BB, 0x000000B7,
  0x000000BA, 0x0004003D, 0x00000006, 0x000000BC, 0x00000091, 0x00050080, 0x00000006, 0x000000BD,
  0x000000BB, 0x000000BC, 0x00060041, 0x000000BE, 0x000000BF, 0x000000B6, 0x0000007F, 0x000000BD,
  0x0004003D, 0x00000079, 0x000000C0, 0x000000BF, 0x0003003E, 0x000000B0, 0x000000C0, 0x000200F9,
  0x000000B2, 0x000200F8, 0x000000C1, 0x0003003E, 0x000000B0, 0x0000007C, 0x000200F9, 0x000000B2,
  0x000200F8, 0x000000B2, 0x0004003D, 0x00000079, 0x000000C2, 0x000000B0, 0x00060041, 0x000000C3,
  0x000000C4, 0x000000A0, 0x000000A1, 0x000000A2, 0x0003003E, 0x000000C4, 0x000000C2, 0x00050041,
  0x00000061, 0x000000C6, 0x0000006C, 0x0000001E, 0x0004003D, 0x00000006, 0x000000C7, 0x000000C6,
  0x00050084, 0x00000006, 0x000000C8, 0x000000C7, 0x0000006F, 0x0004003D, 0x00000006, 0x000000C9,
  0x00000060, 0x00050080, 0x00000006, 0x000000CA, 0x000000C8, 0x000000C9, 0x0003003E, 0x000000C5,
  0x000000CA, 0x0004003D, 0x00000010, 0x000000CC, 0x0000007E, 0x0004007C, 0x00000006, 0x000000CD,
  0x000000CC, 0x00050084, 0x00000006, 0x000000CE, 0x000000CD, 0x0000006F, 0x0004003D, 0x00000006,
  0x000000CF, 0x00000065, 0x00050080, 0x00000006, 0x000000D0, 0x000000CE, 0x000000CF, 0x0003003E,
  0x000000CB, 0x000000D0, 0x0004003D, 0x00000006, 0x000000D2, 0x000000C5, 0x00050041, 0x0000008A,
  0x000000D3, 0x00000088, 0x00000089, 0x0004003D, 0x00000010, 0x000000D4, 0x000000D3, 0x0004007C,
  0x00000006, 0x000000D5, 0x000000D4, 0x00050084, 0x00000006, 0x000000D6, 0x000000D2, 0x000000D5,
  0x0004003D, 0x00000006, 0x000000D7, 0x000000CB, 0x00050080, 0x00000006, 0x000000D8, 0x000000D6,
  0x000000D7, 0x0003003E, 0x000000D1, 0x000000D8, 0x0004003D, 0x00000006, 0x000000DA, 0x00000065,
  0x0004003D, 0x00000006, 0x000000DB, 0x00000060, 0x0004003D, 0x00000006, 0x000000DC, 0x000000C5,
  0x00050041, 0x0000008A, 0x000000DE, 0x00000088, 0x000000DD, 0x0004003D, 0x00000010, 0x000000DF,
  0x000000DE, 0x0004007C, 0x00000006, 0x000000E0, 0x000000DF, 0x000500B0, 0x0000001F, 0x000000E1,
  0x000000DC, 0x000000E0, 0x000300F7, 0x000000E3, 0x00000000, 0x000400FA, 0x000000E1, 0x000000E2,
  0x000000E3, 0x000200F8, 0x000000E2, 0x0004003D, 0x00000006, 0x000000E4, 0x000000CB, 0x00050041,
  0x0000008A, 0x000000E5, 0x00000088, 0x00000089, 0x0004003D, 0x00000010, 0x000000E6, 0x000000E5,
  0x0004007C, 0x00000006, 0x000000E7, 0x000000E6, 0x000500B0, 0x0000001F, 0x000000E8, 0x000000E4,
  0x000000E7, 0x000200F9, 0x000000E3, 0x000200F8, 0x000000E3, 0x000700F5, 0x0000001F, 0x000000E9,
  0x000000E1, 0x000000B2, 0x000000E8, 0x000000E2, 0x000300F7, 0x000000EC, 0x00000000, 0x000400FA,
  0x000000E9, 0x000000EB, 0x00000109, 0x000200F8, 0x000000EB, 0x0004003D, 0x00000006, 0x000000F2,
  0x000000D1, 0x000500C2, 0x00000006, 0x000000F4, 0x000000F2, 0x000000F3, 0x00060041, 0x000000F5,
  0x000000F6, 0x000000F1, 0x0000007F, 0x000000F4, 0x0004003D, 0x000000ED, 0x000000F7, 0x000000F6,
  0x00040071, 0x00000006, 0x000000F8, 0x000000F7, 0x0003003E, 0x000000F9, 0x000000F8, 0x00050039,
  0x00000006, 0x000000FA, 0x0000000A, 0x000000F9, 0x0004007C, 0x00000079, 0x000000FB, 0x000000FA,
  0x0004003D, 0x00000006, 0x00000101, 0x000000D1, 0x00060041, 0x00000102, 0x00000103, 0x00000100,
  0x0000007F, 0x00000101, 0x0004003D, 0x000000FC, 0x00000104, 0x00000103, 0x0004007C, 0x00000105,
  0x00000106, 0x00000104, 0x0004006F, 0x00000079, 0x00000107, 0x00000106, 0x00050085, 0x00000079,
  0x00000108, 0x000000FB, 0x00000107, 0x0003003E, 0x000000EA, 0x00000108, 0x000200F9, 0x000000EC,
  0x000200F8, 0x00000109, 0x0003003E, 0x000000EA, 0x0000007C, 0x000200F9, 0x000000EC, 0x000200F8,
  0x000000EC, 0x0004003D, 0x00000079, 0x0000010A, 0x000000EA, 0x00060041, 0x000000C3, 0x0000010B,
  0x000000D9, 0x000000DA, 0x000000DB, 0x0003003E, 0x0000010B, 0x0000010A, 0x000400E0, 0x0000010C,
  0x0000010C, 0x0000010D, 0x0003003E, 0x0000010E, 0x0000007F, 0x000200F9, 0x0000010F, 0x000200F8,
  0x0000010F, 0x000400F6, 0x00000111, 0x00000112, 0x00000000, 0x000200F9, 0x00000113, 0x000200F8,
  0x00000113, 0x0004003D, 0x00000010, 0x00000114, 0x0000010E, 0x000500B1, 0x0000001F, 0x00000115,
  0x00000114, 0x00000011, 0x000400FA, 0x00000115, 0x00000110, 0x00000111, 0x000200F8, 0x00000110,
  0x0004003D, 0x00000006, 0x00000116, 0x00000065, 0x0004003D, 0x00000010, 0x00000117, 0x0000010E,
  0x00060041, 0x000000C3, 0x00000118, 0x000000A0, 0x00000116, 0x00000117, 0x0004003D, 0x00000079,
  0x00000119, 0x00000118, 0x0004003D, 0x00000010, 0x0000011A, 0x0000010E, 0x0004003D, 0x00000006,
  0x0000011B, 0x00000060, 0x00060041, 0x000000C3, 0x0000011C, 0x000000D9, 0x0000011A, 0x0000011B,
  0x0004003D, 0x00000079, 0x0000011D, 0x0000011C, 0x00050085, 0x00000079, 0x0000011E, 0x00000119,
  0x0000011D, 0x0004003D, 0x00000079, 0x0000011F, 0x0000007B, 0x00050081, 0x00000079, 0x00000120,
  0x0000011F, 0x0000011E, 0x0003003E, 0x0000007B, 0x00000120, 0x000200F9, 0x00000112, 0x000200F8,
  0x00000112, 0x0004003D, 0x00000010, 0x00000121, 0x0000010E, 0x00050080, 0x00000010, 0x00000122,
  0x00000121, 0x000000DD, 0x0003003E, 0x0000010E, 0x00000122, 0x000200F9, 0x0000010F, 0x000200F8,
  0x00000111, 0x000400E0, 0x0000010C, 0x0000010C, 0x0000010D, 0x000200F9, 0x00000083, 0x000200F8,
  0x00000083, 0x0004003D, 0x00000010, 0x00000123, 0x0000007E, 0x00050080, 0x00000010, 0x00000124,
  0x00000123, 0x000000DD, 0x0003003E, 0x0000007E, 0x00000124, 0x000200F9, 0x00000080, 0x000200F8,
  0x00000082, 0x0004003D, 0x00000006, 0x00000125, 0x00000069, 0x00050041, 0x0000008A, 0x00000126,
  0x00000088, 0x0000007F, 0x0004003D, 0x00000010, 0x00000127, 0x00000126, 0x0004007C, 0x00000006,
  0x00000128, 0x00000127, 0x000500B0, 0x0000001F, 0x00000129, 0x00000125, 0x00000128, 0x000300F7,
  0x0000012B, 0x00000000, 0x000400FA, 0x00000129, 0x0000012A, 0x0000012B, 0x000200F8, 0x0000012A,
  0x0004003D, 0x00000006, 0x0000012C, 0x00000073, 0x00050041, 0x0000008A, 0x0000012D, 0x00000088,
  0x000000DD, 0x0004003D, 0x00000010, 0x0000012E, 0x0000012D, 0x0004007C, 0x00000006, 0x0000012F,
  0x0000012E, 0x000500B0, 0x0000001F, 0x00000130, 0x0000012C, 0x0000012F, 0x000200F9, 0x0000012B,
  0x000200F8, 0x0000012B, 0x000700F5, 0x0000001F, 0x00000131, 0x00000129, 0x00000082, 0x00000130,
  0x0000012A, 0x000300F7, 0x00000133, 0x00000000, 0x000400FA, 0x00000131, 0x00000132, 0x00000133,
  0x000200F8, 0x00000132, 0x0004003D, 0x00000006, 0x00000138, 0x00000069, 0x00050041, 0x0000008A,
  0x00000139, 0x00000088, 0x000000DD, 0x0004003D, 0x00000010, 0x0000013A, 0x00000139, 0x0004007C,
  0x00000006, 0x0000013B, 0x0000013A, 0x00050084, 0x00000006, 0x0000013C, 0x00000138, 0x0000013B,
  0x0004003D, 0x00000006, 0x0000013D, 0x00000073, 0x00050080, 0x00000006, 0x0000013E, 0x0000013C,
  0x0000013D, 0x0004003D, 0x00000079, 0x0000013F, 0x0000007B, 0x00060041, 0x000000BE, 0x00000140,
  0x00000137, 0x0000007F, 0x0000013E, 0x0003003E, 0x00000140, 0x0000013F, 0x000200F9, 0x00000133,
  0x000200F8, 0x00000133, 0x000100FD, 0x00010038, 0x00050036, 0x00000006, 0x0000000A, 0x00000000,
  0x00000008, 0x00030037, 0x00000007, 0x00000009, 0x000200F8, 0x0000000B, 0x0004003B, 0x00000007,
  0x0000000C, 0x00000007, 0x0004003B, 0x00000007, 0x00000013, 0x00000007, 0x0004003B, 0x00000007,
  0x00000019, 0x00000007, 0x0004003B, 0x00000007, 0x00000027, 0x00000007, 0x0004003B, 0x00000007,
  0x0000002A, 0x00000007, 0x0004003B, 0x00000007, 0x0000002C, 0x00000007, 0x0004003D, 0x00000006,
  0x0000000D, 0x00000009, 0x000500C7, 0x00000006, 0x0000000F, 0x0000000D, 0x0000000E, 0x000500C4,
  0x00000006, 0x00000012, 0x0000000F, 0x00000011, 0x0003003E, 0x0000000C, 0x00000012, 0x0004003D,
  0x00000006, 0x00000014, 0x00000009, 0x000500C2, 0x00000006, 0x00000016, 0x00000014, 0x00000015,
  0x000500C7, 0x00000006, 0x00000018, 0x00000016, 0x00000017, 0x0003003E, 0x00000013, 0x00000018,
  0x0004003D, 0x00000006, 0x0000001A, 0x00000009, 0x000500C7, 0x00000006, 0x0000001C, 0x0000001A,
  0x0000001B, 0x0003003E, 0x00000019, 0x0000001C, 0x0004003D, 0x00000006, 0x0000001D, 0x00000013,
  0x000500AA, 0x0000001F, 0x00000020, 0x0000001D, 0x0000001E, 0x000300F7, 0x00000022, 0x00000000,
  0x000400FA, 0x00000020, 0x00000021, 0x00000046, 0x000200F8, 0x00000021, 0x0004003D, 0x00000006,
  0x00000023, 0x00000019, 0x000500AA, 0x0000001F, 0x00000024, 0x00000023, 0x0000001E, 0x000300F7,
  0x00000026, 0x00000000, 0x000400FA, 0x00000024, 0x00000025, 0x00000029, 0x000200F8, 0x00000025,
  0x0004003D, 0x00000006, 0x00000028, 0x0000000C, 0x0003003E, 0x00000027, 0x00000028, 0x000200F9,
  0x00000026, 0x000200F8, 0x00000029, 0x0003003E, 0x0000002A, 0x0000002B, 0x0004003D, 0x00000006,
  0x0000002D, 0x00000019, 0x0003003E, 0x0000002C, 0x0000002D, 0x000200F9, 0x0000002E, 0x000200F8,
  0x0000002E, 0x000400F6, 0x00000030, 0x00000031, 0x00000000, 0x000200F9, 0x00000032, 0x000200F8,
  0x00000032, 0x0004003D, 0x00000006, 0x00000033, 0x0000002C, 0x000500C7, 0x00000006, 0x00000035,
  0x00000033, 0x00000034, 0x000500AA, 0x0000001F, 0x00000036, 0x00000035, 0x0000001E, 0x000400FA,
  0x00000036, 0x0000002F, 0x00000030, 0x000200F8, 0x0000002F, 0x0004003D, 0x00000006, 0x00000038,
  0x0000002C, 0x000500C4, 0x00000006, 0x00000039, 0x00000038, 0x00000037, 0x0003003E, 0x0000002C,
  0x00000039, 0x0004003D, 0x00000006, 0x0000003A, 0x0000002A, 0x00050082, 0x00000006, 0x0000003B,
  0x0000003A, 0x00000037, 0x0003003E, 0x0000002A, 0x0000003B, 0x000200F9, 0x00000031, 0x000200F8,
  0x00000031, 0x000200F9, 0x0000002E, 0x000200F8, 0x00000030, 0x0004003D, 0x00000006, 0x0000003C,
  0x0000000C, 0x0004003D, 0x00000006, 0x0000003D, 0x0000002A, 0x000500C4, 0x00000006, 0x0000003F,
  0x0000003D, 0x0000003E, 0x000500C5, 0x00000006, 0x00000040, 0x0000003C, 0x0000003F, 0x0004003D,
  0x00000006, 0x00000041, 0x0000002C, 0x000500C7, 0x00000006, 0x00000042, 0x00000041, 0x0000001B,
  0x000500C4, 0x00000006, 0x00000044, 0x00000042, 0x00000043, 0x000500C5, 0x00000006, 0x00000045,
  0x00000040, 0x00000044, 0x0003003E, 0x00000027, 0x00000045, 0x000200F9, 0x00000026, 0x000200F8,
  0x00000026, 0x000200F9, 0x00000022, 0x000200F8, 0x00000046, 0x0004003D, 0x00000006, 0x00000047,
  0x00000013, 0x000500AA, 0x0000001F, 0x00000048, 0x00000047, 0x00000017, 0x000300F7, 0x0000004A,
  0x00000000, 0x000400FA, 0x00000048, 0x00000049, 0x00000051, 0x000200F8, 0x00000049, 0x0004003D,
  0x00000006, 0x0000004B, 0x0000000C, 0x000500C5, 0x00000006, 0x0000004D, 0x0000004B, 0x0000004C,
  0x0004003D, 0x00000006, 0x0000004E, 0x00000019, 0x000500C4, 0x00000006, 0x0000004F, 0x0000004E,
  0x00000043, 0x000500C5, 0x00000006, 0x00000050, 0x0000004D, 0x0000004F, 0x0003003E, 0x00000027,
  0x00000050, 0x000200F9, 0x0000004A, 0x000200F8, 0x00000051, 0x0004003D, 0x00000006, 0x00000052,
  0x0000000C, 0x0004003D, 0x00000006, 0x00000053, 0x00000013, 0x00050082, 0x00000006, 0x00000055,
  0x00000053, 0x00000054, 0x00050080, 0x00000006, 0x00000057, 0x00000055, 0x00000056, 0x000500C4,
  0x00000006, 0x00000058, 0x00000057, 0x0000003E, 0x000500C5, 0x00000006, 0x00000059, 0x00000052,
  0x00000058, 0x0004003D, 0x00000006, 0x0000005A, 0x00000019, 0x000500C4, 0x00000006, 0x0000005B,
  0x0000005A, 0x00000043, 0x000500C5, 0x00000006, 0x0000005C, 0x00000059, 0x0000005B, 0x0003003E,
  0x00000027, 0x0000005C, 0x000200F9, 0x0000004A, 0x000200F8, 0x0000004A, 0x000200F9, 0x00000022,
  0x000200F8, 0x00000022, 0x0004003D, 0x00000006, 0x0000005D, 0x00000027, 0x000200FE, 0x0000005D,
  0x00010038,
};
static const unsigned int matmul_qk_spv[] = {
  0x07230203, 0x00010500, 0x0008000B, 0x00000465, 0x00000000, 0x00020011, 0x00000001, 0x00020011,
  0x00000027, 0x00020011, 0x00001160, 0x0006000B, 0x00000001, 0x4C534C47, 0x6474732E, 0x3035342E,
  0x00000000, 0x0003000E, 0x00000000, 0x00000001, 0x000D000F, 0x00000005, 0x00000004, 0x6E69616D,
  0x00000000, 0x00000083, 0x00000316, 0x0000031F, 0x0000032E, 0x00000370, 0x00000386, 0x00000427,
  0x00000456, 0x00060010, 0x00000004, 0x00000011, 0x00000010, 0x00000010, 0x00000001, 0x00030003,
  0x00000002, 0x000001C2, 0x00060004, 0x455F4C47, 0x645F5458, 0x67756265, 0x6972705F, 0x0066746E,
  0x00080004, 0x455F4C47, 0x735F5458, 0x616C6163, 0x6C625F72, 0x5F6B636F, 0x6F79616C, 0x00007475,
  0x000B0004, 0x455F4C47, 0x735F5458, 0x65646168, 0x78655F72, 0x63696C70, 0x615F7469, 0x68746972,
  0x6974656D, 0x79745F63, 0x00736570, 0x00040005, 0x00000004, 0x6E69616D, 0x00000000, 0x00070005,
  0x0000000A, 0x36317066, 0x5F6F745F, 0x616F6C66, 0x28755F74, 0x003B3175, 0x00030005, 0x00000009,
  0x00000068, 0x00060005, 0x00000010, 0x715F6B71, 0x31752832, 0x3B31753B, 0x00000000, 0x00040005,
  0x0000000E, 0x65736162, 0x00000000, 0x00030005, 0x0000000F, 0x00000069, 0x00060005, 0x00000014,
  0x715F6B71, 0x28305F34, 0x753B3175, 0x00003B31, 0x00040005, 0x00000012, 0x65736162, 0x00000000,
  0x00030005, 0x00000013, 0x00000069, 0x00060005, 0x00000018, 0x715F6B71, 0x31752834, 0x3B31753B,
  0x00000000, 0x00040005, 0x00000016, 0x65736162, 0x00000000, 0x00030005, 0x00000017, 0x00000069,
  0x00060005, 0x0000001C, 0x715F6B71, 0x31752835, 0x3B31753B, 0x00000000, 0x00040005, 0x0000001A,
  0x65736162, 0x00000000, 0x00030005, 0x0000001B, 0x00000069, 0x00060005, 0x00000020, 0x715F6B71,
  0x31752836, 0x3B31753B, 0x00000000, 0x00040005, 0x0000001E, 0x65736162, 0x00000000, 0x00030005,
  0x0000001F, 0x00000069, 0x00040005, 0x00000022, 0x6E676973, 0x00000000, 0x00030005, 0x00000029,
  0x00707865, 0x00040005, 0x0000002F, 0x746E616D, 0x00000000, 0x00040005, 0x0000003D, 0x73746962,
  0x00000000, 0x00030005, 0x00000040, 0x00000065, 0x00030005, 0x00000042, 0x0000006D, 0x00030005,
  0x00000076, 0x00000067, 0x00030005, 0x0000007A, 0x0000006A, 0x00030005, 0x0000007E, 0x00000064,
  0x00030005, 0x00000081, 0x00515742, 0x00040006, 0x00000081, 0x00000000, 0x00007177, 0x00030005,
  0x00000083, 0x00000000, 0x00040005, 0x00000095, 0x61726170, 0x0000006D, 0x00040005, 0x00000098,
  0x6E696D64, 0x00000000, 0x00040005, 0x000000A7, 0x61726170, 0x0000006D, 0x00030005, 0x000000AA,
  0x00006273, 0x00030005, 0x000000B1, 0x00006C64, 0x00030005, 0x000000B7, 0x00006C6D, 0x00040005,
  0x000000BD, 0x65747962, 0x00000000, 0x00030005, 0x000000CA, 0x00000071, 0x00030005, 0x000000E3,
  0x00000064, 0x00040005, 0x000000EF, 0x61726170, 0x0000006D, 0x00030005, 0x000000F2, 0x0062696E,
  0x00030005, 0x00000113, 0x00006864, 0x00030005, 0x0000011F, 0x00686D64, 0x00030005, 0x0000012C,
  0x00000064, 0x00040005, 0x0000012D, 0x61726170, 0x0000006D, 0x00040005, 0x00000131, 0x6E696D64,
  0x00000000, 0x00040005, 0x00000132, 0x61726170, 0x0000006D, 0x00030005, 0x00000136, 0x0000006A,
  0x00030005, 0x0000013A, 0x00000065, 0x00030005, 0x0000013D, 0x00003462, 0x00030005, 0x00000145,
  0x00006373, 0x00030005, 0x0000014E, 0x00006E6D, 0x00030005, 0x0000017B, 0x00006271, 0x00030005,
  0x00000187, 0x00000071, 0x00040005, 0x0000019C, 0x756F7267, 0x00000070, 0x00040005, 0x0000019F,
  0x746F6C73, 0x00000000, 0x00030005, 0x000001A3, 0x0000006C, 0x00030005, 0x000001A6, 0x00007369,
  0x00030005, 0x000001A9, 0x00003175, 0x00030005, 0x000001AD, 0x00003275, 0x00030005, 0x000001B1,
  0x00003462, 0x00030005, 0x000001B4, 0x0000006A, 0x00030005, 0x000001BC, 0x00006373, 0x00030005,
  0x000001C4, 0x00006E6D, 0x00030005, 0x000001F0, 0x00006C71, 0x00030005, 0x000001F4, 0x00006871,
  0x00030005, 0x000001F7, 0x006C6871, 0x00030005, 0x000001FE, 0x00000071, 0x00040005, 0x0000021A,
  0x74696268, 0x00000000, 0x00030005, 0x00000228, 0x00000064, 0x00040005, 0x00000234, 0x61726170,
  0x0000006D, 0x00040005, 0x00000237, 0x6E696D64, 0x00000000, 0x00040005, 0x00000244, 0x61726170,
  0x0000006D, 0x00030005, 0x0000025A, 0x00006168, 0x00030005, 0x0000025E, 0x00000074, 0x00030005,
  0x00000261, 0x00006C71, 0x00030005, 0x00000267, 0x00006871, 0x00030005, 0x0000026E, 0x00006273,
  0x00030005, 0x00000276, 0x00006864, 0x00030005, 0x00000285, 0x00000064, 0x00040005, 0x00000286,
  0x61726170, 0x0000006D, 0x00030005, 0x0000028A, 0x0000006C, 0x00040005, 0x0000028D, 0x746F6C73,
  0x00000000, 0x00030005, 0x00000290, 0x00007369, 0x00030005, 0x00000293, 0x006C6871, 0x00030005,
  0x0000029E, 0x00000071, 0x00030005, 0x000002AB, 0x00007573, 0x00030005, 0x000002FB, 0x00000073,
  0x00030005, 0x00000314, 0x00007874, 0x00080005, 0x00000316, 0x4C5F6C67, 0x6C61636F, 0x6F766E49,
  0x69746163, 0x6E496E6F, 0x00786564, 0x00030005, 0x00000319, 0x00007974, 0x00030005, 0x0000031C,
  0x00776F72, 0x00060005, 0x0000031F, 0x575F6C67, 0x476B726F, 0x70756F72, 0x00004449, 0x00030005,
  0x00000325, 0x006C6F63, 0x00030005, 0x0000032B, 0x00006262, 0x00030005, 0x0000032C, 0x00004350,
  0x00040006, 0x0000032C, 0x00000000, 0x0000006D, 0x00040006, 0x0000032C, 0x00000001, 0x0000006E,
  0x00040006, 0x0000032C, 0x00000002, 0x0000006B, 0x00050006, 0x0000032C, 0x00000003, 0x646E696B,
  0x00000000, 0x00050006, 0x0000032C, 0x00000004, 0x66666F77, 0x00000000, 0x00050006, 0x0000032C,
  0x00000005, 0x66666F79, 0x00000000, 0x00030005, 0x0000032E, 0x00006370, 0x00030005, 0x00000352,
  0x00636361, 0x00030005, 0x00000354, 0x0000746B, 0x00030005, 0x00000361, 0x00006B61, 0x00040005,
  0x00000367, 0x5F776F72, 0x00736261, 0x00030005, 0x00000370, 0x00007341, 0x00030005, 0x00000384,
  0x00005842, 0x00040006, 0x00000384, 0x00000000, 0x00000078, 0x00030005, 0x00000386, 0x00000000,
  0x00030005, 0x00000395, 0x00007262, 0x00030005, 0x0000039B, 0x00006B62, 0x00030005, 0x000003A1,
  0x00786469, 0x00030005, 0x000003A9, 0x00007677, 0x00030005, 0x000003B9, 0x00000062, 0x00030005,
  0x000003C6, 0x00000069, 0x00040005, 0x000003E1, 0x61726170, 0x0000006D, 0x00040005, 0x000003E2,
  0x61726170, 0x0000006D, 0x00040005, 0x000003F2, 0x61726170, 0x0000006D, 0x00040005, 0x000003F3,
  0x61726170, 0x0000006D, 0x00040005, 0x00000403, 0x61726170, 0x0000006D, 0x00040005, 0x00000404,
  0x61726170, 0x0000006D, 0x00040005, 0x00000414, 0x61726170, 0x0000006D, 0x00040005, 0x00000415,
  0x61726170, 0x0000006D, 0x00040005, 0x0000041F, 0x61726170, 0x0000006D, 0x00040005, 0x00000420,
  0x61726170, 0x0000006D, 0x00030005, 0x00000427, 0x00007342, 0x00030005, 0x0000042D, 0x00000061,
  0x00030005, 0x00000454, 0x00005942, 0x00040006, 0x00000454, 0x00000000, 0x00000079, 0x00030005,
  0x00000456, 0x00000000, 0x00040047, 0x00000080, 0x00000006, 0x00000001, 0x00030047, 0x00000081,
  0x00000002, 0x00050048, 0x00000081, 0x00000000, 0x00000023, 0x00000000, 0x00040047, 0x00000083,
  0x00000021, 0x00000001, 0x00040047, 0x00000083, 0x00000022, 0x00000000, 0x00040047, 0x00000316,
  0x0000000B, 0x0000001D, 0x00040047, 0x0000031F, 0x0000000B, 0x0000001A, 0x00030047, 0x0000032C,
  0x00000002, 0x00050048, 0x0000032C, 0x00000000, 0x00000023, 0x00000000, 0x00050048, 0x0000032C,
  0x00000001, 0x00000023, 0x00000004, 0x00050048, 0x0000032C, 0x00000002, 0x00000023, 0x00000008,
  0x00050048, 0x0000032C, 0x00000003, 0x00000023, 0x0000000C, 0x00050048, 0x0000032C, 0x00000004,
  0x00000023, 0x00000010, 0x00050048, 0x0000032C, 0x00000005, 0x00000023, 0x00000014, 0x00040047,
  0x00000383, 0x00000006, 0x00000004, 0x00030047, 0x00000384, 0x00000002, 0x00050048, 0x00000384,
  0x00000000, 0x00000023, 0x00000000, 0x00040047, 0x00000386, 0x00000021, 0x00000000, 0x00040047,
  0x00000386, 0x00000022, 0x00000000, 0x00040047, 0x00000453, 0x00000006, 0x00000004, 0x00030047,
  0x00000454, 0x00000002, 0x00050048, 0x00000454, 0x00000000, 0x00000023, 0x00000000, 0x00040047,
  0x00000456, 0x00000021, 0x00000002, 0x00040047, 0x00000456, 0x00000022, 0x00000000, 0x00040047,
  0x00000464, 0x0000000B, 0x00000019, 0x00020013, 0x00000002, 0x00030021, 0x00000003, 0x00000002,
  0x00040015, 0x00000006, 0x00000020, 0x00000000, 0x00040020, 0x00000007, 0x00000007, 0x00000006,
  0x00040021, 0x00000008, 0x00000006, 0x00000007, 0x00030016, 0x0000000C, 0x00000020, 0x00050021,
  0x0000000D, 0x0000000C, 0x00000007, 0x00000007, 0x0004002B, 0x00000006, 0x00000024, 0x00008000,
  0x00040015, 0x00000026, 0x00000020, 0x00000001, 0x0004002B, 0x00000026, 0x00000027, 0x00000010,
  0x0004002B, 0x00000026, 0x0000002B, 0x0000000A, 0x0004002B, 0x00000006, 0x0000002D, 0x0000001F,
  0x0004002B, 0x00000006, 0x00000031, 0x000003FF, 0x0004002B, 0x00000006, 0x00000034, 0x00000000,
  0x00020014, 0x00000035, 0x0004002B, 0x00000006, 0x00000041, 0x00000071, 0x0004002B, 0x00000006,
  0x0000004A, 0x00000400, 0x0004002B, 0x00000006, 0x0000004D, 0x00000001, 0x0004002B, 0x00000026,
  0x00000054, 0x00000017, 0x0004002B, 0x00000026, 0x00000059, 0x0000000D, 0x0004002B, 0x00000006,
  0x00000062, 0x7F800000, 0x0004002B, 0x00000006, 0x0000006A, 0x0000000F, 0x0004002B, 0x00000006,
  0x0000006C, 0x0000007F, 0x0004002B, 0x00000026, 0x00000078, 0x00000004, 0x00040020, 0x0000007D,
  0x00000007, 0x0000000C, 0x00040015, 0x0000007F, 0x00000008, 0x00000000, 0x0003001D, 0x00000080,
  0x0000007F, 0x0003001E, 0x00000081, 0x00000080, 0x00040020, 0x00000082, 0x0000000C, 0x00000081,
  0x0004003B, 0x00000082, 0x00000083, 0x0000000C, 0x0004002B, 0x00000026, 0x00000084, 0x00000000,
  0x0004002B, 0x00000006, 0x00000086, 0x00000050, 0x00040020, 0x00000088, 0x0000000C, 0x0000007F,
  0x0004002B, 0x00000006, 0x0000008D, 0x00000051, 0x0004002B, 0x00000026, 0x00000092, 0x00000008,
  0x0004002B, 0x00000006, 0x0000009A, 0x00000052, 0x0004002B, 0x00000006, 0x000000A0, 0x00000053,
  0x0004002B, 0x00000026, 0x000000BF, 0x00000003, 0x0004002B, 0x00000006, 0x000000C1, 0x00000020,
  0x0004002B, 0x00000006, 0x000000C5, 0x00000010, 0x0004002B, 0x00000026, 0x000000D2, 0x00000001,
  0x0004002B, 0x00000006, 0x000000D4, 0x00000003, 0x0004002B, 0x00000006, 0x000000D6, 0x00000002,
  0x0004002B, 0x0000000C, 0x0000010E, 0x41000000, 0x0004002B, 0x00000026, 0x00000138, 0x00000005,
  0x0004002B, 0x00000006, 0x0000013F, 0x00000004, 0x0004002B, 0x00000006, 0x0000014C, 0x0000003F,
  0x0004002B, 0x00000026, 0x00000166, 0x00000006, 0x0004002B, 0x00000006, 0x000001F2, 0x00000030,
  0x0004002B, 0x00000026, 0x0000025C, 0x00000007, 0x0004002B, 0x00000006, 0x00000264, 0x00000040,
  0x0004002B, 0x00000006, 0x00000269, 0x00000080, 0x0004002B, 0x00000006, 0x00000270, 0x000000C0,
  0x0004002B, 0x00000006, 0x00000273, 0x00000008, 0x0004002B, 0x00000006, 0x00000278, 0x000000D0,
  0x0004002B, 0x00000006, 0x0000027E, 0x000000D1, 0x0004002B, 0x00000026, 0x000002C0, 0x00000002,
  0x0004002B, 0x00000006, 0x000002F5, 0x00000006, 0x00040020, 0x000002FA, 0x00000007, 0x00000026,
  0x0004002B, 0x00000026, 0x00000303, 0x00000100, 0x0004002B, 0x0000000C, 0x0000030F, 0x42000000,
  0x00040020, 0x00000315, 0x00000001, 0x00000006, 0x0004003B, 0x00000315, 0x00000316, 0x00000001,
  0x00040017, 0x0000031D, 0x00000006, 0x00000003, 0x00040020, 0x0000031E, 0x00000001, 0x0000031D,
  0x0004003B, 0x0000031E, 0x0000031F, 0x00000001, 0x0008001E, 0x0000032C, 0x00000026, 0x00000026,
  0x00000026, 0x00000026, 0x00000006, 0x00000006, 0x00040020, 0x0000032D, 0x00000009, 0x0000032C,
  0x0004003B, 0x0000032D, 0x0000032E, 0x00000009, 0x00040020, 0x0000032F, 0x00000009, 0x00000026,
  0x0004002B, 0x00000006, 0x00000336, 0x00000012, 0x0004002B, 0x00000006, 0x0000033E, 0x00000054,
  0x0004002B, 0x00000026, 0x00000342, 0x0000000C, 0x0004002B, 0x00000006, 0x00000347, 0x00000090,
  0x0004002B, 0x00000006, 0x0000034C, 0x000000B0, 0x0004002B, 0x00000006, 0x0000034D, 0x000000D2,
  0x0004002B, 0x0000000C, 0x00000353, 0x00000000, 0x0004002B, 0x00000026, 0x0000035D, 0x0000000F,
  0x0004001C, 0x0000036D, 0x0000000C, 0x000000C5, 0x0004001C, 0x0000036E, 0x0000036D, 0x000000C5,
  0x00040020, 0x0000036F, 0x00000004, 0x0000036E, 0x0004003B, 0x0000036F, 0x00000370, 0x00000004,
  0x0003001D, 0x00000383, 0x0000000C, 0x0003001E, 0x00000384, 0x00000383, 0x00040020, 0x00000385,
  0x0000000C, 0x00000384, 0x0004003B, 0x00000385, 0x00000386, 0x0000000C, 0x00040020, 0x0000038E,
  0x0000000C, 0x0000000C, 0x00040020, 0x00000393, 0x00000004, 0x0000000C, 0x0004002B, 0x00000006,
  0x000003D1, 0x000000FF, 0x00040020, 0x000003DD, 0x00000009, 0x00000006, 0x0004003B, 0x0000036F,
  0x00000427, 0x00000004, 0x0004002B, 0x00000006, 0x0000042C, 0x00000108, 0x0003001D, 0x00000453,
  0x0000000C, 0x0003001E, 0x00000454, 0x00000453, 0x00040020, 0x00000455, 0x0000000C, 0x00000454,
  0x0004003B, 0x00000455, 0x00000456, 0x0000000C, 0x0006002C, 0x0000031D, 0x00000464, 0x000000C5,
  0x000000C5, 0x0000004D, 0x00050036, 0x00000002, 0x00000004, 0x00000000, 0x00000003, 0x000200F8,
  0x00000005, 0x0004003B, 0x00000007, 0x00000314, 0x00000007, 0x0004003B, 0x00000007, 0x00000319,
  0x00000007, 0x0004003B, 0x00000007, 0x0000031C, 0x00000007, 0x0004003B, 0x00000007, 0x00000325,
  0x00000007, 0x0004003B, 0x00000007, 0x0000032B, 0x00000007, 0x0004003B, 0x00000007, 0x00000333,
  0x00000007, 0x0004003B, 0x00000007, 0x0000033B, 0x00000007, 0x0004003B, 0x00000007, 0x00000344,
  0x00000007, 0x0004003B, 0x0000007D, 0x00000352, 0x00000007, 0x0004003B, 0x000002FA, 0x00000354,
  0x00000007, 0x0004003B, 0x00000007, 0x00000361, 0x00000007, 0x0004003B, 0x00000007, 0x00000367,
  0x00000007, 0x0004003B, 0x0000007D, 0x00000380, 0x00000007, 0x0004003B, 0x00000007, 0x00000395,
  0x00000007, 0x0004003B, 0x00000007, 0x0000039B, 0x00000007, 0x0004003B, 0x00000007, 0x000003A1,
  0x00000007, 0x0004003B, 0x0000007D, 0x000003A9, 0x00000007, 0x0004003B, 0x00000007, 0x000003B9,
  0x00000007, 0x0004003B, 0x00000007, 0x000003BD, 0x00000007, 0x0004003B, 0x00000007, 0x000003C6,
  0x00000007, 0x0004003B, 0x00000007, 0x000003CA, 0x00000007, 0x0004003B, 0x0000007D, 0x000003D7,
  0x00000007, 0x0004003B, 0x00000007, 0x000003E1, 0x00000007, 0x0004003B, 0x00000007, 0x000003E2,
  0x00000007, 0x0004003B, 0x0000007D, 0x000003E9, 0x00000007, 0x0004003B, 0x00000007, 0x000003F2,
  0x00000007, 0x0004003B, 0x00000007, 0x000003F3, 0x00000007, 0x0004003B, 0x0000007D, 0x000003FA,
  0x00000007, 0x0004003B, 0x00000007, 0x00000403, 0x00000007, 0x0004003B, 0x00000007, 0x00000404,
  0x00000007, 0x0004003B, 0x0000007D, 0x0000040B, 0x00000007, 0x0004003B, 0x00000007, 0x00000414,
  0x00000007, 0x0004003B, 0x00000007, 0x00000415, 0x00000007, 0x0004003B, 0x00000007, 0x0000041F,
  0x00000007, 0x0004003B, 0x00000007, 0x00000420, 0x00000007, 0x0004003B, 0x000002FA, 0x0000042D,
  0x00000007, 0x0004003D, 0x00000006, 0x00000317, 0x00000316, 0x000500C7, 0x00000006, 0x00000318,
  0x00000317, 0x0000006A, 0x0003003E, 0x00000314, 0x00000318, 0x0004003D, 0x00000006, 0x0000031A,
  0x00000316, 0x000500C2, 0x00000006, 0x0000031B, 0x0000031A, 0x00000078, 0x0003003E, 0x00000319,
  0x0000031B, 0x00050041, 0x00000315, 0x00000320, 0x0000031F, 0x0000004D, 0x0004003D, 0x00000006,
  0x00000321, 0x00000320, 0x00050084, 0x00000006, 0x00000322, 0x00000321, 0x000000C5, 0x0004003D,
  0x00000006, 0x00000323, 0x00000319, 0x00050080, 0x00000006, 0x00000324, 0x00000322, 0x00000323,
  0x0003003E, 0x0000031C, 0x00000324, 0x00050041, 0x00000315, 0x00000326, 0x0000031F, 0x00000034,
  0x0004003D, 0x00000006, 0x00000327, 0x00000326, 0x00050084, 0x00000006, 0x00000328, 0x00000327,
  0x000000C5, 0x0004003D, 0x00000006, 0x00000329, 0x00000314, 0x00050080, 0x00000006, 0x0000032A,
  0x00000328, 0x00000329, 0x0003003E, 0x00000325, 0x0000032A, 0x00050041, 0x0000032F, 0x00000330,
  0x0000032E, 0x000000BF, 0x0004003D, 0x00000026, 0x00000331, 0x00000330, 0x000500AA, 0x00000035,
  0x00000332, 0x00000331, 0x000002C0, 0x000300F7, 0x00000335, 0x00000000, 0x000400FA, 0x00000332,
  0x00000334, 0x00000337, 0x000200F8, 0x00000334, 0x0003003E, 0x00000333, 0x00000336, 0x000200F9,
  0x00000335, 0x000200F8, 0x00000337, 0x00050041, 0x0000032F, 0x00000338, 0x0000032E, 0x000000BF,
  0x0004003D, 0x00000026, 0x00000339, 0x00000338, 0x000500AA, 0x00000035, 0x0000033A, 0x00000339,
  0x0000002B, 0x000300F7, 0x0000033D, 0x00000000, 0x000400FA, 0x0000033A, 0x0000033C, 0x0000033F,
  0x000200F8, 0x0000033C, 0x0003003E, 0x0000033B, 0x0000033E, 0x000200F9, 0x0000033D, 0x000200F8,
  0x0000033F, 0x00050041, 0x0000032F, 0x00000340, 0x0000032E, 0x000000BF, 0x0004003D, 0x00000026,
  0x00000341, 0x00000340, 0x000500AA, 0x00000035, 0x00000343, 0x00000341, 0x00000342, 0x000300F7,
  0x00000346, 0x00000000, 0x000400FA, 0x00000343, 0x00000345, 0x00000348, 0x000200F8, 0x00000345,
  0x0003003E, 0x00000344, 0x00000347, 0x000200F9, 0x00000346, 0x000200F8, 0x00000348, 0x00050041,
  0x0000032F, 0x00000349, 0x0000032E, 0x000000BF, 0x0004003D, 0x00000026, 0x0000034A, 0x00000349,
  0x000500AA, 0x00000035, 0x0000034B, 0x0000034A, 0x00000059, 0x000600A9, 0x00000006, 0x0000034E,
  0x0000034B, 0x0000034C, 0x0000034D, 0x0003003E, 0x00000344, 0x0000034E, 0x000200F9, 0x00000346,
  0x000200F8, 0x00000346, 0x0004003D, 0x00000006, 0x0000034F, 0x00000344, 0x0003003E, 0x0000033B,
  0x0000034F, 0x000200F9, 0x0000033D, 0x000200F8, 0x0000033D, 0x0004003D, 0x00000006, 0x00000350,
  0x0000033B, 0x0003003E, 0x00000333, 0x00000350, 0x000200F9, 0x00000335, 0x000200F8, 0x00000335,
  0x0004003D, 0x00000006, 0x00000351, 0x00000333, 0x0003003E, 0x0000032B, 0x00000351, 0x0003003E,
  0x00000352, 0x00000353, 0x0003003E, 0x00000354, 0x00000084, 0x000200F9, 0x00000355, 0x000200F8,
  0x00000355, 0x000400F6, 0x00000357, 0x00000358, 0x00000000, 0x000200F9, 0x00000359, 0x000200F8,
  0x00000359, 0x0004003D, 0x00000026, 0x0000035A, 0x00000354, 0x00050041, 0x0000032F, 0x0000035B,
  0x0000032E, 0x000002C0, 0x0004003D, 0x00000026, 0x0000035C, 0x0000035B, 0x00050080, 0x00000026,
  0x0000035E, 0x0000035C, 0x0000035D, 0x00050087, 0x00000026, 0x0000035F, 0x0000035E, 0x00000027,
  0x000500B1, 0x00000035, 0x00000360, 0x0000035A, 0x0000035F, 0x000400FA, 0x00000360, 0x00000356,
  0x00000357, 0x000200F8, 0x00000356, 0x0004003D, 0x00000026, 0x00000362, 0x00000354, 0x0004007C,
  0x00000006, 0x00000363, 0x00000362, 0x00050084, 0x00000006, 0x00000364, 0x00000363, 0x000000C5,
  0x0004003D, 0x00000006, 0x00000365, 0x00000314, 0x00050080, 0x00000006, 0x00000366, 0x00000364,
  0x00000365, 0x0003003E, 0x00000361, 0x00000366, 0x00050041, 0x00000315, 0x00000368, 0x0000031F,
  0x0000004D, 0x0004003D, 0x00000006, 0x00000369, 0x00000368, 0x00050084, 0x00000006, 0x0000036A,
  0x00000369, 0x000000C5, 0x0004003D, 0x00000006, 0x0000036B, 0x00000319, 0x00050080, 0x00000006,
  0x0000036C, 0x0000036A, 0x0000036B, 0x0003003E, 0x00000367, 0x0000036C, 0x0004003D, 0x00000006,
  0x00000371, 0x00000319, 0x0004003D, 0x00000006, 0x00000372, 0x00000314, 0x0004003D, 0x00000006,
  0x00000373, 0x00000367, 0x00050041, 0x0000032F, 0x00000374, 0x0000032E, 0x00000084, 0x0004003D,
  0x00000026, 0x00000375, 0x00000374, 0x0004007C, 0x00000006, 0x00000376, 0x00000375, 0x000500B0,
  0x00000035, 0x00000377, 0x00000373, 0x00000376, 0x000300F7, 0x00000379, 0x00000000, 0x000400FA,
  0x00000377, 0x00000378, 0x00000379, 0x000200F8, 0x00000378, 0x0004003D, 0x00000006, 0x0000037A,
  0x00000361, 0x00050041, 0x0000032F, 0x0000037B, 0x0000032E, 0x000002C0, 0x0004003D, 0x00000026,
  0x0000037C, 0x0000037B, 0x0004007C, 0x00000006, 0x0000037D, 0x0000037C, 0x000500B0, 0x00000035,
  0x0000037E, 0x0000037A, 0x0000037D, 0x000200F9, 0x00000379, 0x000200F8, 0x00000379, 0x000700F5,
  0x00000035, 0x0000037F, 0x00000377, 0x00000356, 0x0000037E, 0x00000378, 0x000300F7, 0x00000382,
  0x00000000, 0x000400FA, 0x0000037F, 0x00000381, 0x00000391, 0x000200F8, 0x00000381, 0x0004003D,
  0x00000006, 0x00000387, 0x00000367, 0x00050041, 0x0000032F, 0x00000388, 0x0000032E, 0x000002C0,
  0x0004003D, 0x00000026, 0x00000389, 0x00000388, 0x0004007C, 0x00000006, 0x0000038A, 0x00000389,
  0x00050084, 0x00000006, 0x0000038B, 0x00000387, 0x0000038A, 0x0004003D, 0x00000006, 0x0000038C,
  0x00000361, 0x00050080, 0x00000006, 0x0000038D, 0x0000038B, 0x0000038C, 0x00060041, 0x0000038E,
  0x0000038F, 0x00000386, 0x00000084, 0x0000038D, 0x0004003D, 0x0000000C, 0x00000390, 0x0000038F,
  0x0003003E, 0x00000380, 0x00000390, 0x000200F9, 0x00000382, 0x000200F8, 0x00000391, 0x0003003E,
  0x00000380, 0x00000353, 0x000200F9, 0x00000382, 0x000200F8, 0x00000382, 0x0004003D, 0x0000000C,
  0x00000392, 0x00000380, 0x00060041, 0x00000393, 0x00000394, 0x00000370, 0x00000371, 0x00000372,
  0x0003003E, 0x00000394, 0x00000392, 0x00050041, 0x00000315, 0x00000396, 0x0000031F, 0x00000034,
  0x0004003D, 0x00000006, 0x00000397, 0x00000396, 0x00050084, 0x00000006, 0x00000398, 0x00000397,
  0x000000C5, 0x0004003D, 0x00000006, 0x00000399, 0x00000314, 0x00050080, 0x00000006, 0x0000039A,
  0x00000398, 0x00000399, 0x0003003E, 0x00000395, 0x0000039A, 0x0004003D, 0x00000026, 0x0000039C,
  0x00000354, 0x0004007C, 0x00000006, 0x0000039D, 0x0000039C, 0x00050084, 0x00000006, 0x0000039E,
  0x0000039D, 0x000000C5, 0x0004003D, 0x00000006, 0x0000039F, 0x00000319, 0x00050080, 0x00000006,
  0x000003A0, 0x0000039E, 0x0000039F, 0x0003003E, 0x0000039B, 0x000003A0, 0x0004003D, 0x00000006,
  0x000003A2, 0x00000395, 0x00050041, 0x0000032F, 0x000003A3, 0x0000032E, 0x000002C0, 0x0004003D,
  0x00000026, 0x000003A4, 0x000003A3, 0x0004007C, 0x00000006, 0x000003A5, 0x000003A4, 0x00050084,
  0x00000006, 0x000003A6, 0x000003A2, 0x000003A5, 0x0004003D, 0x00000006, 0x000003A7, 0x0000039B,
  0x00050080, 0x00000006, 0x000003A8, 0x000003A6, 0x000003A7, 0x0003003E, 0x000003A1, 0x000003A8,
  0x0003003E, 0x000003A9, 0x00000353, 0x0004003D, 0x00000006, 0x000003AA, 0x00000395, 0x00050041,
  0x0000032F, 0x000003AB, 0x0000032E, 0x000000D2, 0x0004003D, 0x00000026, 0x000003AC, 0x000003AB,
  0x0004007C, 0x00000006, 0x000003AD, 0x000003AC, 0x000500B0, 0x00000035, 0x000003AE, 0x000003AA,
  0x000003AD, 0x000300F7, 0x000003B0, 0x00000000, 0x000400FA, 0x000003AE, 0x000003AF, 0x000003B0,
  0x000200F8, 0x000003AF, 0x0004003D, 0x00000006, 0x000003B1, 0x0000039B, 0x00050041, 0x0000032F,
  0x000003B2, 0x0000032E, 0x000002C0, 0x0004003D, 0x00000026, 0x000003B3, 0x000003B2, 0x0004007C,
  0x00000006, 0x000003B4, 0x000003B3, 0x000500B0, 0x00000035, 0x000003B5, 0x000003B1, 0x000003B4,
  0x000200F9, 0x000003B0, 0x000200F8, 0x000003B0, 0x000700F5, 0x00000035, 0x000003B6, 0x000003AE,
  0x00000382, 0x000003B5, 0x000003AF, 0x000300F7, 0x000003B8, 0x00000000, 0x000400FA, 0x000003B6,
  0x000003B7, 0x000003B8, 0x000200F8, 0x000003B7, 0x00050041, 0x0000032F, 0x000003BA, 0x0000032E,
  0x000000BF, 0x0004003D, 0x00000026, 0x000003BB, 0x000003BA, 0x000500AA, 0x00000035, 0x000003BC,
  0x000003BB, 0x000002C0, 0x000300F7, 0x000003BF, 0x00000000, 0x000400FA, 0x000003BC, 0x000003BE,
  0x000003C2, 0x000200F8, 0x000003BE, 0x0004003D, 0x00000006, 0x000003C0, 0x000003A1, 0x000500C2,
  0x00000006, 0x000003C1, 0x000003C0, 0x00000138, 0x0003003E, 0x000003BD, 0x000003C1, 0x000200F9,
  0x000003BF, 0x000200F8, 0x000003C2, 0x0004003D, 0x00000006, 0x000003C3, 0x000003A1, 0x000500C2,
  0x00000006, 0x000003C4, 0x000003C3, 0x00000092, 0x0003003E, 0x000003BD, 0x000003C4, 0x000200F9,
  0x000003BF, 0x000200F8, 0x000003BF, 0x0004003D, 0x00000006, 0x000003C5, 0x000003BD, 0x0003003E,
  0x000003B9, 0x000003C5, 0x00050041, 0x0000032F, 0x000003C7, 0x0000032E, 0x000000BF, 0x0004003D,
  0x00000026, 0x000003C8, 0x000003C7, 0x000500AA, 0x00000035, 0x000003C9, 0x000003C8, 0x000002C0,
  0x000300F7, 0x000003CC, 0x00000000, 0x000400FA, 0x000003C9, 0x000003CB, 0x000003CF, 0x000200F8,
  0x000003CB, 0x0004003D, 0x00000006, 0x000003CD, 0x000003A1, 0x000500C7, 0x00000006, 0x000003CE,
  0x000003CD, 0x0000002D, 0x0003003E, 0x000003CA, 0x000003CE, 0x000200F9, 0x000003CC, 0x000200F8,
  0x000003CF, 0x0004003D, 0x00000006, 0x000003D0, 0x000003A1, 0x000500C7, 0x00000006, 0x000003D2,
  0x000003D0, 0x000003D1, 0x0003003E, 0x000003CA, 0x000003D2, 0x000200F9, 0x000003CC, 0x000200F8,
  0x000003CC, 0x0004003D, 0x00000006, 0x000003D3, 0x000003CA, 0x0003003E, 0x000003C6, 0x000003D3,
  0x00050041, 0x0000032F, 0x000003D4, 0x0000032E, 0x000000BF, 0x0004003D, 0x00000026, 0x000003D5,
  0x000003D4, 0x000500AA, 0x00000035, 0x000003D6, 0x000003D5, 0x000002C0, 0x000300F7, 0x000003D9,
  0x00000000, 0x000400FA, 0x000003D6, 0x000003D8, 0x000003E5, 0x000200F8, 0x000003D8, 0x0004003D,
  0x00000006, 0x000003DA, 0x000003B9, 0x0004003D, 0x00000006, 0x000003DB, 0x0000032B, 0x00050084,
  0x00000006, 0x000003DC, 0x000003DA, 0x000003DB, 0x00050041, 0x000003DD, 0x000003DE, 0x0000032E,
  0x00000078, 0x0004003D, 0x00000006, 0x000003DF, 0x000003DE, 0x00050080, 0x00000006, 0x000003E0,
  0x000003DC, 0x000003DF, 0x0003003E, 0x000003E1, 0x000003E0, 0x0004003D, 0x00000006, 0x000003E3,
  0x000003C6, 0x0003003E, 0x000003E2, 0x000003E3, 0x00060039, 0x0000000C, 0x000003E4, 0x00000014,
  0x000003E1, 0x000003E2, 0x0003003E, 0x000003D7, 0x000003E4, 0x000200F9, 0x000003D9, 0x000200F8,
  0x000003E5, 0x00050041, 0x0000032F, 0x000003E6, 0x0000032E, 0x000000BF, 0x0004003D, 0x00000026,
  0x000003E7, 0x000003E6, 0x000500AA, 0x00000035, 0x000003E8, 0x000003E7, 0x0000002B, 0x000300F7,
  0x000003EB, 0x00000000, 0x000400FA, 0x000003E8, 0x000003EA, 0x000003F6, 0x000200F8, 0x000003EA,
  0x0004003D, 0x00000006, 0x000003EC, 0x000003B9, 0x0004003D, 0x00000006, 0x000003ED, 0x0000032B,
  0x00050084, 0x00000006, 0x000003EE, 0x000003EC, 0x000003ED, 0x00050041, 0x000003DD, 0x000003EF,
  0x0000032E, 0x00000078, 0x0004003D, 0x00000006, 0x000003F0, 0x000003EF, 0x00050080, 0x00000006,
  0x000003F1, 0x000003EE, 0x000003F0, 0x0003003E, 0x000003F2, 0x000003F1, 0x0004003D, 0x00000006,
  0x000003F4, 0x000003C6, 0x0003003E, 0x000003F3, 0x000003F4, 0x00060039, 0x0000000C, 0x000003F5,
  0x00000010, 0x000003F2, 0x000003F3, 0x0003003E, 0x000003E9, 0x000003F5, 0x000200F9, 0x000003EB,
  0x000200F8, 0x000003F6, 0x00050041, 0x0000032F, 0x000003F7, 0x0000032E, 0x000000BF, 0x0004003D,
  0x00000026, 0x000003F8, 0x000003F7, 0x000500AA, 0x00000035, 0x000003F9, 0x000003F8, 0x00000342,
  0x000300F7, 0x000003FC, 0x00000000, 0x000400FA, 0x000003F9, 0x000003FB, 0x00000407, 0x000200F8,
  0x000003FB, 0x0004003D, 0x00000006, 0x000003FD, 0x000003B9, 0x0004003D, 0x00000006, 0x000003FE,
  0x0000032B, 0x00050084, 0x00000006, 0x000003FF, 0x000003FD, 0x000003FE, 0x00050041, 0x000003DD,
  0x00000400, 0x0000032E, 0x00000078, 0x0004003D, 0x00000006, 0x00000401, 0x00000400, 0x00050080,
  0x00000006, 0x00000402, 0x000003FF, 0x00000401, 0x0003003E, 0x00000403, 0x00000402, 0x0004003D,
  0x00000006, 0x00000405, 0x000003C6, 0x0003003E, 0x00000404, 0x00000405, 0x00060039, 0x0000000C,
  0x00000406, 0x00000018, 0x00000403, 0x00000404, 0x0003003E, 0x000003FA, 0x00000406, 0x000200F9,
  0x000003FC, 0x000200F8, 0x00000407, 0x00050041, 0x0000032F, 0x00000408, 0x0000032E, 0x000000BF,
  0x0004003D, 0x00000026, 0x00000409, 0x00000408, 0x000500AA, 0x00000035, 0x0000040A, 0x00000409,
  0x00000059, 0x000300F7, 0x0000040D, 0x00000000, 0x000400FA, 0x0000040A, 0x0000040C, 0x00000418,
  0x000200F8, 0x0000040C, 0x0004003D, 0x00000006, 0x0000040E, 0x000003B9, 0x0004003D, 0x00000006,
  0x0000040F, 0x0000032B, 0x00050084, 0x00000006, 0x00000410, 0x0000040E, 0x0000040F, 0x00050041,
  0x000003DD, 0x00000411, 0x0000032E, 0x00000078, 0x0004003D, 0x00000006, 0x00000412, 0x00000411,
  0x00050080, 0x00000006, 0x00000413, 0x00000410, 0x00000412, 0x0003003E, 0x00000414, 0x00000413,
  0x0004003D, 0x00000006, 0x00000416, 0x000003C6, 0x0003003E, 0x00000415, 0x00000416, 0x00060039,
  0x0000000C, 0x00000417, 0x0000001C, 0x00000414, 0x00000415, 0x0003003E, 0x0000040B, 0x00000417,
  0x000200F9, 0x0000040D, 0x000200F8, 0x00000418, 0x0004003D, 0x00000006, 0x00000419, 0x000003B9,
  0x0004003D, 0x00000006, 0x0000041A, 0x0000032B, 0x00050084, 0x00000006, 0x0000041B, 0x00000419,
  0x0000041A, 0x00050041, 0x000003DD, 0x0000041C, 0x0000032E, 0x00000078, 0x0004003D, 0x00000006,
  0x0000041D, 0x0000041C, 0x00050080, 0x00000006, 0x0000041E, 0x0000041B, 0x0000041D, 0x0003003E,
  0x0000041F, 0x0000041E, 0x0004003D, 0x00000006, 0x00000421, 0x000003C6, 0x0003003E, 0x00000420,
  0x00000421, 0x00060039, 0x0000000C, 0x00000422, 0x00000020, 0x0000041F, 0x00000420, 0x0003003E,
  0x0000040B, 0x00000422, 0x000200F9, 0x0000040D, 0x000200F8, 0x0000040D, 0x0004003D, 0x0000000C,
  0x00000423, 0x0000040B, 0x0003003E, 0x000003FA, 0x00000423, 0x000200F9, 0x000003FC, 0x000200F8,
  0x000003FC, 0x0004003D, 0x0000000C, 0x00000424, 0x000003FA, 0x0003003E, 0x000003E9, 0x00000424,
  0x000200F9, 0x000003EB, 0x000200F8, 0x000003EB, 0x0004003D, 0x0000000C, 0x00000425, 0x000003E9,
  0x0003003E, 0x000003D7, 0x00000425, 0x000200F9, 0x000003D9, 0x000200F8, 0x000003D9, 0x0004003D,
  0x0000000C, 0x00000426, 0x000003D7, 0x0003003E, 0x000003A9, 0x00000426, 0x000200F9, 0x000003B8,
  0x000200F8, 0x000003B8, 0x0004003D, 0x00000006, 0x00000428, 0x00000319, 0x0004003D, 0x00000006,
  0x00000429, 0x00000314, 0x0004003D, 0x0000000C, 0x0000042A, 0x000003A9, 0x00060041, 0x00000393,
  0x0000042B, 0x00000427, 0x00000428, 0x00000429, 0x0003003E, 0x0000042B, 0x0000042A, 0x000400E0,
  0x000000D6, 0x000000D6, 0x0000042C, 0x0003003E, 0x0000042D, 0x00000084, 0x000200F9, 0x0000042E,
  0x000200F8, 0x0000042E, 0x000400F6, 0x00000430, 0x00000431, 0x00000000, 0x000200F9, 0x00000432,
  0x000200F8, 0x00000432, 0x0004003D, 0x00000026, 0x00000433, 0x0000042D, 0x000500B1, 0x00000035,
  0x00000434, 0x00000433, 0x00000027, 0x000400FA, 0x00000434, 0x0000042F, 0x00000430, 0x000200F8,
  0x0000042F, 0x0004003D, 0x00000006, 0x00000435, 0x00000319, 0x0004003D, 0x00000026, 0x00000436,
  0x0000042D, 0x00060041, 0x00000393, 0x00000437, 0x00000370, 0x00000435, 0x00000436, 0x0004003D,
  0x0000000C, 0x00000438, 0x00000437, 0x0004003D, 0x00000026, 0x00000439, 0x0000042D, 0x0004003D,
  0x00000006, 0x0000043A, 0x00000314, 0x00060041, 0x00000393, 0x0000043B, 0x00000427, 0x00000439,
  0x0000043A, 0x0004003D, 0x0000000C, 0x0000043C, 0x0000043B, 0x00050085, 0x0000000C, 0x0000043D,
  0x00000438, 0x0000043C, 0x0004003D, 0x0000000C, 0x0000043E, 0x00000352, 0x00050081, 0x0000000C,
  0x0000043F, 0x0000043E, 0x0000043D, 0x0003003E, 0x00000352, 0x0000043F, 0x000200F9, 0x00000431,
  0x000200F8, 0x00000431, 0x0004003D, 0x00000026, 0x00000440, 0x0000042D, 0x00050080, 0x00000026,
  0x00000441, 0x00000440, 0x000000D2, 0x0003003E, 0x0000042D, 0x00000441, 0x000200F9, 0x0000042E,
  0x000200F8, 0x00000430, 0x000400E0, 0x000000D6, 0x000000D6, 0x0000042C, 0x000200F9, 0x00000358,
  0x000200F8, 0x00000358, 0x0004003D, 0x00000026, 0x00000442, 0x00000354, 0x00050080, 0x00000026,
  0x00000443, 0x00000442, 0x000000D2, 0x0003003E, 0x00000354, 0x00000443, 0x000200F9, 0x00000355,
  0x000200F8, 0x00000357, 0x0004003D, 0x00000006, 0x00000444, 0x0000031C, 0x00050041, 0x0000032F,
  0x00000445, 0x0000032E, 0x00000084, 0x0004003D, 0x00000026, 0x00000446, 0x00000445, 0x0004007C,
  0x00000006, 0x00000447, 0x00000446, 0x000500B0, 0x00000035, 0x00000448, 0x00000444, 0x00000447,
  0x000300F7, 0x0000044A, 0x00000000, 0x000400FA, 0x00000448, 0x00000449, 0x0000044A, 0x000200F8,
  0x00000449, 0x0004003D, 0x00000006, 0x0000044B, 0x00000325, 0x00050041, 0x0000032F, 0x0000044C,
  0x0000032E, 0x000000D2, 0x0004003D, 0x00000026, 0x0000044D, 0x0000044C, 0x0004007C, 0x00000006,
  0x0000044E, 0x0000044D, 0x000500B0, 0x00000035, 0x0000044F, 0x0000044B, 0x0000044E, 0x000200F9,
  0x0000044A, 0x000200F8, 0x0000044A, 0x000700F5, 0x00000035, 0x00000450, 0x00000448, 0x00000357,
  0x0000044F, 0x00000449, 0x000300F7, 0x00000452, 0x00000000, 0x000400FA, 0x00000450, 0x00000451,
  0x00000452, 0x000200F8, 0x00000451, 0x0004003D, 0x00000006, 0x00000457, 0x0000031C, 0x00050041,
  0x0000032F, 0x00000458, 0x0000032E, 0x000000D2, 0x0004003D, 0x00000026, 0x00000459, 0x00000458,
  0x0004007C, 0x00000006, 0x0000045A, 0x00000459, 0x00050084, 0x00000006, 0x0000045B, 0x00000457,
  0x0000045A, 0x0004003D, 0x00000006, 0x0000045C, 0x00000325, 0x00050080, 0x00000006, 0x0000045D,
  0x0000045B, 0x0000045C, 0x00050041, 0x000003DD, 0x0000045E, 0x0000032E, 0x00000138, 0x0004003D,
  0x00000006, 0x0000045F, 0x0000045E, 0x00050086, 0x00000006, 0x00000460, 0x0000045F, 0x0000013F,
  0x00050080, 0x00000006, 0x00000461, 0x0000045D, 0x00000460, 0x0004003D, 0x0000000C, 0x00000462,
  0x00000352, 0x00060041, 0x0000038E, 0x00000463, 0x00000456, 0x00000084, 0x00000461, 0x0003003E,
  0x00000463, 0x00000462, 0x000200F9, 0x00000452, 0x000200F8, 0x00000452, 0x000100FD, 0x00010038,
  0x00050036, 0x00000006, 0x0000000A, 0x00000000, 0x00000008, 0x00030037, 0x00000007, 0x00000009,
  0x000200F8, 0x0000000B, 0x0004003B, 0x00000007, 0x00000022, 0x00000007, 0x0004003B, 0x00000007,
  0x00000029, 0x00000007, 0x0004003B, 0x00000007, 0x0000002F, 0x00000007, 0x0004003B, 0x00000007,
  0x0000003D, 0x00000007, 0x0004003B, 0x00000007, 0x00000040, 0x00000007, 0x0004003B, 0x00000007,
  0x00000042, 0x00000007, 0x0004003D, 0x00000006, 0x00000023, 0x00000009, 0x000500C7, 0x00000006,
  0x00000025, 0x00000023, 0x00000024, 0x000500C4, 0x00000006, 0x00000028, 0x00000025, 0x00000027,
  0x0003003E, 0x00000022, 0x00000028, 0x0004003D, 0x00000006, 0x0000002A, 0x00000009, 0x000500C2,
  0x00000006, 0x0000002C, 0x0000002A, 0x0000002B, 0x000500C7, 0x00000006, 0x0000002E, 0x0000002C,
  0x0000002D, 0x0003003E, 0x00000029, 0x0000002E, 0x0004003D, 0x00000006, 0x00000030, 0x00000009,
  0x000500C7, 0x00000006, 0x00000032, 0x00000030, 0x00000031, 0x0003003E, 0x0000002F, 0x00000032,
  0x0004003D, 0x00000006, 0x00000033, 0x00000029, 0x000500AA, 0x00000035, 0x00000036, 0x00000033,
  0x00000034, 0x000300F7, 0x00000038, 0x00000000, 0x000400FA, 0x00000036, 0x00000037, 0x0000005C,
  0x000200F8, 0x00000037, 0x0004003D, 0x00000006, 0x00000039, 0x0000002F, 0x000500AA, 0x00000035,
  0x0000003A, 0x00000039, 0x00000034, 0x000300F7, 0x0000003C, 0x00000000, 0x000400FA, 0x0000003A,
  0x0000003B, 0x0000003F, 0x000200F8, 0x0000003B, 0x0004003D, 0x00000006, 0x0000003E, 0x00000022,
  0x0003003E, 0x0000003D, 0x0000003E, 0x000200F9, 0x0000003C, 0x000200F8, 0x0000003F, 0x0003003E,
  0x00000040, 0x00000041, 0x0004003D, 0x00000006, 0x00000043, 0x0000002F, 0x0003003E, 0x00000042,
  0x00000043, 0x000200F9, 0x00000044, 0x000200F8, 0x00000044, 0x000400F6, 0x00000046, 0x00000047,
  0x00000000, 0x000200F9, 0x00000048, 0x000200F8, 0x00000048, 0x0004003D, 0x00000006, 0x00000049,
  0x00000042, 0x000500C7, 0x00000006, 0x0000004B, 0x00000049, 0x0000004A, 0x000500AA, 0x00000035,
  0x0000004C, 0x0000004B, 0x00000034, 0x000400FA, 0x0000004C, 0x00000045, 0x00000046, 0x000200F8,
  0x00000045, 0x0004003D, 0x00000006, 0x0000004E, 0x00000042, 0x000500C4, 0x00000006, 0x0000004F,
  0x0000004E, 0x0000004D, 0x0003003E, 0x00000042, 0x0000004F, 0x0004003D, 0x00000006, 0x00000050,
  0x00000040, 0x00050082, 0x00000006, 0x00000051, 0x00000050, 0x0000004D, 0x0003003E, 0x00000040,
  0x00000051, 0x000200F9, 0x00000047, 0x000200F8, 0x00000047, 0x000200F9, 0x00000044, 0x000200F8,
  0x00000046, 0x0004003D, 0x00000006, 0x00000052, 0x00000022, 0x0004003D, 0x00000006, 0x00000053,
  0x00000040, 0x000500C4, 0x00000006, 0x00000055, 0x00000053, 0x00000054, 0x000500C5, 0x00000006,
  0x00000056, 0x00000052, 0x00000055, 0x0004003D, 0x00000006, 0x00000057, 0x00000042, 0x000500C7,
  0x00000006, 0x00000058, 0x00000057, 0x00000031, 0x000500C4, 0x00000006, 0x0000005A, 0x00000058,
  0x00000059, 0x000500C5, 0x00000006, 0x0000005B, 0x00000056, 0x0000005A, 0x0003003E, 0x0000003D,
  0x0000005B, 0x000200F9, 0x0000003C, 0x000200F8, 0x0000003C, 0x000200F9, 0x00000038, 0x000200F8,
  0x0000005C, 0x0004003D, 0x00000006, 0x0000005D, 0x00000029, 0x000500AA, 0x00000035, 0x0000005E,
  0x0000005D, 0x0000002D, 0x000300F7, 0x00000060, 0x00000000, 0x000400FA, 0x0000005E, 0x0000005F,
  0x00000067, 0x000200F8, 0x0000005F, 0x0004003D, 0x00000006, 0x00000061, 0x00000022, 0x000500C5,
  0x00000006, 0x00000063, 0x00000061, 0x00000062, 0x0004003D, 0x00000006, 0x00000064, 0x0000002F,
  0x000500C4, 0x00000006, 0x00000065, 0x00000064, 0x00000059, 0x000500C5, 0x00000006, 0x00000066,
  0x00000063, 0x00000065, 0x0003003E, 0x0000003D, 0x00000066, 0x000200F9, 0x00000060, 0x000200F8,
  0x00000067, 0x0004003D, 0x00000006, 0x00000068, 0x00000022, 0x0004003D, 0x00000006, 0x00000069,
  0x00000029, 0x00050082, 0x00000006, 0x0000006B, 0x00000069, 0x0000006A, 0x00050080, 0x00000006,
  0x0000006D, 0x0000006B, 0x0000006C, 0x000500C4, 0x00000006, 0x0000006E, 0x0000006D, 0x00000054,
  0x000500C5, 0x00000006, 0x0000006F, 0x00000068, 0x0000006E, 0x0004003D, 0x00000006, 0x00000070,
  0x0000002F, 0x000500C4, 0x00000006, 0x00000071, 0x00000070, 0x00000059, 0x000500C5, 0x00000006,
  0x00000072, 0x0000006F, 0x00000071, 0x0003003E, 0x0000003D, 0x00000072, 0x000200F9, 0x00000060,
  0x000200F8, 0x00000060, 0x000200F9, 0x00000038, 0x000200F8, 0x00000038, 0x0004003D, 0x00000006,
  0x00000073, 0x0000003D, 0x000200FE, 0x00000073, 0x00010038, 0x00050036, 0x0000000C, 0x00000010,
  0x00000000, 0x0000000D, 0x00030037, 0x00000007, 0x0000000E, 0x00030037, 0x00000007, 0x0000000F,
  0x000200F8, 0x00000011, 0x0004003B, 0x00000007, 0x00000076, 0x00000007, 0x0004003B, 0x00000007,
  0x0000007A, 0x00000007, 0x0004003B, 0x0000007D, 0x0000007E, 0x00000007, 0x0004003B, 0x00000007,
  0x00000095, 0x00000007, 0x0004003B, 0x0000007D, 0x00000098, 0x00000007, 0x0004003B, 0x00000007,
  0x000000A7, 0x00000007, 0x0004003B, 0x00000007, 0x000000AA, 0x00000007, 0x0004003B, 0x0000007D,
  0x000000B1, 0x00000007, 0x0004003B, 0x0000007D, 0x000000B7, 0x00000007, 0x0004003B, 0x00000007,
  0x000000BD, 0x00000007, 0x0004003B, 0x00000007, 0x000000CA, 0x00000007, 0x0004003D, 0x00000006,
  0x00000077, 0x0000000F, 0x000500C2, 0x00000006, 0x00000079, 0x00000077, 0x00000078, 0x0003003E,
  0x00000076, 0x00000079, 0x0004003D, 0x00000006, 0x0000007B, 0x0000000F, 0x000500C7, 0x00000006,
  0x0000007C, 0x0000007B, 0x0000006A, 0x0003003E, 0x0000007A, 0x0000007C, 0x0004003D, 0x00000006,
  0x00000085, 0x0000000E, 0x00050080, 0x00000006, 0x00000087, 0x00000085, 0x00000086, 0x00060041,
  0x00000088, 0x00000089, 0x00000083, 0x00000084, 0x00000087, 0x0004003D, 0x0000007F, 0x0000008A,
  0x00000089, 0x00040071, 0x00000006, 0x0000008B, 0x0000008A, 0x0004003D, 0x00000006, 0x0000008C,
  0x0000000E, 0x00050080, 0x00000006, 0x0000008E, 0x0000008C, 0x0000008D, 0x00060041, 0x00000088,
  0x0000008F, 0x00000083, 0x00000084, 0x0000008E, 0x0004003D, 0x0000007F, 0x00000090, 0x0000008F,
  0x00040071, 0x00000006, 0x00000091, 0x00000090, 0x000500C4, 0x00000006, 0x00000093, 0x00000091,
  0x00000092, 0x000500C5, 0x00000006, 0x00000094, 0x0000008B, 0x00000093, 0x0003003E, 0x00000095,
  0x00000094, 0x00050039, 0x00000006, 0x00000096, 0x0000000A, 0x00000095, 0x0004007C, 0x0000000C,
  0x00000097, 0x00000096, 0x0003003E, 0x0000007E, 0x00000097, 0x0004003D, 0x00000006, 0x00000099,
  0x0000000E, 0x00050080, 0x00000006, 0x0000009B, 0x00000099, 0x0000009A, 0x00060041, 0x00000088,
  0x0000009C, 0x00000083, 0x00000084, 0x0000009B, 0x0004003D, 0x0000007F, 0x0000009D, 0x0000009C,
  0x00040071, 0x00000006, 0x0000009E, 0x0000009D, 0x0004003D, 0x00000006, 0x0000009F, 0x0000000E,
  0x00050080, 0x00000006, 0x000000A1, 0x0000009F, 0x000000A0, 0x00060041, 0x00000088, 0x000000A2,
  0x00000083, 0x00000084, 0x000000A1, 0x0004003D, 0x0000007F, 0x000000A3, 0x000000A2, 0x00040071,
  0x00000006, 0x000000A4, 0x000000A3, 0x000500C4, 0x00000006, 0x000000A5, 0x000000A4, 0x00000092,
  0x000500C5, 0x00000006, 0x000000A6, 0x0000009E, 0x000000A5, 0x0003003E, 0x000000A7, 0x000000A6,
  0x00050039, 0x00000006, 0x000000A8, 0x0000000A, 0x000000A7, 0x0004007C, 0x0000000C, 0x000000A9,
  0x000000A8, 0x0003003E, 0x00000098, 0x000000A9, 0x0004003D, 0x00000006, 0x000000AB, 0x0000000E,
  0x0004003D, 0x00000006, 0x000000AC, 0x00000076, 0x00050080, 0x00000006, 0x000000AD, 0x000000AB,
  0x000000AC, 0x00060041, 0x00000088, 0x000000AE, 0x00000083, 0x00000084, 0x000000AD, 0x0004003D,
  0x0000007F, 0x000000AF, 0x000000AE, 0x00040071, 0x00000006, 0x000000B0, 0x000000AF, 0x0003003E,
  0x000000AA, 0x000000B0, 0x0004003D, 0x0000000C, 0x000000B2, 0x0000007E, 0x0004003D, 0x00000006,
  0x000000B3, 0x000000AA, 0x000500C7, 0x00000006, 0x000000B4, 0x000000B3, 0x0000006A, 0x00040070,
  0x0000000C, 0x000000B5, 0x000000B4, 0x00050085, 0x0000000C, 0x000000B6, 0x000000B2, 0x000000B5,
  0x0003003E, 0x000000B1, 0x000000B6, 0x0004003D, 0x0000000C, 0x000000B8, 0x00000098, 0x0004003D,
  0x00000006, 0x000000B9, 0x000000AA, 0x000500C2, 0x00000006, 0x000000BA, 0x000000B9, 0x00000078,
  0x00040070, 0x0000000C, 0x000000BB, 0x000000BA, 0x00050085, 0x0000000C, 0x000000BC, 0x000000B8,
  0x000000BB, 0x0003003E, 0x000000B7, 0x000000BC, 0x0004003D, 0x00000006, 0x000000BE, 0x00000076,
  0x000500C2, 0x00000006, 0x000000C0, 0x000000BE, 0x000000BF, 0x00050084, 0x00000006, 0x000000C2,
  0x000000C0, 0x000000C1, 0x0004003D, 0x00000006, 0x000000C3, 0x00000076, 0x000500C7, 0x00000006,
  0x000000C4, 0x000000C3, 0x0000004D, 0x00050084, 0x00000006, 0x000000C6, 0x000000C4, 0x000000C5,
  0x00050080, 0x00000006, 0x000000C7, 0x000000C2, 0x000000C6, 0x0004003D, 0x00000006, 0x000000C8,
  0x0000007A, 0x00050080, 0x00000006, 0x000000C9, 0x000000C7, 0x000000C8, 0x0003003E, 0x000000BD,
  0x000000C9, 0x0004003D, 0x00000006, 0x000000CB, 0x0000000E, 0x00050080, 0x00000006, 0x000000CC,
  0x000000CB, 0x000000C5, 0x0004003D, 0x00000006, 0x000000CD, 0x000000BD, 0x00050080, 0x00000006,
  0x000000CE, 0x000000CC, 0x000000CD, 0x00060041, 0x00000088, 0x000000CF, 0x00000083, 0x00000084,
  0x000000CE, 0x0004003D, 0x0000007F, 0x000000D0, 0x000000CF, 0x0004003D, 0x00000006, 0x000000D1,
  0x00000076, 0x000500C2, 0x00000006, 0x000000D3, 0x000000D1, 0x000000D2, 0x000500C7, 0x00000006,
  0x000000D5, 0x000000D3, 0x000000D4, 0x00050084, 0x00000006, 0x000000D7, 0x000000D5, 0x000000D6,
  0x000500C2, 0x0000007F, 0x000000D8, 0x000000D0, 0x000000D7, 0x00040071, 0x00000006, 0x000000D9,
  0x000000D8, 0x000500C7, 0x00000006, 0x000000DA, 0x000000D9, 0x000000D4, 0x0003003E, 0x000000CA,
  0x000000DA, 0x0004003D, 0x0000000C, 0x000000DB, 0x000000B1, 0x0004003D, 0x00000006, 0x000000DC,
  0x000000CA, 0x00040070, 0x0000000C, 0x000000DD, 0x000000DC, 0x00050085, 0x0000000C, 0x000000DE,
  0x000000DB, 0x000000DD, 0x0004003D, 0x0000000C, 0x000000DF, 0x000000B7, 0x00050083, 0x0000000C,
  0x000000E0, 0x000000DE, 0x000000DF, 0x000200FE, 0x000000E0, 0x00010038, 0x00050036, 0x0000000C,
  0x00000014, 0x00000000, 0x0000000D, 0x00030037, 0x00000007, 0x00000012, 0x00030037, 0x00000007,
  0x00000013, 0x000200F8, 0x00000015, 0x0004003B, 0x0000007D, 0x000000E3, 0x00000007, 0x0004003B,
  0x00000007, 0x000000EF, 0x00000007, 0x0004003B, 0x00000007, 0x000000F2, 0x00000007, 0x0004003B,
  0x00000007, 0x000000F5, 0x00000007, 0x0004003D, 0x00000006, 0x000000E4, 0x00000012, 0x00060041,
  0x00000088, 0x000000E5, 0x00000083, 0x00000084, 0x000000E4, 0x0004003D, 0x0000007F, 0x000000E6,
  0x000000E5, 0x00040071, 0x00000006, 0x000000E7, 0x000000E6, 0x0004003D, 0x00000006, 0x000000E8,
  0x00000012, 0x00050080, 0x00000006, 0x000000E9, 0x000000E8, 0x0000004D, 0x00060041, 0x00000088,
  0x000000EA, 0x00000083, 0x00000084, 0x000000E9, 0x0004003D, 0x0000007F, 0x000000EB, 0x000000EA,
  0x00040071, 0x00000006, 0x000000EC, 0x000000EB, 0x000500C4, 0x00000006, 0x000000ED, 0x000000EC,
  0x00000092, 0x000500C5, 0x00000006, 0x000000EE, 0x000000E7, 0x000000ED, 0x0003003E, 0x000000EF,
  0x000000EE, 0x00050039, 0x00000006, 0x000000F0, 0x0000000A, 0x000000EF, 0x0004007C, 0x0000000C,
  0x000000F1, 0x000000F0, 0x0003003E, 0x000000E3, 0x000000F1, 0x0004003D, 0x00000006, 0x000000F3,
  0x00000013, 0x000500B0, 0x00000035, 0x000000F4, 0x000000F3, 0x000000C5, 0x000300F7, 0x000000F7,
  0x00000000, 0x000400FA, 0x000000F4, 0x000000F6, 0x00000100, 0x000200F8, 0x000000F6, 0x0004003D,
  0x00000006, 0x000000F8, 0x00000012, 0x00050080, 0x00000006, 0x000000F9, 0x000000F8, 0x000000D6,
  0x0004003D, 0x00000006, 0x000000FA, 0x00000013, 0x00050080, 0x00000006, 0x000000FB, 0x000000F9,
  0x000000FA, 0x00060041, 0x00000088, 0x000000FC, 0x00000083, 0x00000084, 0x000000FB, 0x0004003D,
  0x0000007F, 0x000000FD, 0x000000FC, 0x00040071, 0x00000006, 0x000000FE, 0x000000FD, 0x000500C7,
  0x00000006, 0x000000FF, 0x000000FE, 0x0000006A, 0x0003003E, 0x000000F5, 0x000000FF, 0x000200F9,
  0x000000F7, 0x000200F8, 0x00000100, 0x0004003D, 0x00000006, 0x00000101, 0x00000012, 0x00050080,
  0x00000006, 0x00000102, 0x00000101, 0x000000D6, 0x0004003D, 0x00000006, 0x00000103, 0x00000013,
  0x00050080, 0x00000006, 0x00000104, 0x00000102, 0x00000103, 0x00050082, 0x00000006, 0x00000105,
  0x00000104, 0x000000C5, 0x00060041, 0x00000088, 0x00000106, 0x00000083, 0x00000084, 0x00000105,
  0x0004003D, 0x0000007F, 0x00000107, 0x00000106, 0x000500C2, 0x0000007F, 0x00000108, 0x00000107,
  0x00000078, 0x00040071, 0x00000006, 0x00000109, 0x00000108, 0x0003003E, 0x000000F5, 0x00000109,
  0x000200F9, 0x000000F7, 0x000200F8, 0x000000F7, 0x0004003D, 0x00000006, 0x0000010A, 0x000000F5,
  0x0003003E, 0x000000F2, 0x0000010A, 0x0004003D, 0x0000000C, 0x0000010B, 0x000000E3, 0x0004003D,
  0x00000006, 0x0000010C, 0x000000F2, 0x00040070, 0x0000000C, 0x0000010D, 0x0000010C, 0x00050083,
  0x0000000C, 0x0000010F, 0x0000010D, 0x0000010E, 0x00050085, 0x0000000C, 0x00000110, 0x0000010B,
  0x0000010F, 0x000200FE, 0x00000110, 0x00010038, 0x00050036, 0x0000000C, 0x00000018, 0x00000000,
  0x0000000D, 0x00030037, 0x00000007, 0x00000016, 0x00030037, 0x00000007, 0x00000017, 0x000200F8,
  0x00000019, 0x0004003B, 0x00000007, 0x00000113, 0x00000007, 0x0004003B, 0x00000007, 0x0000011F,
  0x00000007, 0x0004003B, 0x0000007D, 0x0000012C, 0x00000007, 0x0004003B, 0x00000007, 0x0000012D,
  0x00000007, 0x0004003B, 0x0000007D, 0x00000131, 0x00000007, 0x0004003B, 0x00000007, 0x00000132,
  0x00000007, 0x0004003B, 0x00000007, 0x00000136, 0x00000007, 0x0004003B, 0x00000007, 0x0000013A,
  0x00000007, 0x0004003B, 0x00000007, 0x0000013D, 0x00000007, 0x0004003B, 0x00000007, 0x00000145,
  0x00000007, 0x0004003B, 0x00000007, 0x0000014E, 0x00000007, 0x0004003B, 0x00000007, 0x0000017B,
  0x00000007, 0x0004003B, 0x00000007, 0x00000187, 0x00000007, 0x0004003D, 0x00000006, 0x00000114,
  0x00000016, 0x00060041, 0x00000088, 0x00000115, 0x00000083, 0x00000084, 0x00000114, 0x0004003D,
  0x0000007F, 0x00000116, 0x00000115, 0x00040071, 0x00000006, 0x00000117, 0x00000116, 0x0004003D,
  0x00000006, 0x00000118, 0x00000016, 0x00050080, 0x00000006, 0x00000119, 0x00000118, 0x0000004D,
  0x00060041, 0x00000088, 0x0000011A, 0x00000083, 0x00000084, 0x00000119, 0x0004003D, 0x0000007F,
  0x0000011B, 0x0000011A, 0x00040071, 0x00000006, 0x0000011C, 0x0000011B, 0x000500C4, 0x00000006,
  0x0000011D, 0x0000011C, 0x00000092, 0x000500C5, 0x00000006, 0x0000011E, 0x00000117, 0x0000011D,
  0x0003003E, 0x00000113, 0x0000011E, 0x0004003D, 0x00000006, 0x00000120, 0x00000016, 0x00050080,
  0x00000006, 0x00000121, 0x00000120, 0x000000D6, 0x00060041, 0x00000088, 0x00000122, 0x00000083,
  0x00000084, 0x00000121, 0x0004003D, 0x0000007F, 0x00000123, 0x00000122, 0x00040071, 0x00000006,
  0x00000124, 0x00000123, 0x0004003D, 0x00000006, 0x00000125, 0x00000016, 0x00050080, 0x00000006,
  0x00000126, 0x00000125, 0x000000D4, 0x00060041, 0x00000088, 0x00000127, 0x00000083, 0x00000084,
  0x00000126, 0x0004003D, 0x0000007F, 0x00000128, 0x00000127, 0x00040071, 0x00000006, 0x00000129,
  0x00000128, 0x000500C4, 0x00000006, 0x0000012A, 0x00000129, 0x00000092, 0x000500C5, 0x00000006,
  0x0000012B, 0x00000124, 0x0000012A, 0x0003003E, 0x0000011F, 0x0000012B, 0x0004003D, 0x00000006,
  0x0000012E, 0x00000113, 0x0003003E, 0x0000012D, 0x0000012E, 0x00050039, 0x00000006, 0x0000012F,
  0x0000000A, 0x0000012D, 0x0004007C, 0x0000000C, 0x00000130, 0x0000012F, 0x0003003E, 0x0000012C,
  0x00000130, 0x0004003D, 0x00000006, 0x00000133, 0x0000011F, 0x0003003E, 0x00000132, 0x00000133,
  0x00050039, 0x00000006, 0x00000134, 0x0000000A, 0x00000132, 0x0004007C, 0x0000000C, 0x00000135,
  0x00000134, 0x0003003E, 0x00000131, 0x00000135, 0x0004003D, 0x00000006, 0x00000137, 0x00000017,
  0x000500C2, 0x00000006, 0x00000139, 0x00000137, 0x00000138, 0x0003003E, 0x00000136, 0x00000139,
  0x0004003D, 0x00000006, 0x0000013B, 0x00000017, 0x000500C7, 0x00000006, 0x0000013C, 0x0000013B,
  0x0000002D, 0x0003003E, 0x0000013A, 0x0000013C, 0x0004003D, 0x00000006, 0x0000013E, 0x00000016,
  0x00050080, 0x00000006, 0x00000140, 0x0000013E, 0x0000013F, 0x0003003E, 0x0000013D, 0x00000140,
  0x0004003D, 0x00000006, 0x00000141, 0x00000136, 0x000500B0, 0x00000035, 0x00000142, 0x00000141,
  0x0000013F, 0x000300F7, 0x00000144, 0x00000000, 0x000400FA, 0x00000142, 0x00000143, 0x00000157,
  0x000200F8, 0x00000143, 0x0004003D, 0x00000006, 0x00000146, 0x0000013D, 0x0004003D, 0x00000006,
  0x00000147, 0x00000136, 0x00050080, 0x00000006, 0x00000148, 0x00000146, 0x00000147, 0x00060041,
  0x00000088, 0x00000149, 0x00000083, 0x00000084, 0x00000148, 0x0004003D, 0x0000007F, 0x0000014A,
  0x00000149, 0x00040071, 0x00000006, 0x0000014B, 0x0000014A, 0x000500C7, 0x00000006, 0x0000014D,
  0x0000014B, 0x0000014C, 0x0003003E, 0x00000145, 0x0000014D, 0x0004003D, 0x00000006, 0x0000014F,
  0x0000013D, 0x0004003D, 0x00000006, 0x00000150, 0x00000136, 0x00050080, 0x00000006, 0x00000151,
  0x0000014F, 0x00000150, 0x00050080, 0x00000006, 0x00000152, 0x00000151, 0x0000013F, 0x00060041,
  0x00000088, 0x00000153, 0x00000083, 0x00000084, 0x00000152, 0x0004003D, 0x0000007F, 0x00000154,
  0x00000153, 0x00040071, 0x00000006, 0x00000155, 0x00000154, 0x000500C7, 0x00000006, 0x00000156,
  0x00000155, 0x0000014C, 0x0003003E, 0x0000014E, 0x00000156, 0x000200F9, 0x00000144, 0x000200F8,
  0x00000157, 0x0004003D, 0x00000006, 0x00000158, 0x0000013D, 0x0004003D, 0x00000006, 0x00000159,
  0x00000136, 0x00050080, 0x00000006, 0x0000015A, 0x00000158, 0x00000159, 0x00050080, 0x00000006,
  0x0000015B, 0x0000015A, 0x0000013F, 0x00060041, 0x00000088, 0x0000015C, 0x00000083, 0x00000084,
  0x0000015B, 0x0004003D, 0x0000007F, 0x0000015D, 0x0000015C, 0x00040071, 0x00000006, 0x0000015E,
  0x0000015D, 0x000500C7, 0x00000006, 0x0000015F, 0x0000015E, 0x0000006A, 0x0004003D, 0x00000006,
  0x00000160, 0x0000013D, 0x0004003D, 0x00000006, 0x00000161, 0x00000136, 0x00050080, 0x00000006,
  0x00000162, 0x00000160, 0x00000161, 0x00050082, 0x00000006, 0x00000163, 0x00000162, 0x0000013F,
  0x00060041, 0x00000088, 0x00000164, 0x00000083, 0x00000084, 0x00000163, 0x0004003D, 0x0000007F,
  0x00000165, 0x00000164, 0x000500C2, 0x0000007F, 0x00000167, 0x00000165, 0x00000166, 0x000500C4,
  0x0000007F, 0x00000168, 0x00000167, 0x00000078, 0x00040071, 0x00000006, 0x00000169, 0x00000168,
  0x000500C5, 0x00000006, 0x0000016A, 0x0000015F, 0x00000169, 0x0003003E, 0x00000145, 0x0000016A,
  0x0004003D, 0x00000006, 0x0000016B, 0x0000013D, 0x0004003D, 0x00000006, 0x0000016C, 0x00000136,
  0x00050080, 0x00000006, 0x0000016D, 0x0000016B, 0x0000016C, 0x00050080, 0x00000006, 0x0000016E,
  0x0000016D, 0x0000013F, 0x00060041, 0x00000088, 0x0000016F, 0x00000083, 0x00000084, 0x0000016E,
  0x0004003D, 0x0000007F, 0x00000170, 0x0000016F, 0x000500C2, 0x0000007F, 0x00000171, 0x00000170,
  0x00000078, 0x0004003D, 0x00000006, 0x00000172, 0x0000013D, 0x0004003D, 0x00000006, 0x00000173,
  0x00000136, 0x00050080, 0x00000006, 0x00000174, 0x00000172, 0x00000173, 0x00060041, 0x00000088,
  0x00000175, 0x00000083, 0x00000084, 0x00000174, 0x0004003D, 0x0000007F, 0x00000176, 0x00000175,
  0x000500C2, 0x0000007F, 0x00000177, 0x00000176, 0x00000166, 0x000500C4, 0x0000007F, 0x00000178,
  0x00000177, 0x00000078, 0x000500C5, 0x0000007F, 0x00000179, 0x00000171, 0x00000178, 0x00040071,
  0x00000006, 0x0000017A, 0x00000179, 0x0003003E, 0x0000014E, 0x0000017A, 0x000200F9, 0x00000144,
  0x000200F8, 0x00000144, 0x0004003D, 0x00000006, 0x0000017C, 0x00000016, 0x00050080, 0x00000006,
  0x0000017D, 0x0000017C, 0x000000C5, 0x0004003D, 0x00000006, 0x0000017E, 0x00000136, 0x000500C2,
  0x00000006, 0x0000017F, 0x0000017E, 0x000000D2, 0x00050084, 0x00000006, 0x00000180, 0x0000017F,
  0x000000C1, 0x00050080, 0x00000006, 0x00000181, 0x0000017D, 0x00000180, 0x0004003D, 0x00000006,
  0x00000182, 0x0000013A, 0x00050080, 0x00000006, 0x00000183, 0x00000181, 0x00000182, 0x00060041,
  0x00000088, 0x00000184, 0x00000083, 0x00000084, 0x00000183, 0x0004003D, 0x0000007F, 0x00000185,
  0x00000184, 0x00040071, 0x00000006, 0x00000186, 0x00000185, 0x0003003E, 0x0000017B, 0x00000186,
  0x0004003D, 0x00000006, 0x00000188, 0x0000017B, 0x0004003D, 0x00000006, 0x00000189, 0x00000136,
  0x000500C7, 0x00000006, 0x0000018A, 0x00000189, 0x0000004D, 0x00050084, 0x00000006, 0x0000018B,
  0x0000018A, 0x0000013F, 0x000500C2, 0x00000006, 0x0000018C, 0x00000188, 0x0000018B, 0x000500C7,
  0x00000006, 0x0000018D, 0x0000018C, 0x0000006A, 0x0003003E, 0x00000187, 0x0000018D, 0x0004003D,
  0x0000000C, 0x0000018E, 0x0000012C, 0x0004003D, 0x00000006, 0x0000018F, 0x00000145, 0x00040070,
  0x0000000C, 0x00000190, 0x0000018F, 0x00050085, 0x0000000C, 0x00000191, 0x0000018E, 0x00000190,
  0x0004003D, 0x00000006, 0x00000192, 0x00000187, 0x00040070, 0x0000000C, 0x00000193, 0x00000192,
  0x00050085, 0x0000000C, 0x00000194, 0x00000191, 0x00000193, 0x0004003D, 0x0000000C, 0x00000195,
  0x00000131, 0x0004003D, 0x00000006, 0x00000196, 0x0000014E, 0x00040070, 0x0000000C, 0x00000197,
  0x00000196, 0x00050085, 0x0000000C, 0x00000198, 0x00000195, 0x00000197, 0x00050083, 0x0000000C,
  0x00000199, 0x00000194, 0x00000198, 0x000200FE, 0x00000199, 0x00010038, 0x00050036, 0x0000000C,
  0x0000001C, 0x00000000, 0x0000000D, 0x00030037, 0x00000007, 0x0000001A, 0x00030037, 0x00000007,
  0x0000001B, 0x000200F8, 0x0000001D, 0x0004003B, 0x00000007, 0x0000019C, 0x00000007, 0x0004003B,
  0x00000007, 0x0000019F, 0x00000007, 0x0004003B, 0x00000007, 0x000001A3, 0x00000007, 0x0004003B,
  0x00000007, 0x000001A6, 0x00000007, 0x0004003B, 0x00000007, 0x000001A9, 0x00000007, 0x0004003B,
  0x00000007, 0x000001AD, 0x00000007, 0x0004003B, 0x00000007, 0x000001B1, 0x00000007, 0x0004003B,
  0x00000007, 0x000001B4, 0x00000007, 0x0004003B, 0x00000007, 0x000001BC, 0x00000007, 0x0004003B,
  0x00000007, 0x000001C4, 0x00000007, 0x0004003B, 0x00000007, 0x000001F0, 0x00000007, 0x0004003B,
  0x00000007, 0x000001F4, 0x00000007, 0x0004003B, 0x00000007, 0x000001F7, 0x00000007, 0x0004003B,
  0x00000007, 0x000001FE, 0x00000007, 0x0004003B, 0x00000007, 0x00000201, 0x00000007, 0x0004003B,
  0x00000007, 0x0000021A, 0x00000007, 0x0004003B, 0x00000007, 0x0000021D, 0x00000007, 0x0004003B,
  0x0000007D, 0x00000228, 0x00000007, 0x0004003B, 0x00000007, 0x00000234, 0x00000007, 0x0004003B,
  0x0000007D, 0x00000237, 0x00000007, 0x0004003B, 0x00000007, 0x00000244, 0x00000007, 0x0004003D,
  0x00000006, 0x0000019D, 0x0000001B, 0x000500C2, 0x00000006, 0x0000019E, 0x0000019D, 0x00000166,
  0x0003003E, 0x0000019C, 0x0000019E, 0x0004003D, 0x00000006, 0x000001A0, 0x0000001B, 0x000500C7,
  0x00000006, 0x000001A1, 0x000001A0, 0x0000014C, 0x000500C2, 0x00000006, 0x000001A2, 0x000001A1,
  0x00000138, 0x0003003E, 0x0000019F, 0x000001A2, 0x0004003D, 0x00000006, 0x000001A4, 0x0000001B,
  0x000500C7, 0x00000006, 0x000001A5, 0x000001A4, 0x0000002D, 0x0003003E, 0x000001A3, 0x000001A5,
  0x0004003D, 0x00000006, 0x000001A7, 0x0000019C, 0x00050084, 0x00000006, 0x000001A8, 0x000001A7,
  0x000000D6, 0x0003003E, 0x000001A6, 0x000001A8, 0x0004003D, 0x00000006, 0x000001AA, 0x0000019C,
  0x00050084, 0x00000006, 0x000001AB, 0x000001AA, 0x000000D6, 0x000500C4, 0x00000006, 0x000001AC,
  0x0000004D, 0x000001AB, 0x0003003E, 0x000001A9, 0x000001AC, 0x0004003D, 0x00000006, 0x000001AE,
  0x0000019C, 0x00050084, 0x00000006, 0x000001AF, 0x000001AE, 0x000000D6, 0x000500C4, 0x00000006,
  0x000001B0, 0x000000D6, 0x000001AF, 0x0003003E, 0x000001AD, 0x000001B0, 0x0004003D, 0x00000006,
  0x000001B2, 0x0000001A, 0x00050080, 0x00000006, 0x000001B3, 0x000001B2, 0x0000013F, 0x0003003E,
  0x000001B1, 0x000001B3, 0x0004003D, 0x00000006, 0x000001B5, 0x000001A6, 0x0004003D, 0x00000006,
  0x000001B6, 0x0000019F, 0x00050080, 0x00000006, 0x000001B7, 0x000001B5, 0x000001B6, 0x0003003E,
  0x000001B4, 0x000001B7, 0x0004003D, 0x00000006, 0x000001B8, 0x000001B4, 0x000500B0, 0x00000035,
  0x000001B9, 0x000001B8, 0x0000013F, 0x000300F7, 0x000001BB, 0x00000000, 0x000400FA, 0x000001B9,
  0x000001BA, 0x000001CD, 0x000200F8, 0x000001BA, 0x0004003D, 0x00000006, 0x000001BD, 0x000001B1,
  0x0004003D, 0x00000006, 0x000001BE, 0x000001B4, 0x00050080, 0x00000006, 0x000001BF, 0x000001BD,
  0x000001BE, 0x00060041, 0x00000088, 0x000001C0, 0x00000083, 0x00000084, 0x000001BF, 0x0004003D,
  0x0000007F, 0x000001C1, 0x000001C0, 0x00040071, 0x00000006, 0x000001C2, 0x000001C1, 0x000500C7,
  0x00000006, 0x000001C3, 0x000001C2, 0x0000014C, 0x0003003E, 0x000001BC, 0x000001C3, 0x0004003D,
  0x00000006, 0x000001C5, 0x000001B1, 0x0004003D, 0x00000006, 0x000001C6, 0x000001B4, 0x00050080,
  0x00000006, 0x000001C7, 0x000001C5, 0x000001C6, 0x00050080, 0x00000006, 0x000001C8, 0x000001C7,
  0x0000013F, 0x00060041, 0x00000088, 0x000001C9, 0x00000083, 0x00000084, 0x000001C8, 0x0004003D,
  0x0000007F, 0x000001CA, 0x000001C9, 0x00040071, 0x00000006, 0x000001CB, 0x000001CA, 0x000500C7,
  0x00000006, 0x000001CC, 0x000001CB, 0x0000014C, 0x0003003E, 0x000001C4, 0x000001CC, 0x000200F9,
  0x000001BB, 0x000200F8, 0x000001CD, 0x0004003D, 0x00000006, 0x000001CE, 0x000001B1, 0x0004003D,
  0x00000006, 0x000001CF, 0x000001B4, 0x00050080, 0x00000006, 0x000001D0, 0x000001CE, 0x000001CF,
  0x00050080, 0x00000006, 0x000001D1, 0x000001D0, 0x0000013F, 0x00060041, 0x00000088, 0x000001D2,
  0x00000083, 0x00000084, 0x000001D1, 0x0004003D, 0x0000007F, 0x000001D3, 0x000001D2, 0x00040071,
  0x00000006, 0x000001D4, 0x000001D3, 0x000500C7, 0x00000006, 0x000001D5, 0x000001D4, 0x0000006A,
  0x0004003D, 0x00000006, 0x000001D6, 0x000001B1, 0x0004003D, 0x00000006, 0x000001D7, 0x000001B4,
  0x00050080, 0x00000006, 0x000001D8, 0x000001D6, 0x000001D7, 0x00050082, 0x00000006, 0x000001D9,
  0x000001D8, 0x0000013F, 0x00060041, 0x00000088, 0x000001DA, 0x00000083, 0x00000084, 0x000001D9,
  0x0004003D, 0x0000007F, 0x000001DB, 0x000001DA, 0x000500C2, 0x0000007F, 0x000001DC, 0x000001DB,
  0x00000166, 0x000500C4, 0x0000007F, 0x000001DD, 0x000001DC, 0x00000078, 0x00040071, 0x00000006,
  0x000001DE, 0x000001DD, 0x000500C5, 0x00000006, 0x000001DF, 0x000001D5, 0x000001DE, 0x0003003E,
  0x000001BC, 0x000001DF, 0x0004003D, 0x00000006, 0x000001E0, 0x000001B1, 0x0004003D, 0x00000006,
  0x000001E1, 0x000001B4, 0x00050080, 0x00000006, 0x000001E2, 0x000001E0, 0x000001E1, 0x00050080,
  0x00000006, 0x000001E3, 0x000001E2, 0x0000013F, 0x00060041, 0x00000088, 0x000001E4, 0x00000083,
  0x00000084, 0x000001E3, 0x0004003D, 0x0000007F, 0x000001E5, 0x000001E4, 0x000500C2, 0x0000007F,
  0x000001E6, 0x000001E5, 0x00000078, 0x0004003D, 0x00000006, 0x000001E7, 0x000001B1, 0x0004003D,
  0x00000006, 0x000001E8, 0x000001B4, 0x00050080, 0x00000006, 0x000001E9, 0x000001E7, 0x000001E8,
  0x00060041, 0x00000088, 0x000001EA, 0x00000083, 0x00000084, 0x000001E9, 0x0004003D, 0x0000007F,
  0x000001EB, 0x000001EA, 0x000500C2, 0x0000007F, 0x000001EC, 0x000001EB, 0x00000166, 0x000500C4,
  0x0000007F, 0x000001ED, 0x000001EC, 0x00000078, 0x000500C5, 0x0000007F, 0x000001EE, 0x000001E6,
  0x000001ED, 0x00040071, 0x00000006, 0x000001EF, 0x000001EE, 0x0003003E, 0x000001C4, 0x000001EF,
  0x000200F9, 0x000001BB, 0x000200F8, 0x000001BB, 0x0004003D, 0x00000006, 0x000001F1, 0x0000001A,
  0x00050080, 0x00000006, 0x000001F3, 0x000001F1, 0x000001F2, 0x0003003E, 0x000001F0, 0x000001F3,
  0x0004003D, 0x00000006, 0x000001F5, 0x0000001A, 0x00050080, 0x00000006, 0x000001F6, 0x000001F5,
  0x000000C5, 0x0003003E, 0x000001F4, 0x000001F6, 0x0004003D, 0x00000006, 0x000001F8, 0x000001F4,
  0x0004003D, 0x00000006, 0x000001F9, 0x000001A3, 0x00050080, 0x00000006, 0x000001FA, 0x000001F8,
  0x000001F9, 0x00060041, 0x00000088, 0x000001FB, 0x00000083, 0x00000084, 0x000001FA, 0x0004003D,
  0x0000007F, 0x000001FC, 0x000001FB, 0x00040071, 0x00000006, 0x000001FD, 0x000001FC, 0x0003003E,
  0x000001F7, 0x000001FD, 0x0004003D, 0x00000006, 0x000001FF, 0x0000019F, 0x000500AA, 0x00000035,
  0x00000200, 0x000001FF, 0x00000034, 0x000300F7, 0x00000203, 0x00000000, 0x000400FA, 0x00000200,
  0x00000202, 0x0000020E, 0x000200F8, 0x00000202, 0x0004003D, 0x00000006, 0x00000204, 0x000001F0,
  0x0004003D, 0x00000006, 0x00000205, 0x0000019C, 0x00050084, 0x00000006, 0x00000206, 0x00000205,
  0x000000C1, 0x00050080, 0x00000006, 0x00000207, 0x00000204, 0x00000206, 0x0004003D, 0x00000006,
  0x00000208, 0x000001A3, 0x00050080, 0x00000006, 0x00000209, 0x00000207, 0x00000208, 0x00060041,
  0x00000088, 0x0000020A, 0x00000083, 0x00000084, 0x00000209, 0x0004003D, 0x0000007F, 0x0000020B,
  0x0000020A, 0x00040071, 0x00000006, 0x0000020C, 0x0000020B, 0x000500C7, 0x00000006, 0x0000020D,
  0x0000020C, 0x0000006A, 0x0003003E, 0x00000201, 0x0000020D, 0x000200F9, 0x00000203, 0x000200F8,
  0x0000020E, 0x0004003D, 0x00000006, 0x0000020F, 0x000001F0, 0x0004003D, 0x00000006, 0x00000210,
  0x0000019C, 0x00050084, 0x00000006, 0x00000211, 0x00000210, 0x000000C1, 0x00050080, 0x00000006,
  0x00000212, 0x0000020F, 0x00000211, 0x0004003D, 0x00000006, 0x00000213, 0x000001A3, 0x00050080,
  0x00000006, 0x00000214, 0x00000212, 0x00000213, 0x00060041, 0x00000088, 0x00000215, 0x00000083,
  0x00000084, 0x00000214, 0x0004003D, 0x0000007F, 0x00000216, 0x00000215, 0x000500C2, 0x0000007F,
  0x00000217, 0x00000216, 0x00000078, 0x00040071, 0x00000006, 0x00000218, 0x00000217, 0x0003003E,
  0x00000201, 0x00000218, 0x000200F9, 0x00000203, 0x000200F8, 0x00000203, 0x0004003D, 0x00000006,
  0x00000219, 0x00000201, 0x0003003E, 0x000001FE, 0x00000219, 0x0004003D, 0x00000006, 0x0000021B,
  0x0000019F, 0x000500AA, 0x00000035, 0x0000021C, 0x0000021B, 0x00000034, 0x000300F7, 0x0000021F,
  0x00000000, 0x000400FA, 0x0000021C, 0x0000021E, 0x00000223, 0x000200F8, 0x0000021E, 0x0004003D,
  0x00000006, 0x00000220, 0x000001F7, 0x0004003D, 0x00000006, 0x00000221, 0x000001A9, 0x000500C7,
  0x00000006, 0x00000222, 0x00000220, 0x00000221, 0x0003003E, 0x0000021D, 0x00000222, 0x000200F9,
  0x0000021F, 0x000200F8, 0x00000223, 0x0004003D, 0x00000006, 0x00000224, 0x000001F7, 0x0004003D,
  0x00000006, 0x00000225, 0x000001AD, 0x000500C7, 0x00000006, 0x00000226, 0x00000224, 0x00000225,
  0x0003003E, 0x0000021D, 0x00000226, 0x000200F9, 0x0000021F, 0x000200F8, 0x0000021F, 0x0004003D,
  0x00000006, 0x00000227, 0x0000021D, 0x0003003E, 0x0000021A, 0x00000227, 0x0004003D, 0x00000006,
  0x00000229, 0x0000001A, 0x00060041, 0x00000088, 0x0000022A, 0x00000083, 0x00000084, 0x00000229,
  0x0004003D, 0x0000007F, 0x0000022B, 0x0000022A, 0x00040071, 0x00000006, 0x0000022C, 0x0000022B,
  0x0004003D, 0x00000006, 0x0000022D, 0x0000001A, 0x00050080, 0x00000006, 0x0000022E, 0x0000022D,
  0x0000004D, 0x00060041, 0x00000088, 0x0000022F, 0x00000083, 0x00000084, 0x0000022E, 0x0004003D,
  0x0000007F, 0x00000230, 0x0000022F, 0x00040071, 0x00000006, 0x00000231, 0x00000230, 0x000500C4,
  0x00000006, 0x00000232, 0x00000231, 0x00000092, 0x000500C5, 0x00000006, 0x00000233, 0x0000022C,
  0x00000232, 0x0003003E, 0x00000234, 0x00000233, 0x00050039, 0x00000006, 0x00000235, 0x0000000A,
  0x00000234, 0x0004007C, 0x0000000C, 0x00000236, 0x00000235, 0x0003003E, 0x00000228, 0x00000236,
  0x0004003D, 0x00000006, 0x00000238, 0x0000001A, 0x00050080, 0x00000006, 0x00000239, 0x00000238,
  0x000000D6, 0x00060041, 0x00000088, 0x0000023A, 0x00000083, 0x00000084, 0x00000239, 0x0004003D,
  0x0000007F, 0x0000023B, 0x0000023A, 0x00040071, 0x00000006, 0x0000023C, 0x0000023B, 0x0004003D,
  0x00000006, 0x0000023D, 0x0000001A, 0x00050080, 0x00000006, 0x0000023E, 0x0000023D, 0x000000D4,
  0x00060041, 0x00000088, 0x0000023F, 0x00000083, 0x00000084, 0x0000023E, 0x0004003D, 0x0000007F,
  0x00000240, 0x0000023F, 0x00040071, 0x00000006, 0x00000241, 0x00000240, 0x000500C4, 0x00000006,
  0x00000242, 0x00000241, 0x00000092, 0x000500C5, 0x00000006, 0x00000243, 0x0000023C, 0x00000242,
  0x0003003E, 0x00000244, 0x00000243, 0x00050039, 0x00000006, 0x00000245, 0x0000000A, 0x00000244,
  0x0004007C, 0x0000000C, 0x00000246, 0x00000245, 0x0003003E, 0x00000237, 0x00000246, 0x0004003D,
  0x0000000C, 0x00000247, 0x00000228, 0x0004003D, 0x00000006, 0x00000248, 0x000001BC, 0x00040070,
  0x0000000C, 0x00000249, 0x00000248, 0x00050085, 0x0000000C, 0x0000024A, 0x00000247, 0x00000249,
  0x0004003D, 0x00000006, 0x0000024B, 0x000001FE, 0x0004003D, 0x00000006, 0x0000024C, 0x0000021A,
  0x000500AB, 0x00000035, 0x0000024D, 0x0000024C, 0x00000034, 0x000600A9, 0x00000026, 0x0000024E,
  0x0000024D, 0x00000027, 0x00000084, 0x0004007C, 0x00000006, 0x0000024F, 0x0000024E, 0x00050080,
  0x00000006, 0x00000250, 0x0000024B, 0x0000024F, 0x00040070, 0x0000000C, 0x00000251, 0x00000250,
  0x00050085, 0x0000000C, 0x00000252, 0x0000024A, 0x00000251, 0x0004003D, 0x0000000C, 0x00000253,
  0x00000237, 0x0004003D, 0x00000006, 0x00000254, 0x000001C4, 0x00040070, 0x0000000C, 0x00000255,
  0x00000254, 0x00050085, 0x0000000C, 0x00000256, 0x00000253, 0x00000255, 0x00050083, 0x0000000C,
  0x00000257, 0x00000252, 0x00000256, 0x000200FE, 0x00000257, 0x00010038, 0x00050036, 0x0000000C,
  0x00000020, 0x00000000, 0x0000000D, 0x00030037, 0x00000007, 0x0000001E, 0x00030037, 0x00000007,
  0x0000001F, 0x000200F8, 0x00000021, 0x0004003B, 0x00000007, 0x0000025A, 0x00000007, 0x0004003B,
  0x00000007, 0x0000025E, 0x00000007, 0x0004003B, 0x00000007, 0x00000261, 0x00000007, 0x0004003B,
  0x00000007, 0x00000267, 0x00000007, 0x0004003B, 0x00000007, 0x0000026E, 0x00000007, 0x0004003B,
  0x00000007, 0x00000276, 0x00000007, 0x0004003B, 0x0000007D, 0x00000285, 0x00000007, 0x0004003B,
  0x00000007, 0x00000286, 0x00000007, 0x0004003B, 0x00000007, 0x0000028A, 0x00000007, 0x0004003B,
  0x00000007, 0x0000028D, 0x00000007, 0x0004003B, 0x00000007, 0x00000290, 0x00000007, 0x0004003B,
  0x00000007, 0x00000293, 0x00000007, 0x0004003B, 0x00000007, 0x0000029E, 0x00000007, 0x0004003B,
  0x00000007, 0x000002AB, 0x00000007, 0x0004003B, 0x000002FA, 0x000002FB, 0x00000007, 0x0004003B,
  0x000002FA, 0x000002FE, 0x00000007, 0x0004003D, 0x00000006, 0x0000025B, 0x0000001F, 0x000500C2,
  0x00000006, 0x0000025D, 0x0000025B, 0x0000025C, 0x0003003E, 0x0000025A, 0x0000025D, 0x0004003D,
  0x00000006, 0x0000025F, 0x0000001F, 0x000500C7, 0x00000006, 0x00000260, 0x0000025F, 0x0000006C,
  0x0003003E, 0x0000025E, 0x00000260, 0x0004003D, 0x00000006, 0x00000262, 0x0000001E, 0x0004003D,
  0x00000006, 0x00000263, 0x0000025A, 0x00050084, 0x00000006, 0x00000265, 0x00000263, 0x00000264,
  0x00050080, 0x00000006, 0x00000266, 0x00000262, 0x00000265, 0x0003003E, 0x00000261, 0x00000266,
  0x0004003D, 0x00000006, 0x00000268, 0x0000001E, 0x00050080, 0x00000006, 0x0000026A, 0x00000268,
  0x00000269, 0x0004003D, 0x00000006, 0x0000026B, 0x0000025A, 0x00050084, 0x00000006, 0x0000026C,
  0x0000026B, 0x000000C1, 0x00050080, 0x00000006, 0x0000026D, 0x0000026A, 0x0000026C, 0x0003003E,
  0x00000267, 0x0000026D, 0x0004003D, 0x00000006, 0x0000026F, 0x0000001E, 0x00050080, 0x00000006,
  0x00000271, 0x0000026F, 0x00000270, 0x0004003D, 0x00000006, 0x00000272, 0x0000025A, 0x00050084,
  0x00000006, 0x00000274, 0x00000272, 0x00000273, 0x00050080, 0x00000006, 0x00000275, 0x00000271,
  0x00000274, 0x0003003E, 0x0000026E, 0x00000275, 0x0004003D, 0x00000006, 0x00000277, 0x0000001E,
  0x00050080, 0x00000006, 0x00000279, 0x00000277, 0x00000278, 0x00060041, 0x00000088, 0x0000027A,
  0x00000083, 0x00000084, 0x00000279, 0x0004003D, 0x0000007F, 0x0000027B, 0x0000027A, 0x00040071,
  0x00000006, 0x0000027C, 0x0000027B, 0x0004003D, 0x00000006, 0x0000027D, 0x0000001E, 0x00050080,
  0x00000006, 0x0000027F, 0x0000027D, 0x0000027E, 0x00060041, 0x00000088, 0x00000280, 0x00000083,
  0x00000084, 0x0000027F, 0x0004003D, 0x0000007F, 0x00000281, 0x00000280, 0x00040071, 0x00000006,
  0x00000282, 0x00000281, 0x000500C4, 0x00000006, 0x00000283, 0x00000282, 0x00000092, 0x000500C5,
  0x00000006, 0x00000284, 0x0000027C, 0x00000283, 0x0003003E, 0x00000276, 0x00000284, 0x0004003D,
  0x00000006, 0x00000287, 0x00000276, 0x0003003E, 0x00000286, 0x00000287, 0x00050039, 0x00000006,
  0x00000288, 0x0000000A, 0x00000286, 0x0004007C, 0x0000000C, 0x00000289, 0x00000288, 0x0003003E,
  0x00000285, 0x00000289, 0x0004003D, 0x00000006, 0x0000028B, 0x0000025E, 0x000500C7, 0x00000006,
  0x0000028C, 0x0000028B, 0x0000002D, 0x0003003E, 0x0000028A, 0x0000028C, 0x0004003D, 0x00000006,
  0x0000028E, 0x0000025E, 0x000500C2, 0x00000006, 0x0000028F, 0x0000028E, 0x00000138, 0x0003003E,
  0x0000028D, 0x0000028F, 0x0004003D, 0x00000006, 0x00000291, 0x0000028A, 0x000500C2, 0x00000006,
  0x00000292, 0x00000291, 0x00000078, 0x0003003E, 0x00000290, 0x00000292, 0x0004003D, 0x00000006,
  0x00000294, 0x00000267, 0x0004003D, 0x00000006, 0x00000295, 0x0000028A, 0x00050080, 0x00000006,
  0x00000296, 0x00000294, 0x00000295, 0x00060041, 0x00000088, 0x00000297, 0x00000083, 0x00000084,
  0x00000296, 0x0004003D, 0x0000007F, 0x00000298, 0x00000297, 0x00040071, 0x00000006, 0x00000299,
  0x00000298, 0x0003003E, 0x00000293, 0x00000299, 0x0004003D, 0x00000006, 0x0000029A, 0x0000028D,
  0x000500AA, 0x00000035, 0x0000029B, 0x0000029A, 0x00000034, 0x000300F7, 0x0000029D, 0x00000000,
  0x000400FA, 0x0000029B, 0x0000029C, 0x000002B2, 0x000200F8, 0x0000029C, 0x0004003D, 0x00000006,
  0x0000029F, 0x00000261, 0x0004003D, 0x00000006, 0x000002A0, 0x0000028A, 0x00050080, 0x00000006,
  0x000002A1, 0x0000029F, 0x000002A0, 0x00060041, 0x00000088, 0x000002A2, 0x00000083, 0x00000084,
  0x000002A1, 0x0004003D, 0x0000007F, 0x000002A3, 0x000002A2, 0x00040071, 0x00000006, 0x000002A4,
  0x000002A3, 0x000500C7, 0x00000006, 0x000002A5, 0x000002A4, 0x0000006A, 0x0004003D, 0x00000006,
  0x000002A6, 0x00000293, 0x000500C2, 0x00000006, 0x000002A7, 0x000002A6, 0x00000084, 0x000500C7,
  0x00000006, 0x000002A8, 0x000002A7, 0x000000D4, 0x000500C4, 0x00000006, 0x000002A9, 0x000002A8,
  0x00000078, 0x000500C5, 0x00000006, 0x000002AA, 0x000002A5, 0x000002A9, 0x0003003E, 0x0000029E,
  0x000002AA, 0x0004003D, 0x00000006, 0x000002AC, 0x0000026E, 0x0004003D, 0x00000006, 0x000002AD,
  0x00000290, 0x00050080, 0x00000006, 0x000002AE, 0x000002AC, 0x000002AD, 0x00060041, 0x00000088,
  0x000002AF, 0x00000083, 0x00000084, 0x000002AE, 0x0004003D, 0x0000007F, 0x000002B0, 0x000002AF,
  0x00040071, 0x00000006, 0x000002B1, 0x000002B0, 0x0003003E, 0x000002AB, 0x000002B1, 0x000200F9,
  0x0000029D, 0x000200F8, 0x000002B2, 0x0004003D, 0x00000006, 0x000002B3, 0x0000028D, 0x000500AA,
  0x00000035, 0x000002B4, 0x000002B3, 0x0000004D, 0x000300F7, 0x000002B6, 0x00000000, 0x000400FA,
  0x000002B4, 0x000002B5, 0x000002CC, 0x000200F8, 0x000002B5, 0x0004003D, 0x00000006, 0x000002B7,
  0x00000261, 0x0004003D, 0x00000006, 0x000002B8, 0x0000028A, 0x00050080, 0x00000006, 0x000002B9,
  0x000002B7, 0x000002B8, 0x00050080, 0x00000006, 0x000002BA, 0x000002B9, 0x000000C1, 0x00060041,
  0x00000088, 0x000002BB, 0x00000083, 0x00000084, 0x000002BA, 0x0004003D, 0x0000007F, 0x000002BC,
  0x000002BB, 0x00040071, 0x00000006, 0x000002BD, 0x000002BC, 0x000500C7, 0x00000006, 0x000002BE,
  0x000002BD, 0x0000006A, 0x0004003D, 0x00000006, 0x000002BF, 0x00000293, 0x000500C2, 0x00000006,
  0x000002C1, 0x000002BF, 0x000002C0, 0x000500C7, 0x00000006, 0x000002C2, 0x000002C1, 0x000000D4,
  0x000500C4, 0x00000006, 0x000002C3, 0x000002C2, 0x00000078, 0x000500C5, 0x00000006, 0x000002C4,
  0x000002BE, 0x000002C3, 0x0003003E, 0x0000029E, 0x000002C4, 0x0004003D, 0x00000006, 0x000002C5,
  0x0000026E, 0x0004003D, 0x00000006, 0x000002C6, 0x00000290, 0x00050080, 0x00000006, 0x000002C7,
  0x000002C5, 0x000002C6, 0x00050080, 0x00000006, 0x000002C8, 0x000002C7, 0x000000D6, 0x00060041,
  0x00000088, 0x000002C9, 0x00000083, 0x00000084, 0x000002C8, 0x0004003D, 0x0000007F, 0x000002CA,
  0x000002C9, 0x00040071, 0x00000006, 0x000002CB, 0x000002CA, 0x0003003E, 0x000002AB, 0x000002CB,
  0x000200F9, 0x000002B6, 0x000200F8, 0x000002CC, 0x0004003D, 0x00000006, 0x000002CD, 0x0000028D,
  0x000500AA, 0x00000035, 0x000002CE, 0x000002CD, 0x000000D6, 0x000300F7, 0x000002D0, 0x00000000,
  0x000400FA, 0x000002CE, 0x000002CF, 0x000002E4, 0x000200F8, 0x000002CF, 0x0004003D, 0x00000006,
  0x000002D1, 0x00000261, 0x0004003D, 0x00000006, 0x000002D2, 0x0000028A, 0x00050080, 0x00000006,
  0x000002D3, 0x000002D1, 0x000002D2, 0x00060041, 0x00000088, 0x000002D4, 0x00000083, 0x00000084,
  0x000002D3, 0x0004003D, 0x0000007F, 0x000002D5, 0x000002D4, 0x000500C2, 0x0000007F, 0x000002D6,
  0x000002D5, 0x00000078, 0x00040071, 0x00000006, 0x000002D7, 0x000002D6, 0x0004003D, 0x00000006,
  0x000002D8, 0x00000293, 0x000500C2, 0x00000006, 0x000002D9, 0x000002D8, 0x00000078, 0x000500C7,
  0x00000006, 0x000002DA, 0x000002D9, 0x000000D4, 0x000500C4, 0x00000006, 0x000002DB, 0x000002DA,
  0x00000078, 0x000500C5, 0x00000006, 0x000002DC, 0x000002D7, 0x000002DB, 0x0003003E, 0x0000029E,
  0x000002DC, 0x0004003D, 0x00000006, 0x000002DD, 0x0000026E, 0x0004003D, 0x00000006, 0x000002DE,
  0x00000290, 0x00050080, 0x00000006, 0x000002DF, 0x000002DD, 0x000002DE, 0x00050080, 0x00000006,
  0x000002E0, 0x000002DF, 0x0000013F, 0x00060041, 0x00000088, 0x000002E1, 0x00000083, 0x00000084,
  0x000002E0, 0x0004003D, 0x0000007F, 0x000002E2, 0x000002E1, 0x00040071, 0x00000006, 0x000002E3,
  0x000002E2, 0x0003003E, 0x000002AB, 0x000002E3, 0x000200F9, 0x000002D0, 0x000200F8, 0x000002E4,
  0x0004003D, 0x00000006, 0x000002E5, 0x00000261, 0x0004003D, 0x00000006, 0x000002E6, 0x0000028A,
  0x00050080, 0x00000006, 0x000002E7, 0x000002E5, 0x000002E6, 0x00050080, 0x00000006, 0x000002E8,
  0x000002E7, 0x000000C1, 0x00060041, 0x00000088, 0x000002E9, 0x00000083, 0x00000084, 0x000002E8,
  0x0004003D, 0x0000007F, 0x000002EA, 0x000002E9, 0x000500C2, 0x0000007F, 0x000002EB, 0x000002EA,
  0x00000078, 0x00040071, 0x00000006, 0x000002EC, 0x000002EB, 0x0004003D, 0x00000006, 0x000002ED,
  0x00000293, 0x000500C2, 0x00000006, 0x000002EE, 0x000002ED, 0x00000166, 0x000500C7, 0x00000006,
  0x000002EF, 0x000002EE, 0x000000D4, 0x000500C4, 0x00000006, 0x000002F0, 0x000002EF, 0x00000078,
  0x000500C5, 0x00000006, 0x000002F1, 0x000002EC, 0x000002F0, 0x0003003E, 0x0000029E, 0x000002F1,
  0x0004003D, 0x00000006, 0x000002F2, 0x0000026E, 0x0004003D, 0x00000006, 0x000002F3, 0x00000290,
  0x00050080, 0x00000006, 0x000002F4, 0x000002F2, 0x000002F3, 0x00050080, 0x00000006, 0x000002F6,
  0x000002F4, 0x000002F5, 0x00060041, 0x00000088, 0x000002F7, 0x00000083, 0x00000084, 0x000002F6,
  0x0004003D, 0x0000007F, 0x000002F8, 0x000002F7, 0x00040071, 0x00000006, 0x000002F9, 0x000002F8,
  0x0003003E, 0x000002AB, 0x000002F9, 0x000200F9, 0x000002D0, 0x000200F8, 0x000002D0, 0x000200F9,
  0x000002B6, 0x000200F8, 0x000002B6, 0x000200F9, 0x0000029D, 0x000200F8, 0x0000029D, 0x0004003D,
  0x00000006, 0x000002FC, 0x000002AB, 0x000500AC, 0x00000035, 0x000002FD, 0x000002FC, 0x0000006C,
  0x000300F7, 0x00000300, 0x00000000, 0x000400FA, 0x000002FD, 0x000002FF, 0x00000305, 0x000200F8,
  0x000002FF, 0x0004003D, 0x00000006, 0x00000301, 0x000002AB, 0x0004007C, 0x00000026, 0x00000302,
  0x00000301, 0x00050082, 0x00000026, 0x00000304, 0x00000302, 0x00000303, 0x0003003E, 0x000002FE,
  0x00000304, 0x000200F9, 0x00000300, 0x000200F8, 0x00000305, 0x0004003D, 0x00000006, 0x00000306,
  0x000002AB, 0x0004007C, 0x00000026, 0x00000307, 0x00000306, 0x0003003E, 0x000002FE, 0x00000307,
  0x000200F9, 0x00000300, 0x000200F8, 0x00000300, 0x0004003D, 0x00000026, 0x00000308, 0x000002FE,
  0x0003003E, 0x000002FB, 0x00000308, 0x0004003D, 0x0000000C, 0x00000309, 0x00000285, 0x0004003D,
  0x00000026, 0x0000030A, 0x000002FB, 0x0004006F, 0x0000000C, 0x0000030B, 0x0000030A, 0x00050085,
  0x0000000C, 0x0000030C, 0x00000309, 0x0000030B, 0x0004003D, 0x00000006, 0x0000030D, 0x0000029E,
  0x00040070, 0x0000000C, 0x0000030E, 0x0000030D, 0x00050083, 0x0000000C, 0x00000310, 0x0000030E,
  0x0000030F, 0x00050085, 0x0000000C, 0x00000311, 0x0000030C, 0x00000310, 0x000200FE, 0x00000311,
  0x00010038,
};
static const unsigned int moe_ffn_spv[] = {
  0x07230203, 0x00010500, 0x0008000B, 0x0000024B, 0x00000000, 0x00020011, 0x00000001, 0x00020011,
  0x00000016, 0x00020011, 0x00001151, 0x0006000B, 0x00000001, 0x4C534C47, 0x6474732E, 0x3035342E,
  0x00000000, 0x0003000E, 0x00000000, 0x00000001, 0x0012000F, 0x00000005, 0x00000004, 0x6E69616D,
  0x00000000, 0x00000083, 0x0000009A, 0x000000A8, 0x000000BD, 0x000000DB, 0x000000EA, 0x000000FD,
  0x0000014D, 0x00000157, 0x00000179, 0x000001BF, 0x000001F2, 0x0000023D, 0x00060010, 0x00000004,
  0x00000011, 0x00000100, 0x00000001, 0x00000001, 0x00030003, 0x00000002, 0x000001C2, 0x00080004,
  0x455F4C47, 0x735F5458, 0x616C6163, 0x6C625F72, 0x5F6B636F, 0x6F79616C, 0x00007475, 0x000B0004,
  0x455F4C47, 0x735F5458, 0x65646168, 0x78655F72, 0x63696C70, 0x615F7469, 0x68746972, 0x6974656D,
  0x79745F63, 0x00736570, 0x00040005, 0x00000004, 0x6E69616D, 0x00000000, 0x00070005, 0x0000000A,
  0x36317066, 0x5F6F745F, 0x616F6C66, 0x28755F74, 0x003B3175, 0x00030005, 0x00000009, 0x00000068,
  0x00070005, 0x0000000D, 0x36316662, 0x5F6F745F, 0x616F6C66, 0x28755F74, 0x003B3175, 0x00030005,
  0x0000000C, 0x00000068, 0x00070005, 0x00000017, 0x6C5F7477, 0x2864616F, 0x31363175, 0x3B31623B,
  0x00000000, 0x00030005, 0x00000015, 0x00000076, 0x00040005, 0x00000016, 0x36316662, 0x00000000,
  0x00040005, 0x00000019, 0x6E676973, 0x00000000, 0x00030005, 0x00000020, 0x00707865, 0x00040005,
  0x00000026, 0x746E616D, 0x00000000, 0x00040005, 0x00000033, 0x73746962, 0x00000000, 0x00030005,
  0x00000036, 0x00000065, 0x00030005, 0x00000038, 0x0000006D, 0x00040005, 0x00000076, 0x61726170,
  0x0000006D, 0x00040005, 0x0000007B, 0x61726170, 0x0000006D, 0x00030005, 0x00000081, 0x00004350,
  0x00050006, 0x00000081, 0x00000000, 0x73776F72, 0x00000000, 0x00040006, 0x00000081, 0x00000001,
  0x00000048, 0x00040006, 0x00000081, 0x00000002, 0x00000049, 0x00040006, 0x00000081, 0x00000003,
  0x0000004B, 0x00050006, 0x00000081, 0x00000004, 0x36316662, 0x00000000, 0x00030005, 0x00000083,
  0x00006370, 0x00040005, 0x00000088, 0x43455053, 0x0000485F, 0x00040005, 0x00000090, 0x43455053,
  0x0000495F, 0x00030005, 0x00000097, 0x00000074, 0x00060005, 0x0000009A, 0x575F6C67, 0x476B726F,
  0x70756F72, 0x00004449, 0x00030005, 0x000000A7, 0x00646974, 0x00080005, 0x000000A8, 0x4C5F6C67,
  0x6C61636F, 0x6F766E49, 0x69746163, 0x6E496E6F, 0x00786564, 0x00040005, 0x000000AB, 0x6F5F7478,
  0x00006666, 0x00030005, 0x000000B0, 0x00000069, 0x00030005, 0x000000BD, 0x00736572, 0x00030005,
  0x000000C7, 0x00006662, 0x00030005, 0x000000CC, 0x0000006B, 0x00030005, 0x000000D7, 0x00000065,
  0x00040005, 0x000000D9, 0x58444942, 0x00000000, 0x00040006, 0x000000D9, 0x00000000, 0x00786469,
  0x00030005, 0x000000DB, 0x00000000, 0x00030005, 0x000000E6, 0x00000077, 0x00040005, 0x000000E8,
  0x4F435342, 0x00004552, 0x00050006, 0x000000E8, 0x00000000, 0x726F6373, 0x00000065, 0x00030005,
  0x000000EA, 0x00000000, 0x00040005, 0x000000F9, 0x746F6C73, 0x00000000, 0x00040005, 0x000000FB,
  0x4F4C5342, 0x00000054, 0x00050006, 0x000000FB, 0x00000000, 0x746F6C73, 0x00666F5F, 0x00030005,
  0x000000FD, 0x00000000, 0x00040005, 0x00000106, 0x6F5F7567, 0x00006666, 0x00040005, 0x00000111,
  0x6F5F6E64, 0x00006666, 0x00030005, 0x0000011C, 0x0000006A, 0x00060005, 0x00000126, 0x65746167,
  0x776F725F, 0x66666F5F, 0x00000000, 0x00050005, 0x0000012F, 0x725F7075, 0x6F5F776F, 0x00006666,
  0x00040005, 0x0000013C, 0x63615F67, 0x00000063, 0x00040005, 0x0000013D, 0x63615F75, 0x00000063,
  0x00030005, 0x0000013E, 0x00000068, 0x00030005, 0x00000149, 0x00007678, 0x00030005, 0x0000014B,
  0x00005842, 0x00040006, 0x0000014B, 0x00000000, 0x00000078, 0x00030005, 0x0000014D, 0x00000000,
  0x00030005, 0x00000155, 0x00554742, 0x00040006, 0x00000155, 0x00000000, 0x00007567, 0x00030005,
  0x00000157, 0x00000000, 0x00040005, 0x0000015C, 0x61726170, 0x0000006D, 0x00040005, 0x00000160,
  0x61726170, 0x0000006D, 0x00040005, 0x0000016B, 0x61726170, 0x0000006D, 0x00040005, 0x0000016E,
  0x61726170, 0x0000006D, 0x00030005, 0x00000179, 0x00646572, 0x00030005, 0x0000017D, 0x00000073,
  0x00030005, 0x00000197, 0x00006767, 0x00030005, 0x0000019D, 0x00000073, 0x00030005, 0x000001B6,
  0x00007575, 0x00030005, 0x000001BF, 0x00007379, 0x00030005, 0x000001CD, 0x0000006F, 0x00060005,
  0x000001D7, 0x6E776F64, 0x776F725F, 0x66666F5F, 0x00000000, 0x00030005, 0x000001E0, 0x00636361,
  0x00030005, 0x000001E1, 0x0000006A, 0x00030005, 0x000001F0, 0x004E4442, 0x00040006, 0x000001F0,
  0x00000000, 0x00006E64, 0x00030005, 0x000001F2, 0x00000000, 0x00040005, 0x000001F7, 0x61726170,
  0x0000006D, 0x00040005, 0x000001FA, 0x61726170, 0x0000006D, 0x00030005, 0x00000205, 0x00000073,
  0x00030005, 0x0000022F, 0x00000069, 0x00040005, 0x0000023B, 0x54554F42, 0x00000000, 0x00050006,
  0x0000023B, 0x00000000, 0x5F656F6D, 0x0074756F, 0x00030005, 0x0000023D, 0x00000000, 0x00030047,
  0x00000081, 0x00000002, 0x00050048, 0x00000081, 0x00000000, 0x00000023, 0x00000000, 0x00050048,
  0x00000081, 0x00000001, 0x00000023, 0x00000004, 0x00050048, 0x00000081, 0x00000002, 0x00000023,
  0x00000008, 0x00050048, 0x00000081, 0x00000003, 0x00000023, 0x0000000C, 0x00050048, 0x00000081,
  0x00000004, 0x00000023, 0x00000010, 0x00040047, 0x00000088, 0x00000001, 0x00000000, 0x00040047,
  0x00000090, 0x00000001, 0x00000001, 0x00040047, 0x0000009A, 0x0000000B, 0x0000001A, 0x00040047,
  0x000000A8, 0x0000000B, 0x0000001D, 0x00040047, 0x000000D8, 0x00000006, 0x00000004, 0x00030047,
  0x000000D9, 0x00000002, 0x00050048, 0x000000D9, 0x00000000, 0x00000023, 0x00000000, 0x00040047,
  0x000000DB, 0x00000021, 0x00000001, 0x00040047, 0x000000DB, 0x00000022, 0x00000000, 0x00040047,
  0x000000E7, 0x00000006, 0x00000004, 0x00030047, 0x000000E8, 0x00000002, 0x00050048, 0x000000E8,
  0x00000000, 0x00000023, 0x00000000, 0x00040047, 0x000000EA, 0x00000021, 0x00000002, 0x00040047,
  0x000000EA, 0x00000022, 0x00000000, 0x00040047, 0x000000FA, 0x00000006, 0x00000004, 0x00030047,
  0x000000FB, 0x00000002, 0x00050048, 0x000000FB, 0x00000000, 0x00000023, 0x00000000, 0x00040047,
  0x000000FD, 0x00000021, 0x00000005, 0x00040047, 0x000000FD, 0x00000022, 0x00000000, 0x00040047,
  0x0000014A, 0x00000006, 0x00000004, 0x00030047, 0x0000014B, 0x00000002, 0x00050048, 0x0000014B,
  0x00000000, 0x00000023, 0x00000000, 0x00040047, 0x0000014D, 0x00000021, 0x00000000, 0x00040047,
  0x0000014D, 0x00000022, 0x00000000, 0x00040047, 0x00000154, 0x00000006, 0x00000002, 0x00030047,
  0x00000155, 0x00000002, 0x00050048, 0x00000155, 0x00000000, 0x00000023, 0x00000000, 0x00040047,
  0x00000157, 0x00000021, 0x00000003, 0x00040047, 0x00000157, 0x00000022, 0x00000000, 0x00040047,
  0x000001EF, 0x00000006, 0x00000002, 0x00030047, 0x000001F0, 0x00000002, 0x00050048, 0x000001F0,
  0x00000000, 0x00000023, 0x00000000, 0x00040047, 0x000001F2, 0x00000021, 0x00000004, 0x00040047,
  0x000001F2, 0x00000022, 0x00000000, 0x00040047, 0x0000023A, 0x00000006, 0x00000004, 0x00030047,
  0x0000023B, 0x00000002, 0x00050048, 0x0000023B, 0x00000000, 0x00000023, 0x00000000, 0x00040047,
  0x0000023D, 0x00000021, 0x00000006, 0x00040047, 0x0000023D, 0x00000022, 0x00000000, 0x00040047,
  0x0000024A, 0x0000000B, 0x00000019, 0x00020013, 0x00000002, 0x00030021, 0x00000003, 0x00000002,
  0x00040015, 0x00000006, 0x00000020, 0x00000000, 0x00040020, 0x00000007, 0x00000007, 0x00000006,
  0x00040021, 0x00000008, 0x00000006, 0x00000007, 0x00040015, 0x0000000F, 0x00000010, 0x00000000,
  0x00040020, 0x00000010, 0x00000007, 0x0000000F, 0x00020014, 0x00000011, 0x00040020, 0x00000012,
  0x00000007, 0x00000011, 0x00030016, 0x00000013, 0x00000020, 0x00050021, 0x00000014, 0x00000013,
  0x00000010, 0x00000012, 0x0004002B, 0x00000006, 0x0000001B, 0x00008000, 0x00040015, 0x0000001D,
  0x00000020, 0x00000001, 0x0004002B, 0x0000001D, 0x0000001E, 0x00000010, 0x0004002B, 0x0000001D,
  0x00000022, 0x0000000A, 0x0004002B, 0x00000006, 0x00000024, 0x0000001F, 0x0004002B, 0x00000006,
  0x00000028, 0x000003FF, 0x0004002B, 0x00000006, 0x0000002B, 0x00000000, 0x0004002B, 0x00000006,
  0x00000037, 0x00000071, 0x0004002B, 0x00000006, 0x00000040, 0x00000400, 0x0004002B, 0x00000006,
  0x00000043, 0x00000001, 0x0004002B, 0x0000001D, 0x0000004A, 0x00000017, 0x0004002B, 0x0000001D,
  0x0000004F, 0x0000000D, 0x0004002B, 0x00000006, 0x00000058, 0x7F800000, 0x0004002B, 0x00000006,
  0x00000060, 0x0000000F, 0x0004002B, 0x00000006, 0x00000062, 0x0000007F, 0x0007001E, 0x00000081,
  0x0000001D, 0x0000001D, 0x0000001D, 0x0000001D, 0x0000001D, 0x00040020, 0x00000082, 0x00000009,
  0x00000081, 0x0004003B, 0x00000082, 0x00000083, 0x00000009, 0x0004002B, 0x0000001D, 0x00000084,
  0x00000001, 0x00040020, 0x00000085, 0x00000009, 0x0000001D, 0x00040032, 0x0000001D, 0x00000088,
  0x00000800, 0x0004002B, 0x0000001D, 0x0000008D, 0x00000002, 0x00040032, 0x0000001D, 0x00000090,
  0x00001000, 0x00040020, 0x00000096, 0x00000007, 0x0000001D, 0x00040017, 0x00000098, 0x00000006,
  0x00000003, 0x00040020, 0x00000099, 0x00000001, 0x00000098, 0x0004003B, 0x00000099, 0x0000009A,
  0x00000001, 0x00040020, 0x0000009B, 0x00000001, 0x00000006, 0x0004002B, 0x0000001D, 0x000000A0,
  0x00000000, 0x0004003B, 0x0000009B, 0x000000A8, 0x00000001, 0x0004001C, 0x000000BB, 0x00000013,
  0x00000088, 0x00040020, 0x000000BC, 0x00000004, 0x000000BB, 0x0004003B, 0x000000BC, 0x000000BD,
  0x00000004, 0x0004002B, 0x00000013, 0x000000BF, 0x00000000, 0x00040020, 0x000000C0, 0x00000004,
  0x00000013, 0x0004002B, 0x0000001D, 0x000000C2, 0x00000100, 0x0004002B, 0x00000006, 0x000000C5,
  0x00000002, 0x0004002B, 0x00000006, 0x000000C6, 0x00000108, 0x0004002B, 0x0000001D, 0x000000C8,
  0x00000004, 0x0004002B, 0x0000001D, 0x000000D3, 0x00000003, 0x0003001D, 0x000000D8, 0x0000001D,
  0x0003001E, 0x000000D9, 0x000000D8, 0x00040020, 0x000000DA, 0x0000000C, 0x000000D9, 0x0004003B,
  0x000000DA, 0x000000DB, 0x0000000C, 0x00040020, 0x000000E2, 0x0000000C, 0x0000001D, 0x00040020,
  0x000000E5, 0x00000007, 0x00000013, 0x0003001D, 0x000000E7, 0x00000013, 0x0003001E, 0x000000E8,
  0x000000E7, 0x00040020, 0x000000E9, 0x0000000C, 0x000000E8, 0x0004003B, 0x000000E9, 0x000000EA,
  0x0000000C, 0x00040020, 0x000000F1, 0x0000000C, 0x00000013, 0x0003001D, 0x000000FA, 0x0000001D,
  0x0003001E, 0x000000FB, 0x000000FA, 0x00040020, 0x000000FC, 0x0000000C, 0x000000FB, 0x0004003B,
  0x000000FC, 0x000000FD, 0x0000000C, 0x0003001D, 0x0000014A, 0x00000013, 0x0003001E, 0x0000014B,
  0x0000014A, 0x00040020, 0x0000014C, 0x0000000C, 0x0000014B, 0x0004003B, 0x0000014C, 0x0000014D,
  0x0000000C, 0x0003001D, 0x00000154, 0x0000000F, 0x0003001E, 0x00000155, 0x00000154, 0x00040020,
  0x00000156, 0x0000000C, 0x00000155, 0x0004003B, 0x00000156, 0x00000157, 0x0000000C, 0x00040020,
  0x0000015D, 0x0000000C, 0x0000000F, 0x0004002B, 0x00000006, 0x00000176, 0x00000100, 0x0004001C,
  0x00000177, 0x00000013, 0x00000176, 0x00040020, 0x00000178, 0x00000004, 0x00000177, 0x0004003B,
  0x00000178, 0x00000179, 0x00000004, 0x0004002B, 0x0000001D, 0x0000017E, 0x00000080, 0x0004001C,
  0x000001BD, 0x00000013, 0x00000090, 0x00040020, 0x000001BE, 0x00000004, 0x000001BD, 0x0004003B,
  0x000001BE, 0x000001BF, 0x00000004, 0x0004002B, 0x00000013, 0x000001C2, 0x3F800000, 0x0003001D,
  0x000001EF, 0x0000000F, 0x0003001E, 0x000001F0, 0x000001EF, 0x00040020, 0x000001F1, 0x0000000C,
  0x000001F0, 0x0004003B, 0x000001F1, 0x000001F2, 0x0000000C, 0x0003001D, 0x0000023A, 0x00000013,
  0x0003001E, 0x0000023B, 0x0000023A, 0x00040020, 0x0000023C, 0x0000000C, 0x0000023B, 0x0004003B,
  0x0000023C, 0x0000023D, 0x0000000C, 0x0006002C, 0x00000098, 0x0000024A, 0x00000176, 0x00000043,
  0x00000043, 0x00050036, 0x00000002, 0x00000004, 0x00000000, 0x00000003, 0x000200F8, 0x00000005,
  0x0004003B, 0x00000096, 0x00000097, 0x00000007, 0x0004003B, 0x00000096, 0x000000A7, 0x00000007,
  0x0004003B, 0x00000096, 0x000000AB, 0x00000007, 0x0004003B, 0x00000096, 0x000000B0, 0x00000007,
  0x0004003B, 0x00000012, 0x000000C7, 0x00000007, 0x0004003B, 0x00000096, 0x000000CC, 0x00000007,
  0x0004003B, 0x00000096, 0x000000D7, 0x00000007, 0x0004003B, 0x000000E5, 0x000000E6, 0x00000007,
  0x0004003B, 0x00000096, 0x000000F9, 0x00000007, 0x0004003B, 0x00000007, 0x00000106, 0x00000007,
  0x0004003B, 0x00000007, 0x00000111, 0x00000007, 0x0004003B, 0x00000096, 0x0000011C, 0x00000007,
  0x0004003B, 0x00000007, 0x00000126, 0x00000007, 0x0004003B, 0x00000007, 0x0000012F, 0x00000007,
  0x0004003B, 0x000000E5, 0x0000013C, 0x00000007, 0x0004003B, 0x000000E5, 0x0000013D, 0x00000007,
  0x0004003B, 0x00000096, 0x0000013E, 0x00000007, 0x0004003B, 0x000000E5, 0x00000149, 0x00000007,
  0x0004003B, 0x00000010, 0x0000015C, 0x00000007, 0x0004003B, 0x00000012, 0x00000160, 0x00000007,
  0x0004003B, 0x00000010, 0x0000016B, 0x00000007, 0x0004003B, 0x00000012, 0x0000016E, 0x00000007,
  0x0004003B, 0x00000096, 0x0000017D, 0x00000007, 0x0004003B, 0x000000E5, 0x00000197, 0x00000007,
  0x0004003B, 0x00000096, 0x0000019D, 0x00000007, 0x0004003B, 0x000000E5, 0x000001B6, 0x00000007,
  0x0004003B, 0x00000096, 0x000001CD, 0x00000007, 0x0004003B, 0x00000007, 0x000001D7, 0x00000007,
  0x0004003B, 0x000000E5, 0x000001E0, 0x00000007, 0x0004003B, 0x00000096, 0x000001E1, 0x00000007,
  0x0004003B, 0x00000010, 0x000001F7, 0x00000007, 0x0004003B, 0x00000012, 0x000001FA, 0x00000007,
  0x0004003B, 0x00000096, 0x00000205, 0x00000007, 0x0004003B, 0x00000096, 0x0000022F, 0x00000007,
  0x00050041, 0x00000085, 0x00000086, 0x00000083, 0x00000084, 0x0004003D, 0x0000001D, 0x00000087,
  0x00000086, 0x000500AD, 0x00000011, 0x00000089, 0x00000087, 0x00000088, 0x000400A8, 0x00000011,
  0x0000008A, 0x00000089, 0x000300F7, 0x0000008C, 0x00000000, 0x000400FA, 0x0000008A, 0x0000008B,
  0x0000008C, 0x000200F8, 0x0000008B, 0x00050041, 0x00000085, 0x0000008E, 0x00000083, 0x0000008D,
  0x0004003D, 0x0000001D, 0x0000008F, 0x0000008E, 0x000500AD, 0x00000011, 0x00000091, 0x0000008F,
  0x00000090, 0x000200F9, 0x0000008C, 0x000200F8, 0x0000008C, 0x000700F5, 0x00000011, 0x00000092,
  0x00000089, 0x00000005, 0x00000091, 0x0000008B, 0x000300F7, 0x00000094, 0x00000000, 0x000400FA,
  0x00000092, 0x00000093, 0x00000094, 0x000200F8, 0x00000093, 0x000100FD, 0x000200F8, 0x00000094,
  0x00050041, 0x0000009B, 0x0000009C, 0x0000009A, 0x0000002B, 0x0004003D, 0x00000006, 0x0000009D,
  0x0000009C, 0x0004007C, 0x0000001D, 0x0000009E, 0x0000009D, 0x0003003E, 0x00000097, 0x0000009E,
  0x0004003D, 0x0000001D, 0x0000009F, 0x00000097, 0x00050041, 0x00000085, 0x000000A1, 0x00000083,
  0x000000A0, 0x0004003D, 0x0000001D, 0x000000A2, 0x000000A1, 0x000500AF, 0x00000011, 0x000000A3,
  0x0000009F, 0x000000A2, 0x000300F7, 0x000000A5, 0x00000000, 0x000400FA, 0x000000A3, 0x000000A4,
  0x000000A5, 0x000200F8, 0x000000A4, 0x000100FD, 0x000200F8, 0x000000A5, 0x0004003D, 0x00000006,
  0x000000A9, 0x000000A8, 0x0004007C, 0x0000001D, 0x000000AA, 0x000000A9, 0x0003003E, 0x000000A7,
  0x000000AA, 0x0004003D, 0x0000001D, 0x000000AC, 0x00000097, 0x00050041, 0x00000085, 0x000000AD,
  0x00000083, 0x00000084, 0x0004003D, 0x0000001D, 0x000000AE, 0x000000AD, 0x00050084, 0x0000001D,
  0x000000AF, 0x000000AC, 0x000000AE, 0x0003003E, 0x000000AB, 0x000000AF, 0x0004003D, 0x0000001D,
  0x000000B1, 0x000000A7, 0x0003003E, 0x000000B0, 0x000000B1, 0x000200F9, 0x000000B2, 0x000200F8,
  0x000000B2, 0x000400F6, 0x000000B4, 0x000000B5, 0x00000000, 0x000200F9, 0x000000B6, 0x000200F8,
  0x000000B6, 0x0004003D, 0x0000001D, 0x000000B7, 0x000000B0, 0x00050041, 0x00000085, 0x000000B8,
  0x00000083, 0x00000084, 0x0004003D, 0x0000001D, 0x000000B9, 0x000000B8, 0x000500B1, 0x00000011,
  0x000000BA, 0x000000B7, 0x000000B9, 0x000400FA, 0x000000BA, 0x000000B3, 0x000000B4, 0x000200F8,
  0x000000B3, 0x0004003D, 0x0000001D, 0x000000BE, 0x000000B0, 0x00050041, 0x000000C0, 0x000000C1,
  0x000000BD, 0x000000BE, 0x0003003E, 0x000000C1, 0x000000BF, 0x000200F9, 0x000000B5, 0x000200F8,
  0x000000B5, 0x0004003D, 0x0000001D, 0x000000C3, 0x000000B0, 0x00050080, 0x0000001D, 0x000000C4,
  0x000000C3, 0x000000C2, 0x0003003E, 0x000000B0, 0x000000C4, 0x000200F9, 0x000000B2, 0x000200F8,
  0x000000B4, 0x000400E0, 0x000000C5, 0x000000C5, 0x000000C6, 0x00050041, 0x00000085, 0x000000C9,
  0x00000083, 0x000000C8, 0x0004003D, 0x0000001D, 0x000000CA, 0x000000C9, 0x000500AB, 0x00000011,
  0x000000CB, 0x000000CA, 0x000000A0, 0x0003003E, 0x000000C7, 0x000000CB, 0x0003003E, 0x000000CC,
  0x000000A0, 0x000200F9, 0x000000CD, 0x000200F8, 0x000000CD, 0x000400F6, 0x000000CF, 0x000000D0,
  0x00000000, 0x000200F9, 0x000000D1, 0x000200F8, 0x000000D1, 0x0004003D, 0x0000001D, 0x000000D2,
  0x000000CC, 0x00050041, 0x00000085, 0x000000D4, 0x00000083, 0x000000D3, 0x0004003D, 0x0000001D,
  0x000000D5, 0x000000D4, 0x000500B1, 0x00000011, 0x000000D6, 0x000000D2, 0x000000D5, 0x000400FA,
  0x000000D6, 0x000000CE, 0x000000CF, 0x000200F8, 0x000000CE, 0x0004003D, 0x0000001D, 0x000000DC,
  0x00000097, 0x00050041, 0x00000085, 0x000000DD, 0x00000083, 0x000000D3, 0x0004003D, 0x0000001D,
  0x000000DE, 0x000000DD, 0x00050084, 0x0000001D, 0x000000DF, 0x000000DC, 0x000000DE, 0x0004003D,
  0x0000001D, 0x000000E0, 0x000000CC, 0x00050080, 0x0000001D, 0x000000E1, 0x000000DF, 0x000000E0,
  0x00060041, 0x000000E2, 0x000000E3, 0x000000DB, 0x000000A0, 0x000000E1, 0x0004003D, 0x0000001D,
  0x000000E4, 0x000000E3, 0x0003003E, 0x000000D7, 0x000000E4, 0x0004003D, 0x0000001D, 0x000000EB,
  0x00000097, 0x00050041, 0x00000085, 0x000000EC, 0x00000083, 0x000000D3, 0x0004003D, 0x0000001D,
  0x000000ED, 0x000000EC, 0x00050084, 0x0000001D, 0x000000EE, 0x000000EB, 0x000000ED, 0x0004003D,
  0x0000001D, 0x000000EF, 0x000000CC, 0x00050080, 0x0000001D, 0x000000F0, 0x000000EE, 0x000000EF,
  0x00060041, 0x000000F1, 0x000000F2, 0x000000EA, 0x000000A0, 0x000000F0, 0x0004003D, 0x00000013,
  0x000000F3, 0x000000F2, 0x0003003E, 0x000000E6, 0x000000F3, 0x0004003D, 0x00000013, 0x000000F4,
  0x000000E6, 0x000500B4, 0x00000011, 0x000000F5, 0x000000F4, 0x000000BF, 0x000300F7, 0x000000F7,
  0x00000000, 0x000400FA, 0x000000F5, 0x000000F6, 0x000000F7, 0x000200F8, 0x000000F6, 0x000200F9,
  0x000000D0, 0x000200F8, 0x000000F7, 0x0004003D, 0x0000001D, 0x000000FE, 0x000000D7, 0x00060041,
  0x000000E2, 0x000000FF, 0x000000FD, 0x000000A0, 0x000000FE, 0x0004003D, 0x0000001D, 0x00000100,
  0x000000FF, 0x0003003E, 0x000000F9, 0x00000100, 0x0004003D, 0x0000001D, 0x00000101, 0x000000F9,
  0x000500B1, 0x00000011, 0x00000102, 0x00000101, 0x000000A0, 0x000300F7, 0x00000104, 0x00000000,
  0x000400FA, 0x00000102, 0x00000103, 0x00000104, 0x000200F8, 0x00000103, 0x000200F9, 0x000000D0,
  0x000200F8, 0x00000104, 0x0004003D, 0x0000001D, 0x00000107, 0x000000F9, 0x0004007C, 0x00000006,
  0x00000108, 0x00000107, 0x00050041, 0x00000085, 0x00000109, 0x00000083, 0x0000008D, 0x0004003D,
  0x0000001D, 0x0000010A, 0x00000109, 0x0004007C, 0x00000006, 0x0000010B, 0x0000010A, 0x00050084,
  0x00000006, 0x0000010C, 0x00000108, 0x0000010B, 0x00050041, 0x00000085, 0x0000010D, 0x00000083,
  0x00000084, 0x0004003D, 0x0000001D, 0x0000010E, 0x0000010D, 0x0004007C, 0x00000006, 0x0000010F,
  0x0000010E, 0x00050084, 0x00000006, 0x00000110, 0x0000010C, 0x0000010F, 0x0003003E, 0x00000106,
  0x00000110, 0x0004003D, 0x0000001D, 0x00000112, 0x000000F9, 0x0004007C, 0x00000006, 0x00000113,
  0x00000112, 0x00050041, 0x00000085, 0x00000114, 0x00000083, 0x00000084, 0x0004003D, 0x0000001D,
  0x00000115, 0x00000114, 0x0004007C, 0x00000006, 0x00000116, 0x00000115, 0x00050084, 0x00000006,
  0x00000117, 0x00000113, 0x00000116, 0x00050041, 0x00000085, 0x00000118, 0x00000083, 0x0000008D,
  0x0004003D, 0x0000001D, 0x00000119, 0x00000118, 0x0004007C, 0x00000006, 0x0000011A, 0x00000119,
  0x00050084, 0x00000006, 0x0000011B, 0x00000117, 0x0000011A, 0x0003003E, 0x00000111, 0x0000011B,
  0x0003003E, 0x0000011C, 0x000000A0, 0x000200F9, 0x0000011D, 0x000200F8, 0x0000011D, 0x000400F6,
  0x0000011F, 0x00000120, 0x00000000, 0x000200F9, 0x00000121, 0x000200F8, 0x00000121, 0x0004003D,
  0x0000001D, 0x00000122, 0x0000011C, 0x00050041, 0x00000085, 0x00000123, 0x00000083, 0x0000008D,
  0x0004003D, 0x0000001D, 0x00000124, 0x00000123, 0x000500B1, 0x00000011, 0x00000125, 0x00000122,
  0x00000124, 0x000400FA, 0x00000125, 0x0000011E, 0x0000011F, 0x000200F8, 0x0000011E, 0x0004003D,
  0x00000006, 0x00000127, 0x00000106, 0x0004003D, 0x0000001D, 0x00000128, 0x0000011C, 0x0004007C,
  0x00000006, 0x00000129, 0x00000128, 0x00050041, 0x00000085, 0x0000012A, 0x00000083, 0x00000084,
  0x0004003D, 0x0000001D, 0x0000012B, 0x0000012A, 0x0004007C, 0x00000006, 0x0000012C, 0x0000012B,
  0x00050084, 0x00000006, 0x0000012D, 0x00000129, 0x0000012C, 0x00050080, 0x00000006, 0x0000012E,
  0x00000127, 0x0000012D, 0x0003003E, 0x00000126, 0x0000012E, 0x0004003D, 0x00000006, 0x00000130,
  0x00000106, 0x00050041, 0x00000085, 0x00000131, 0x00000083, 0x0000008D, 0x0004003D, 0x0000001D,
  0x00000132, 0x00000131, 0x0004007C, 0x00000006, 0x00000133, 0x00000132, 0x0004003D, 0x0000001D,
  0x00000134, 0x0000011C, 0x0004007C, 0x00000006, 0x00000135, 0x00000134, 0x00050080, 0x00000006,
  0x00000136, 0x00000133, 0x00000135, 0x00050041, 0x00000085, 0x00000137, 0x00000083, 0x00000084,
  0x0004003D, 0x0000001D, 0x00000138, 0x00000137, 0x0004007C, 0x00000006, 0x00000139, 0x00000138,
  0x00050084, 0x00000006, 0x0000013A, 0x00000136, 0x00000139, 0x00050080, 0x00000006, 0x0000013B,
  0x00000130, 0x0000013A, 0x0003003E, 0x0000012F, 0x0000013B, 0x0003003E, 0x0000013C, 0x000000BF,
  0x0003003E, 0x0000013D, 0x000000BF, 0x0004003D, 0x0000001D, 0x0000013F, 0x000000A7, 0x0003003E,
  0x0000013E, 0x0000013F, 0x000200F9, 0x00000140, 0x000200F8, 0x00000140, 0x000400F6, 0x00000142,
  0x00000143, 0x00000000, 0x000200F9, 0x00000144, 0x000200F8, 0x00000144, 0x0004003D, 0x0000001D,
  0x00000145, 0x0000013E, 0x00050041, 0x00000085, 0x00000146, 0x00000083, 0x00000084, 0x0004003D,
  0x0000001D, 0x00000147, 0x00000146, 0x000500B1, 0x00000011, 0x00000148, 0x00000145, 0x00000147,
  0x000400FA, 0x00000148, 0x00000141, 0x00000142, 0x000200F8, 0x00000141, 0x0004003D, 0x0000001D,
  0x0000014E, 0x000000AB, 0x0004003D, 0x0000001D, 0x0000014F, 0x0000013E, 0x00050080, 0x0000001D,
  0x00000150, 0x0000014E, 0x0000014F, 0x00060041, 0x000000F1, 0x00000151, 0x0000014D, 0x000000A0,
  0x00000150, 0x0004003D, 0x00000013, 0x00000152, 0x00000151, 0x0003003E, 0x00000149, 0x00000152,
  0x0004003D, 0x00000013, 0x00000153, 0x00000149, 0x0004003D, 0x00000006, 0x00000158, 0x00000126,
  0x0004003D, 0x0000001D, 0x00000159, 0x0000013E, 0x0004007C, 0x00000006, 0x0000015A, 0x00000159,
  0x00050080, 0x00000006, 0x0000015B, 0x00000158, 0x0000015A, 0x00060041, 0x0000015D, 0x0000015E,
  0x00000157, 0x000000A0, 0x0000015B, 0x0004003D, 0x0000000F, 0x0000015F, 0x0000015E, 0x0003003E,
  0x0000015C, 0x0000015F, 0x0004003D, 0x00000011, 0x00000161, 0x000000C7, 0x0003003E, 0x00000160,
  0x00000161, 0x00060039, 0x00000013, 0x00000162, 0x00000017, 0x0000015C, 0x00000160, 0x00050085,
  0x00000013, 0x00000163, 0x00000153, 0x00000162, 0x0004003D, 0x00000013, 0x00000164, 0x0000013C,
  0x00050081, 0x00000013, 0x00000165, 0x00000164, 0x00000163, 0x0003003E, 0x0000013C, 0x00000165,
  0x0004003D, 0x00000013, 0x00000166, 0x00000149, 0x0004003D, 0x00000006, 0x00000167, 0x0000012F,
  0x0004003D, 0x0000001D, 0x00000168, 0x0000013E, 0x0004007C, 0x00000006, 0x00000169, 0x00000168,
  0x00050080, 0x00000006, 0x0000016A, 0x00000167, 0x00000169, 0x00060041, 0x0000015D, 0x0000016C,
  0x00000157, 0x000000A0, 0x0000016A, 0x0004003D, 0x0000000F, 0x0000016D, 0x0000016C, 0x0003003E,
  0x0000016B, 0x0000016D, 0x0004003D, 0x00000011, 0x0000016F, 0x000000C7, 0x0003003E, 0x0000016E,
  0x0000016F, 0x00060039, 0x00000013, 0x00000170, 0x00000017, 0x0000016B, 0x0000016E, 0x00050085,
  0x00000013, 0x00000171, 0x00000166, 0x00000170, 0x0004003D, 0x00000013, 0x00000172, 0x0000013D,
  0x00050081, 0x00000013, 0x00000173, 0x00000172, 0x00000171, 0x0003003E, 0x0000013D, 0x00000173,
  0x000200F9, 0x00000143, 0x000200F8, 0x00000143, 0x0004003D, 0x0000001D, 0x00000174, 0x0000013E,
  0x00050080, 0x0000001D, 0x00000175, 0x00000174, 0x000000C2, 0x0003003E, 0x0000013E, 0x00000175,
  0x000200F9, 0x00000140, 0x000200F8, 0x00000142, 0x0004003D, 0x0000001D, 0x0000017A, 0x000000A7,
  0x0004003D, 0x00000013, 0x0000017B, 0x0000013C, 0x00050041, 0x000000C0, 0x0000017C, 0x00000179,
  0x0000017A, 0x0003003E, 0x0000017C, 0x0000017B, 0x000400E0, 0x000000C5, 0x000000C5, 0x000000C6,
  0x0003003E, 0x0000017D, 0x0000017E, 0x000200F9, 0x0000017F, 0x000200F8, 0x0000017F, 0x000400F6,
  0x00000181, 0x00000182, 0x00000000, 0x000200F9, 0x00000183, 0x000200F8, 0x00000183, 0x0004003D,
  0x0000001D, 0x00000184, 0x0000017D, 0x000500AD, 0x00000011, 0x00000185, 0x00000184, 0x000000A0,
  0x000400FA, 0x00000185, 0x00000180, 0x00000181, 0x000200F8, 0x00000180, 0x0004003D, 0x0000001D,
  0x00000186, 0x000000A7, 0x0004003D, 0x0000001D, 0x00000187, 0x0000017D, 0x000500B1, 0x00000011,
  0x00000188, 0x00000186, 0x00000187, 0x000300F7, 0x0000018A, 0x00000000, 0x000400FA, 0x00000188,
  0x00000189, 0x0000018A, 0x000200F8, 0x00000189, 0x0004003D, 0x0000001D, 0x0000018B, 0x000000A7,
  0x0004003D, 0x0000001D, 0x0000018C, 0x000000A7, 0x0004003D, 0x0000001D, 0x0000018D, 0x0000017D,
  0x00050080, 0x0000001D, 0x0000018E, 0x0000018C, 0x0000018D, 0x00050041, 0x000000C0, 0x0000018F,
  0x00000179, 0x0000018E, 0x0004003D, 0x00000013, 0x00000190, 0x0000018F, 0x00050041, 0x000000C0,
  0x00000191, 0x00000179, 0x0000018B, 0x0004003D, 0x00000013, 0x00000192, 0x00000191, 0x00050081,
  0x00000013, 0x00000193, 0x00000192, 0x00000190, 0x00050041, 0x000000C0, 0x00000194, 0x00000179,
  0x0000018B, 0x0003003E, 0x00000194, 0x00000193, 0x000200F9, 0x0000018A, 0x000200F8, 0x0000018A,
  0x000400E0, 0x000000C5, 0x000000C5, 0x000000C6, 0x000200F9, 0x00000182, 0x000200F8, 0x00000182,
  0x0004003D, 0x0000001D, 0x00000195, 0x0000017D, 0x000500C3, 0x0000001D, 0x00000196, 0x00000195,
  0x00000084, 0x0003003E, 0x0000017D, 0x00000196, 0x000200F9, 0x0000017F, 0x000200F8, 0x00000181,
  0x00050041, 0x000000C0, 0x00000198, 0x00000179, 0x000000A0, 0x0004003D, 0x00000013, 0x00000199,
  0x00000198, 0x0003003E, 0x00000197, 0x00000199, 0x0004003D, 0x0000001D, 0x0000019A, 0x000000A7,
  0x0004003D, 0x00000013, 0x0000019B, 0x0000013D, 0x00050041, 0x000000C0, 0x0000019C, 0x00000179,
  0x0000019A, 0x0003003E, 0x0000019C, 0x0000019B, 0x000400E0, 0x000000C5, 0x000000C5, 0x000000C6,
  0x0003003E, 0x0000019D, 0x0000017E, 0x000200F9, 0x0000019E, 0x000200F8, 0x0000019E, 0x000400F6,
  0x000001A0, 0x000001A1, 0x00000000, 0x000200F9, 0x000001A2, 0x000200F8, 0x000001A2, 0x0004003D,
  0x0000001D, 0x000001A3, 0x0000019D, 0x000500AD, 0x00000011, 0x000001A4, 0x000001A3, 0x000000A0,
  0x000400FA, 0x000001A4, 0x0000019F, 0x000001A0, 0x000200F8, 0x0000019F, 0x0004003D, 0x0000001D,
  0x000001A5, 0x000000A7, 0x0004003D, 0x0000001D, 0x000001A6, 0x0000019D, 0x000500B1, 0x00000011,
  0x000001A7, 0x000001A5, 0x000001A6, 0x000300F7, 0x000001A9, 0x00000000, 0x000400FA, 0x000001A7,
  0x000001A8, 0x000001A9, 0x000200F8, 0x000001A8, 0x0004003D, 0x0000001D, 0x000001AA, 0x000000A7,
  0x0004003D, 0x0000001D, 0x000001AB, 0x000000A7, 0x0004003D, 0x0000001D, 0x000001AC, 0x0000019D,
  0x00050080, 0x0000001D, 0x000001AD, 0x000001AB, 0x000001AC, 0x00050041, 0x000000C0, 0x000001AE,
  0x00000179, 0x000001AD, 0x0004003D, 0x00000013, 0x000001AF, 0x000001AE, 0x00050041, 0x000000C0,
  0x000001B0, 0x00000179, 0x000001AA, 0x0004003D, 0x00000013, 0x000001B1, 0x000001B0, 0x00050081,
  0x00000013, 0x000001B2, 0x000001B1, 0x000001AF, 0x00050041, 0x000000C0, 0x000001B3, 0x00000179,
  0x000001AA, 0x0003003E, 0x000001B3, 0x000001B2, 0x000200F9, 0x000001A9, 0x000200F8, 0x000001A9,
  0x000400E0, 0x000000C5, 0x000000C5, 0x000000C6, 0x000200F9, 0x000001A1, 0x000200F8, 0x000001A1,
  0x0004003D, 0x0000001D, 0x000001B4, 0x0000019D, 0x000500C3, 0x0000001D, 0x000001B5, 0x000001B4,
  0x00000084, 0x0003003E, 0x0000019D, 0x000001B5, 0x000200F9, 0x0000019E, 0x000200F8, 0x000001A0,
  0x00050041, 0x000000C0, 0x000001B7, 0x00000179, 0x000000A0, 0x0004003D, 0x00000013, 0x000001B8,
  0x000001B7, 0x0003003E, 0x000001B6, 0x000001B8, 0x0004003D, 0x0000001D, 0x000001B9, 0x000000A7,
  0x000500AA, 0x00000011, 0x000001BA, 0x000001B9, 0x000000A0, 0x000300F7, 0x000001BC, 0x00000000,
  0x000400FA, 0x000001BA, 0x000001BB, 0x000001BC, 0x000200F8, 0x000001BB, 0x0004003D, 0x0000001D,
  0x000001C0, 0x0000011C, 0x0004003D, 0x00000013, 0x000001C1, 0x00000197, 0x0004003D, 0x00000013,
  0x000001C3, 0x00000197, 0x0004007F, 0x00000013, 0x000001C4, 0x000001C3, 0x0006000C, 0x00000013,
  0x000001C5, 0x00000001, 0x0000001B, 0x000001C4, 0x00050081, 0x00000013, 0x000001C6, 0x000001C2,
  0x000001C5, 0x00050088, 0x00000013, 0x000001C7, 0x000001C1, 0x000001C6, 0x0004003D, 0x00000013,
  0x000001C8, 0x000001B6, 0x00050085, 0x00000013, 0x000001C9, 0x000001C7, 0x000001C8, 0x00050041,
  0x000000C0, 0x000001CA, 0x000001BF, 0x000001C0, 0x0003003E, 0x000001CA, 0x000001C9, 0x000200F9,
  0x000001BC, 0x000200F8, 0x000001BC, 0x000200F9, 0x00000120, 0x000200F8, 0x00000120, 0x0004003D,
  0x0000001D, 0x000001CB, 0x0000011C, 0x00050080, 0x0000001D, 0x000001CC, 0x000001CB, 0x00000084,
  0x0003003E, 0x0000011C, 0x000001CC, 0x000200F9, 0x0000011D, 0x000200F8, 0x0000011F, 0x000400E0,
  0x000000C5, 0x000000C5, 0x000000C6, 0x0003003E, 0x000001CD, 0x000000A0, 0x000200F9, 0x000001CE,
  0x000200F8, 0x000001CE, 0x000400F6, 0x000001D0, 0x000001D1, 0x00000000, 0x000200F9, 0x000001D2,
  0x000200F8, 0x000001D2, 0x0004003D, 0x0000001D, 0x000001D3, 0x000001CD, 0x00050041, 0x00000085,
  0x000001D4, 0x00000083, 0x00000084, 0x0004003D, 0x0000001D, 0x000001D5, 0x000001D4, 0x000500B1,
  0x00000011, 0x000001D6, 0x000001D3, 0x000001D5, 0x000400FA, 0x000001D6, 0x000001CF, 0x000001D0,
  0x000200F8, 0x000001CF, 0x0004003D, 0x00000006, 0x000001D8, 0x00000111, 0x0004003D, 0x0000001D,
  0x000001D9, 0x000001CD, 0x0004007C, 0x00000006, 0x000001DA, 0x000001D9, 0x00050041, 0x00000085,
  0x000001DB, 0x00000083, 0x0000008D, 0x0004003D, 0x0000001D, 0x000001DC, 0x000001DB, 0x0004007C,
  0x00000006, 0x000001DD, 0x000001DC, 0x00050084, 0x00000006, 0x000001DE, 0x000001DA, 0x000001DD,
  0x00050080, 0x00000006, 0x000001DF, 0x000001D8, 0x000001DE, 0x0003003E, 0x000001D7, 0x000001DF,
  0x0003003E, 0x000001E0, 0x000000BF, 0x0004003D, 0x0000001D, 0x000001E2, 0x000000A7, 0x0003003E,
  0x000001E1, 0x000001E2, 0x000200F9, 0x000001E3, 0x000200F8, 0x000001E3, 0x000400F6, 0x000001E5,
  0x000001E6, 0x00000000, 0x000200F9, 0x000001E7, 0x000200F8, 0x000001E7, 0x0004003D, 0x0000001D,
  0x000001E8, 0x000001E1, 0x00050041, 0x00000085, 0x000001E9, 0x00000083, 0x0000008D, 0x0004003D,
  0x0000001D, 0x000001EA, 0x000001E9, 0x000500B1, 0x00000011, 0x000001EB, 0x000001E8, 0x000001EA,
  0x000400FA, 0x000001EB, 0x000001E4, 0x000001E5, 0x000200F8, 0x000001E4, 0x0004003D, 0x0000001D,
  0x000001EC, 0x000001E1, 0x00050041, 0x000000C0, 0x000001ED, 0x000001BF, 0x000001EC, 0x0004003D,
  0x00000013, 0x000001EE, 0x000001ED, 0x0004003D, 0x00000006, 0x000001F3, 0x000001D7, 0x0004003D,
  0x0000001D, 0x000001F4, 0x000001E1, 0x0004007C, 0x00000006, 0x000001F5, 0x000001F4, 0x00050080,
  0x00000006, 0x000001F6, 0x000001F3, 0x000001F5, 0x00060041, 0x0000015D, 0x000001F8, 0x000001F2,
  0x000000A0, 0x000001F6, 0x0004003D, 0x0000000F, 0x000001F9, 0x000001F8, 0x0003003E, 0x000001F7,
  0x000001F9, 0x0004003D, 0x00000011, 0x000001FB, 0x000000C7, 0x0003003E, 0x000001FA, 0x000001FB,
  0x00060039, 0x00000013, 0x000001FC, 0x00000017, 0x000001F7, 0x000001FA, 0x00050085, 0x00000013,
  0x000001FD, 0x000001EE, 0x000001FC, 0x0004003D, 0x00000013, 0x000001FE, 0x000001E0, 0x00050081,
  0x00000013, 0x000001FF, 0x000001FE, 0x000001FD, 0x0003003E, 0x000001E0, 0x000001FF, 0x000200F9,
  0x000001E6, 0x000200F8, 0x000001E6, 0x0004003D, 0x0000001D, 0x00000200, 0x000001E1, 0x00050080,
  0x0000001D, 0x00000201, 0x00000200, 0x000000C2, 0x0003003E, 0x000001E1, 0x00000201, 0x000200F9,
  0x000001E3, 0x000200F8, 0x000001E5, 0x0004003D, 0x0000001D, 0x00000202, 0x000000A7, 0x0004003D,
  0x00000013, 0x00000203, 0x000001E0, 0x00050041, 0x000000C0, 0x00000204, 0x00000179, 0x00000202,
  0x0003003E, 0x00000204, 0x00000203, 0x000400E0, 0x000000C5, 0x000000C5, 0x000000C6, 0x0003003E,
  0x00000205, 0x0000017E, 0x000200F9, 0x00000206, 0x000200F8, 0x00000206, 0x000400F6, 0x00000208,
  0x00000209, 0x00000000, 0x000200F9, 0x0000020A, 0x000200F8, 0x0000020A, 0x0004003D, 0x0000001D,
  0x0000020B, 0x00000205, 0x000500AD, 0x00000011, 0x0000020C, 0x0000020B, 0x000000A0, 0x000400FA,
  0x0000020C, 0x00000207, 0x00000208, 0x000200F8, 0x00000207, 0x0004003D, 0x0000001D, 0x0000020D,
  0x000000A7, 0x0004003D, 0x0000001D, 0x0000020E, 0x00000205, 0x000500B1, 0x00000011, 0x0000020F,
  0x0000020D, 0x0000020E, 0x000300F7, 0x00000211, 0x00000000, 0x000400FA, 0x0000020F, 0x00000210,
  0x00000211, 0x000200F8, 0x00000210, 0x0004003D, 0x0000001D, 0x00000212, 0x000000A7, 0x0004003D,
  0x0000001D, 0x00000213, 0x000000A7, 0x0004003D, 0x0000001D, 0x00000214, 0x00000205, 0x00050080,
  0x0000001D, 0x00000215, 0x00000213, 0x00000214, 0x00050041, 0x000000C0, 0x00000216, 0x00000179,
  0x00000215, 0x0004003D, 0x00000013, 0x00000217, 0x00000216, 0x00050041, 0x000000C0, 0x00000218,
  0x00000179, 0x00000212, 0x0004003D, 0x00000013, 0x00000219, 0x00000218, 0x00050081, 0x00000013,
  0x0000021A, 0x00000219, 0x00000217, 0x00050041, 0x000000C0, 0x0000021B, 0x00000179, 0x00000212,
  0x0003003E, 0x0000021B, 0x0000021A, 0x000200F9, 0x00000211, 0x000200F8, 0x00000211, 0x000400E0,
  0x000000C5, 0x000000C5, 0x000000C6, 0x000200F9, 0x00000209, 0x000200F8, 0x00000209, 0x0004003D,
  0x0000001D, 0x0000021C, 0x00000205, 0x000500C3, 0x0000001D, 0x0000021D, 0x0000021C, 0x00000084,
  0x0003003E, 0x00000205, 0x0000021D, 0x000200F9, 0x00000206, 0x000200F8, 0x00000208, 0x0004003D,
  0x0000001D, 0x0000021E, 0x000000A7, 0x000500AA, 0x00000011, 0x0000021F, 0x0000021E, 0x000000A0,
  0x000300F7, 0x00000221, 0x00000000, 0x000400FA, 0x0000021F, 0x00000220, 0x00000221, 0x000200F8,
  0x00000220, 0x0004003D, 0x0000001D, 0x00000222, 0x000001CD, 0x0004003D, 0x00000013, 0x00000223,
  0x000000E6, 0x00050041, 0x000000C0, 0x00000224, 0x00000179, 0x000000A0, 0x0004003D, 0x00000013,
  0x00000225, 0x00000224, 0x00050085, 0x00000013, 0x00000226, 0x00000223, 0x00000225, 0x00050041,
  0x000000C0, 0x00000227, 0x000000BD, 0x00000222, 0x0004003D, 0x00000013, 0x00000228, 0x00000227,
  0x00050081, 0x00000013, 0x00000229, 0x00000228, 0x00000226, 0x00050041, 0x000000C0, 0x0000022A,
  0x000000BD, 0x00000222, 0x0003003E, 0x0000022A, 0x00000229, 0x000200F9, 0x00000221, 0x000200F8,
  0x00000221, 0x000200F9, 0x000001D1, 0x000200F8, 0x000001D1, 0x0004003D, 0x0000001D, 0x0000022B,
  0x000001CD, 0x00050080, 0x0000001D, 0x0000022C, 0x0000022B, 0x00000084, 0x0003003E, 0x000001CD,
  0x0000022C, 0x000200F9, 0x000001CE, 0x000200F8, 0x000001D0, 0x000400E0, 0x000000C5, 0x000000C5,
  0x000000C6, 0x000200F9, 0x000000D0, 0x000200F8, 0x000000D0, 0x0004003D, 0x0000001D, 0x0000022D,
  0x000000CC, 0x00050080, 0x0000001D, 0x0000022E, 0x0000022D, 0x00000084, 0x0003003E, 0x000000CC,
  0x0000022E, 0x000200F9, 0x000000CD, 0x000200F8, 0x000000CF, 0x0004003D, 0x0000001D, 0x00000230,
  0x000000A7, 0x0003003E, 0x0000022F, 0x00000230, 0x000200F9, 0x00000231, 0x000200F8, 0x00000231,
  0x000400F6, 0x00000233, 0x00000234, 0x00000000, 0x000200F9, 0x00000235, 0x000200F8, 0x00000235,
  0x0004003D, 0x0000001D, 0x00000236, 0x0000022F, 0x00050041, 0x00000085, 0x00000237, 0x00000083,
  0x00000084, 0x0004003D, 0x0000001D, 0x00000238, 0x00000237, 0x000500B1, 0x00000011, 0x00000239,
  0x00000236, 0x00000238, 0x000400FA, 0x00000239, 0x00000232, 0x00000233, 0x000200F8, 0x00000232,
  0x0004003D, 0x0000001D, 0x0000023E, 0x000000AB, 0x0004003D, 0x0000001D, 0x0000023F, 0x0000022F,
  0x00050080, 0x0000001D, 0x00000240, 0x0000023E, 0x0000023F, 0x0004003D, 0x0000001D, 0x00000241,
  0x0000022F, 0x00050041, 0x000000C0, 0x00000242, 0x000000BD, 0x00000241, 0x0004003D, 0x00000013,
  0x00000243, 0x00000242, 0x00060041, 0x000000F1, 0x00000244, 0x0000023D, 0x000000A0, 0x00000240,
  0x0004003D, 0x00000013, 0x00000245, 0x00000244, 0x00050081, 0x00000013, 0x00000246, 0x00000245,
  0x00000243, 0x00060041, 0x000000F1, 0x00000247, 0x0000023D, 0x000000A0, 0x00000240, 0x0003003E,
  0x00000247, 0x00000246, 0x000200F9, 0x00000234, 0x000200F8, 0x00000234, 0x0004003D, 0x0000001D,
  0x00000248, 0x0000022F, 0x00050080, 0x0000001D, 0x00000249, 0x00000248, 0x000000C2, 0x0003003E,
  0x0000022F, 0x00000249, 0x000200F9, 0x00000231, 0x000200F8, 0x00000233, 0x000100FD, 0x00010038,
  0x00050036, 0x00000006, 0x0000000A, 0x00000000, 0x00000008, 0x00030037, 0x00000007, 0x00000009,
  0x000200F8, 0x0000000B, 0x0004003B, 0x00000007, 0x00000019, 0x00000007, 0x0004003B, 0x00000007,
  0x00000020, 0x00000007, 0x0004003B, 0x00000007, 0x00000026, 0x00000007, 0x0004003B, 0x00000007,
  0x00000033, 0x00000007, 0x0004003B, 0x00000007, 0x00000036, 0x00000007, 0x0004003B, 0x00000007,
  0x00000038, 0x00000007, 0x0004003D, 0x00000006, 0x0000001A, 0x00000009, 0x000500C7, 0x00000006,
  0x0000001C, 0x0000001A, 0x0000001B, 0x000500C4, 0x00000006, 0x0000001F, 0x0000001C, 0x0000001E,
  0x0003003E, 0x00000019, 0x0000001F, 0x0004003D, 0x00000006, 0x00000021, 0x00000009, 0x000500C2,
  0x00000006, 0x00000023, 0x00000021, 0x00000022, 0x000500C7, 0x00000006, 0x00000025, 0x00000023,
  0x00000024, 0x0003003E, 0x00000020, 0x00000025, 0x0004003D, 0x00000006, 0x00000027, 0x00000009,
  0x000500C7, 0x00000006, 0x00000029, 0x00000027, 0x00000028, 0x0003003E, 0x00000026, 0x00000029,
  0x0004003D, 0x00000006, 0x0000002A, 0x00000020, 0x000500AA, 0x00000011, 0x0000002C, 0x0000002A,
  0x0000002B, 0x000300F7, 0x0000002E, 0x00000000, 0x000400FA, 0x0000002C, 0x0000002D, 0x00000052,
  0x000200F8, 0x0000002D, 0x0004003D, 0x00000006, 0x0000002F, 0x00000026, 0x000500AA, 0x00000011,
  0x00000030, 0x0000002F, 0x0000002B, 0x000300F7, 0x00000032, 0x00000000, 0x000400FA, 0x00000030,
  0x00000031, 0x00000035, 0x000200F8, 0x00000031, 0x0004003D, 0x00000006, 0x00000034, 0x00000019,
  0x0003003E, 0x00000033, 0x00000034, 0x000200F9, 0x00000032, 0x000200F8, 0x00000035, 0x0003003E,
  0x00000036, 0x00000037, 0x0004003D, 0x00000006, 0x00000039, 0x00000026, 0x0003003E, 0x00000038,
  0x00000039, 0x000200F9, 0x0000003A, 0x000200F8, 0x0000003A, 0x000400F6, 0x0000003C, 0x0000003D,
  0x00000000, 0x000200F9, 0x0000003E, 0x000200F8, 0x0000003E, 0x0004003D, 0x00000006, 0x0000003F,
  0x00000038, 0x000500C7, 0x00000006, 0x00000041, 0x0000003F, 0x00000040, 0x000500AA, 0x00000011,
  0x00000042, 0x00000041, 0x0000002B, 0x000400FA, 0x00000042, 0x0000003B, 0x0000003C, 0x000200F8,
  0x0000003B, 0x0004003D, 0x00000006, 0x00000044, 0x00000038, 0x000500C4, 0x00000006, 0x00000045,
  0x00000044, 0x00000043, 0x0003003E, 0x00000038, 0x00000045, 0x0004003D, 0x00000006, 0x00000046,
  0x00000036, 0x00050082, 0x00000006, 0x00000047, 0x00000046, 0x00000043, 0x0003003E, 0x00000036,
  0x00000047, 0x000200F9, 0x0000003D, 0x000200F8, 0x0000003D, 0x000200F9, 0x0000003A, 0x000200F8,
  0x0000003C, 0x0004003D, 0x00000006, 0x00000048, 0x00000019, 0x0004003D, 0x00000006, 0x00000049,
  0x00000036, 0x000500C4, 0x00000006, 0x0000004B, 0x00000049, 0x0000004A, 0x000500C5, 0x00000006,
  0x0000004C, 0x00000048, 0x0000004B, 0x0004003D, 0x00000006, 0x0000004D, 0x00000038, 0x000500C7,
  0x00000006, 0x0000004E, 0x0000004D, 0x00000028, 0x000500C4, 0x00000006, 0x00000050, 0x0000004E,
  0x0000004F, 0x000500C5, 0x00000006, 0x00000051, 0x0000004C, 0x00000050, 0x0003003E, 0x00000033,
  0x00000051, 0x000200F9, 0x00000032, 0x000200F8, 0x00000032, 0x000200F9, 0x0000002E, 0x000200F8,
  0x00000052, 0x0004003D, 0x00000006, 0x00000053, 0x00000020, 0x000500AA, 0x00000011, 0x00000054,
  0x00000053, 0x00000024, 0x000300F7, 0x00000056, 0x00000000, 0x000400FA, 0x00000054, 0x00000055,
  0x0000005D, 0x000200F8, 0x00000055, 0x0004003D, 0x00000006, 0x00000057, 0x00000019, 0x000500C5,
  0x00000006, 0x00000059, 0x00000057, 0x00000058, 0x0004003D, 0x00000006, 0x0000005A, 0x00000026,
  0x000500C4, 0x00000006, 0x0000005B, 0x0000005A, 0x0000004F, 0x000500C5, 0x00000006, 0x0000005C,
  0x00000059, 0x0000005B, 0x0003003E, 0x00000033, 0x0000005C, 0x000200F9, 0x00000056, 0x000200F8,
  0x0000005D, 0x0004003D, 0x00000006, 0x0000005E, 0x00000019, 0x0004003D, 0x00000006, 0x0000005F,
  0x00000020, 0x00050082, 0x00000006, 0x00000061, 0x0000005F, 0x00000060, 0x00050080, 0x00000006,
  0x00000063, 0x00000061, 0x00000062, 0x000500C4, 0x00000006, 0x00000064, 0x00000063, 0x0000004A,
  0x000500C5, 0x00000006, 0x00000065, 0x0000005E, 0x00000064, 0x0004003D, 0x00000006, 0x00000066,
  0x00000026, 0x000500C4, 0x00000006, 0x00000067, 0x00000066, 0x0000004F, 0x000500C5, 0x00000006,
  0x00000068, 0x00000065, 0x00000067, 0x0003003E, 0x00000033, 0x00000068, 0x000200F9, 0x00000056,
  0x000200F8, 0x00000056, 0x000200F9, 0x0000002E, 0x000200F8, 0x0000002E, 0x0004003D, 0x00000006,
  0x00000069, 0x00000033, 0x000200FE, 0x00000069, 0x00010038, 0x00050036, 0x00000006, 0x0000000D,
  0x00000000, 0x00000008, 0x00030037, 0x00000007, 0x0000000C, 0x000200F8, 0x0000000E, 0x0004003D,
  0x00000006, 0x0000006C, 0x0000000C, 0x000500C4, 0x00000006, 0x0000006D, 0x0000006C, 0x0000001E,
  0x000200FE, 0x0000006D, 0x00010038, 0x00050036, 0x00000013, 0x00000017, 0x00000000, 0x00000014,
  0x00030037, 0x00000010, 0x00000015, 0x00030037, 0x00000012, 0x00000016, 0x000200F8, 0x00000018,
  0x0004003B, 0x00000007, 0x00000071, 0x00000007, 0x0004003B, 0x00000007, 0x00000076, 0x00000007,
  0x0004003B, 0x00000007, 0x0000007B, 0x00000007, 0x0004003D, 0x00000011, 0x00000070, 0x00000016,
  0x000300F7, 0x00000073, 0x00000000, 0x000400FA, 0x00000070, 0x00000072, 0x00000078, 0x000200F8,
  0x00000072, 0x0004003D, 0x0000000F, 0x00000074, 0x00000015, 0x00040071, 0x00000006, 0x00000075,
  0x00000074, 0x0003003E, 0x00000076, 0x00000075, 0x00050039, 0x00000006, 0x00000077, 0x0000000D,
  0x00000076, 0x0003003E, 0x00000071, 0x00000077, 0x000200F9, 0x00000073, 0x000200F8, 0x00000078,
  0x0004003D, 0x0000000F, 0x00000079, 0x00000015, 0x00040071, 0x00000006, 0x0000007A, 0x00000079,
  0x0003003E, 0x0000007B, 0x0000007A, 0x00050039, 0x00000006, 0x0000007C, 0x0000000A, 0x0000007B,
  0x0003003E, 0x00000071, 0x0000007C, 0x000200F9, 0x00000073, 0x000200F8, 0x00000073, 0x0004003D,
  0x00000006, 0x0000007D, 0x00000071, 0x0004007C, 0x00000013, 0x0000007E, 0x0000007D, 0x000200FE,
  0x0000007E, 0x00010038,
};
static const unsigned int moe_route_spv[] = {
  0x07230203, 0x00010500, 0x0008000B, 0x00000121, 0x00000000, 0x00020011, 0x00000001, 0x0006000B,
  0x00000001, 0x4C534C47, 0x6474732E, 0x3035342E, 0x00000000, 0x0003000E, 0x00000000, 0x00000001,
  0x000D000F, 0x00000005, 0x00000004, 0x6E69616D, 0x00000000, 0x00000008, 0x00000015, 0x0000001C,
  0x00000047, 0x00000064, 0x0000008C, 0x000000D4, 0x000000E2, 0x00060010, 0x00000004, 0x00000011,
  0x00000020, 0x00000001, 0x00000001, 0x00030003, 0x00000002, 0x000001C2, 0x00080004, 0x455F4C47,
  0x735F5458, 0x616C6163, 0x6C625F72, 0x5F6B636F, 0x6F79616C, 0x00007475, 0x000B0004, 0x455F4C47,
  0x735F5458, 0x65646168, 0x78655F72, 0x63696C70, 0x615F7469, 0x68746972, 0x6974656D, 0x79745F63,
  0x00736570, 0x00040005, 0x00000004, 0x6E69616D, 0x00000000, 0x00080005, 0x00000008, 0x4C5F6C67,
  0x6C61636F, 0x6F766E49, 0x69746163, 0x6E496E6F, 0x00786564, 0x00030005, 0x00000012, 0x00000074,
  0x00060005, 0x00000015, 0x575F6C67, 0x476B726F, 0x70756F72, 0x00004449, 0x00030005, 0x0000001A,
  0x00004350, 0x00050006, 0x0000001A, 0x00000000, 0x73776F72, 0x00000000, 0x00040006, 0x0000001A,
  0x00000001, 0x00000045, 0x00040006, 0x0000001A, 0x00000002, 0x0000004B, 0x00050006, 0x0000001A,
  0x00000003, 0x6D726F6E, 0x00000000, 0x00030005, 0x0000001C, 0x00006370, 0x00030005, 0x00000025,
  0x00000045, 0x00040005, 0x00000032, 0x65736162, 0x00000000, 0x00040005, 0x00000038, 0x7678616D,
  0x00000000, 0x00030005, 0x0000003A, 0x00000069, 0x00030005, 0x00000043, 0x00000076, 0x00040005,
  0x00000045, 0x474F4C42, 0x00535449, 0x00050006, 0x00000045, 0x00000000, 0x69676F6C, 0x00007374,
  0x00030005, 0x00000047, 0x00000000, 0x00030005, 0x00000056, 0x006D7573, 0x00030005, 0x00000058,
  0x00000069, 0x00030005, 0x00000064, 0x00007270, 0x00030005, 0x00000077, 0x00766E69, 0x00030005,
  0x0000007B, 0x00000069, 0x00030005, 0x0000008C, 0x00007869, 0x00030005, 0x00000093, 0x0000004B,
  0x00030005, 0x00000097, 0x00000069, 0x00040005, 0x000000A0, 0x74736562, 0x00000000, 0x00030005,
  0x000000A2, 0x0000006A, 0x00030005, 0x000000B9, 0x00007074, 0x00030005, 0x000000C5, 0x00006974,
  0x00040005, 0x000000D2, 0x58444942, 0x00000000, 0x00040006, 0x000000D2, 0x00000000, 0x00786469,
  0x00030005, 0x000000D4, 0x00000000, 0x00040005, 0x000000E0, 0x4F435342, 0x00004552, 0x00050006,
  0x000000E0, 0x00000000, 0x726F6373, 0x00000065, 0x00030005, 0x000000E2, 0x00000000, 0x00030005,
  0x000000F4, 0x00000073, 0x00030005, 0x000000F5, 0x00000069, 0x00040005, 0x00000105, 0x766E6973,
  0x00000000, 0x00030005, 0x00000108, 0x00000069, 0x00040047, 0x00000008, 0x0000000B, 0x0000001D,
  0x00040047, 0x00000015, 0x0000000B, 0x0000001A, 0x00030047, 0x0000001A, 0x00000002, 0x00050048,
  0x0000001A, 0x00000000, 0x00000023, 0x00000000, 0x00050048, 0x0000001A, 0x00000001, 0x00000023,
  0x00000004, 0x00050048, 0x0000001A, 0x00000002, 0x00000023, 0x00000008, 0x00050048, 0x0000001A,
  0x00000003, 0x00000023, 0x0000000C, 0x00040047, 0x00000044, 0x00000006, 0x00000004, 0x00030047,
  0x00000045, 0x00000002, 0x00050048, 0x00000045, 0x00000000, 0x00000023, 0x00000000, 0x00040047,
  0x00000047, 0x00000021, 0x00000000, 0x00040047, 0x00000047, 0x00000022, 0x00000000, 0x00040047,
  0x000000D1, 0x00000006, 0x00000004, 0x00030047, 0x000000D2, 0x00000002, 0x00050048, 0x000000D2,
  0x00000000, 0x00000023, 0x00000000, 0x00040047, 0x000000D4, 0x00000021, 0x00000001, 0x00040047,
  0x000000D4, 0x00000022, 0x00000000, 0x00040047, 0x000000DF, 0x00000006, 0x00000004, 0x00030047,
  0x000000E0, 0x00000002, 0x00050048, 0x000000E0, 0x00000000, 0x00000023, 0x00000000, 0x00040047,
  0x000000E2, 0x00000021, 0x00000002, 0x00040047, 0x000000E2, 0x00000022, 0x00000000, 0x00040047,
  0x00000120, 0x0000000B, 0x00000019, 0x00020013, 0x00000002, 0x00030021, 0x00000003, 0x00000002,
  0x00040015, 0x00000006, 0x00000020, 0x00000000, 0x00040020, 0x00000007, 0x00000001, 0x00000006,
  0x0004003B, 0x00000007, 0x00000008, 0x00000001, 0x0004002B, 0x00000006, 0x0000000A, 0x00000000,
  0x00020014, 0x0000000B, 0x00040015, 0x00000010, 0x00000020, 0x00000001, 0x00040020, 0x00000011,
  0x00000007, 0x00000010, 0x00040017, 0x00000013, 0x00000006, 0x00000003, 0x00040020, 0x00000014,
  0x00000001, 0x00000013, 0x0004003B, 0x00000014, 0x00000015, 0x00000001, 0x0006001E, 0x0000001A,
  0x00000010, 0x00000010, 0x00000010, 0x00000010, 0x00040020, 0x0000001B, 0x00000009, 0x0000001A,
  0x0004003B, 0x0000001B, 0x0000001C, 0x00000009, 0x0004002B, 0x00000010, 0x0000001D, 0x00000000,
  0x00040020, 0x0000001E, 0x00000009, 0x00000010, 0x0004002B, 0x00000010, 0x00000026, 0x00000001,
  0x0004002B, 0x00000010, 0x0000002A, 0x00000100, 0x00030016, 0x00000036, 0x00000020, 0x00040020,
  0x00000037, 0x00000007, 0x00000036, 0x0004002B, 0x00000036, 0x00000039, 0xF149F2CA, 0x0003001D,
  0x00000044, 0x00000036, 0x0003001E, 0x00000045, 0x00000044, 0x00040020, 0x00000046, 0x0000000C,
  0x00000045, 0x0004003B, 0x00000046, 0x00000047, 0x0000000C, 0x00040020, 0x0000004B, 0x0000000C,
  0x00000036, 0x0004002B, 0x00000036, 0x00000057, 0x00000000, 0x0004002B, 0x00000006, 0x00000061,
  0x00000100, 0x0004001C, 0x00000062, 0x00000036, 0x00000061, 0x00040020, 0x00000063, 0x00000004,
  0x00000062, 0x0004003B, 0x00000063, 0x00000064, 0x00000004, 0x00040020, 0x0000006E, 0x00000004,
  0x00000036, 0x0004002B, 0x00000036, 0x00000078, 0x3F800000, 0x0004001C, 0x0000008A, 0x00000010,
  0x00000061, 0x00040020, 0x0000008B, 0x00000004, 0x0000008A, 0x0004003B, 0x0000008B, 0x0000008C,
  0x00000004, 0x00040020, 0x0000008F, 0x00000004, 0x00000010, 0x0004002B, 0x00000010, 0x00000094,
  0x00000002, 0x0003001D, 0x000000D1, 0x00000010, 0x0003001E, 0x000000D2, 0x000000D1, 0x00040020,
  0x000000D3, 0x0000000C, 0x000000D2, 0x0004003B, 0x000000D3, 0x000000D4, 0x0000000C, 0x00040020,
  0x000000DD, 0x0000000C, 0x00000010, 0x0003001D, 0x000000DF, 0x00000036, 0x0003001E, 0x000000E0,
  0x000000DF, 0x00040020, 0x000000E1, 0x0000000C, 0x000000E0, 0x0004003B, 0x000000E1, 0x000000E2,
  0x0000000C, 0x0004002B, 0x00000010, 0x000000EE, 0x00000003, 0x0004002B, 0x00000006, 0x0000011E,
  0x00000020, 0x0004002B, 0x00000006, 0x0000011F, 0x00000001, 0x0006002C, 0x00000013, 0x00000120,
  0x0000011E, 0x0000011F, 0x0000011F, 0x00050036, 0x00000002, 0x00000004, 0x00000000, 0x00000003,
  0x000200F8, 0x00000005, 0x0004003B, 0x00000011, 0x00000012, 0x00000007, 0x0004003B, 0x00000011,
  0x00000025, 0x00000007, 0x0004003B, 0x00000011, 0x00000032, 0x00000007, 0x0004003B, 0x00000037,
  0x00000038, 0x00000007, 0x0004003B, 0x00000011, 0x0000003A, 0x00000007, 0x0004003B, 0x00000037,
  0x00000043, 0x00000007, 0x0004003B, 0x00000037, 0x00000056, 0x00000007, 0x0004003B, 0x00000011,
  0x00000058, 0x00000007, 0x0004003B, 0x00000037, 0x00000077, 0x00000007, 0x0004003B, 0x00000011,
  0x0000007B, 0x00000007, 0x0004003B, 0x00000011, 0x00000093, 0x00000007, 0x0004003B, 0x00000011,
  0x00000097, 0x00000007, 0x0004003B, 0x00000011, 0x000000A0, 0x00000007, 0x0004003B, 0x00000011,
  0x000000A2, 0x00000007, 0x0004003B, 0x00000037, 0x000000B9, 0x00000007, 0x0004003B, 0x00000011,
  0x000000C5, 0x00000007, 0x0004003B, 0x00000037, 0x000000F4, 0x00000007, 0x0004003B, 0x00000011,
  0x000000F5, 0x00000007, 0x0004003B, 0x00000037, 0x00000105, 0x00000007, 0x0004003B, 0x00000011,
  0x00000108, 0x00000007, 0x0004003D, 0x00000006, 0x00000009, 0x00000008, 0x000500AB, 0x0000000B,
  0x0000000C, 0x00000009, 0x0000000A, 0x000300F7, 0x0000000E, 0x00000000, 0x000400FA, 0x0000000C,
  0x0000000D, 0x0000000E, 0x000200F8, 0x0000000D, 0x000100FD, 0x000200F8, 0x0000000E, 0x00050041,
  0x00000007, 0x00000016, 0x00000015, 0x0000000A, 0x0004003D, 0x00000006, 0x00000017, 0x00000016,
  0x0004007C, 0x00000010, 0x00000018, 0x00000017, 0x0003003E, 0x00000012, 0x00000018, 0x0004003D,
  0x00000010, 0x00000019, 0x00000012, 0x00050041, 0x0000001E, 0x0000001F, 0x0000001C, 0x0000001D,
  0x0004003D, 0x00000010, 0x00000020, 0x0000001F, 0x000500AF, 0x0000000B, 0x00000021, 0x00000019,
  0x00000020, 0x000300F7, 0x00000023, 0x00000000, 0x000400FA, 0x00000021, 0x00000022, 0x00000023,
  0x000200F8, 0x00000022, 0x000100FD, 0x000200F8, 0x00000023, 0x00050041, 0x0000001E, 0x00000027,
  0x0000001C, 0x00000026, 0x0004003D, 0x00000010, 0x00000028, 0x00000027, 0x0003003E, 0x00000025,
  0x00000028, 0x0004003D, 0x00000010, 0x00000029, 0x00000025, 0x000500AD, 0x0000000B, 0x0000002B,
  0x00000029, 0x0000002A, 0x0004003D, 0x00000010, 0x0000002C, 0x00000025, 0x000500B3, 0x0000000B,
  0x0000002D, 0x0000002C, 0x0000001D, 0x000500A6, 0x0000000B, 0x0000002E, 0x0000002B, 0x0000002D,
  0x000300F7, 0x00000030, 0x00000000, 0x000400FA, 0x0000002E, 0x0000002F, 0x00000030, 0x000200F8,
  0x0000002F, 0x000100FD, 0x000200F8, 0x00000030, 0x0004003D, 0x00000010, 0x00000033, 0x00000012,
  0x0004003D, 0x00000010, 0x00000034, 0x00000025, 0x00050084, 0x00000010, 0x00000035, 0x00000033,
  0x00000034, 0x0003003E, 0x00000032, 0x00000035, 0x0003003E, 0x00000038, 0x00000039, 0x0003003E,
  0x0000003A, 0x0000001D, 0x000200F9, 0x0000003B, 0x000200F8, 0x0000003B, 0x000400F6, 0x0000003D,
  0x0000003E, 0x00000000, 0x000200F9, 0x0000003F, 0x000200F8, 0x0000003F, 0x0004003D, 0x00000010,
  0x00000040, 0x0000003A, 0x0004003D, 0x00000010, 0x00000041, 0x00000025, 0x000500B1, 0x0000000B,
  0x00000042, 0x00000040, 0x00000041, 0x000400FA, 0x00000042, 0x0000003C, 0x0000003D, 0x000200F8,
  0x0000003C, 0x0004003D, 0x00000010, 0x00000048, 0x00000032, 0x0004003D, 0x00000010, 0x00000049,
  0x0000003A, 0x00050080, 0x00000010, 0x0000004A, 0x00000048, 0x00000049, 0x00060041, 0x0000004B,
  0x0000004C, 0x00000047, 0x0000001D, 0x0000004A, 0x0004003D, 0x00000036, 0x0000004D, 0x0000004C,
  0x0003003E, 0x00000043, 0x0000004D, 0x0004003D, 0x00000036, 0x0000004E, 0x00000043, 0x0004003D,
  0x00000036, 0x0000004F, 0x00000038, 0x000500BA, 0x0000000B, 0x00000050, 0x0000004E, 0x0000004F,
  0x000300F7, 0x00000052, 0x00000000, 0x000400FA, 0x00000050, 0x00000051, 0x00000052, 0x000200F8,
  0x00000051, 0x0004003D, 0x00000036, 0x00000053, 0x00000043, 0x0003003E, 0x00000038, 0x00000053,
  0x000200F9, 0x00000052, 0x000200F8, 0x00000052, 0x000200F9, 0x0000003E, 0x000200F8, 0x0000003E,
  0x0004003D, 0x00000010, 0x00000054, 0x0000003A, 0x00050080, 0x00000010, 0x00000055, 0x00000054,
  0x00000026, 0x0003003E, 0x0000003A, 0x00000055, 0x000200F9, 0x0000003B, 0x000200F8, 0x0000003D,
  0x0003003E, 0x00000056, 0x00000057, 0x0003003E, 0x00000058, 0x0000001D, 0x000200F9, 0x00000059,
  0x000200F8, 0x00000059, 0x000400F6, 0x0000005B, 0x0000005C, 0x00000000, 0x000200F9, 0x0000005D,
  0x000200F8, 0x0000005D, 0x0004003D, 0x00000010, 0x0000005E, 0x00000058, 0x0004003D, 0x00000010,
  0x0000005F, 0x00000025, 0x000500B1, 0x0000000B, 0x00000060, 0x0000005E, 0x0000005F, 0x000400FA,
  0x00000060, 0x0000005A, 0x0000005B, 0x000200F8, 0x0000005A, 0x0004003D, 0x00000010, 0x00000065,
  0x00000058, 0x0004003D, 0x00000010, 0x00000066, 0x00000032, 0x0004003D, 0x00000010, 0x00000067,
  0x00000058, 0x00050080, 0x00000010, 0x00000068, 0x00000066, 0x00000067, 0x00060041, 0x0000004B,
  0x00000069, 0x00000047, 0x0000001D, 0x00000068, 0x0004003D, 0x00000036, 0x0000006A, 0x00000069,
  0x0004003D, 0x00000036, 0x0000006B, 0x00000038, 0x00050083, 0x00000036, 0x0000006C, 0x0000006A,
  0x0000006B, 0x0006000C, 0x00000036, 0x0000006D, 0x00000001, 0x0000001B, 0x0000006C, 0x00050041,
  0x0000006E, 0x0000006F, 0x00000064, 0x00000065, 0x0003003E, 0x0000006F, 0x0000006D, 0x0004003D,
  0x00000010, 0x00000070, 0x00000058, 0x00050041, 0x0000006E, 0x00000071, 0x00000064, 0x00000070,
  0x0004003D, 0x00000036, 0x00000072, 0x00000071, 0x0004003D, 0x00000036, 0x00000073, 0x00000056,
  0x00050081, 0x00000036, 0x00000074, 0x00000073, 0x00000072, 0x0003003E, 0x00000056, 0x00000074,
  0x000200F9, 0x0000005C, 0x000200F8, 0x0000005C, 0x0004003D, 0x00000010, 0x00000075, 0x00000058,
  0x00050080, 0x00000010, 0x00000076, 0x00000075, 0x00000026, 0x0003003E, 0x00000058, 0x00000076,
  0x000200F9, 0x00000059, 0x000200F8, 0x0000005B, 0x0004003D, 0x00000036, 0x00000079, 0x00000056,
  0x00050088, 0x00000036, 0x0000007A, 0x00000078, 0x00000079, 0x0003003E, 0x00000077, 0x0000007A,
  0x0003003E, 0x0000007B, 0x0000001D, 0x000200F9, 0x0000007C, 0x000200F8, 0x0000007C, 0x000400F6,
  0x0000007E, 0x0000007F, 0x00000000, 0x000200F9, 0x00000080, 0x000200F8, 0x00000080, 0x0004003D,
  0x00000010, 0x00000081, 0x0000007B, 0x0004003D, 0x00000010, 0x00000082, 0x00000025, 0x000500B1,
  0x0000000B, 0x00000083, 0x00000081, 0x00000082, 0x000400FA, 0x00000083, 0x0000007D, 0x0000007E,
  0x000200F8, 0x0000007D, 0x0004003D, 0x00000010, 0x00000084, 0x0000007B, 0x0004003D, 0x00000036,
  0x00000085, 0x00000077, 0x00050041, 0x0000006E, 0x00000086, 0x00000064, 0x00000084, 0x0004003D,
  0x00000036, 0x00000087, 0x00000086, 0x00050085, 0x00000036, 0x00000088, 0x00000087, 0x00000085,
  0x00050041, 0x0000006E, 0x00000089, 0x00000064, 0x00000084, 0x0003003E, 0x00000089, 0x00000088,
  0x0004003D, 0x00000010, 0x0000008D, 0x0000007B, 0x0004003D, 0x00000010, 0x0000008E, 0x0000007B,
  0x00050041, 0x0000008F, 0x00000090, 0x0000008C, 0x0000008D, 0x0003003E, 0x00000090, 0x0000008E,
  0x000200F9, 0x0000007F, 0x000200F8, 0x0000007F, 0x0004003D, 0x00000010, 0x00000091, 0x0000007B,
  0x00050080, 0x00000010, 0x00000092, 0x00000091, 0x00000026, 0x0003003E, 0x0000007B, 0x00000092,
  0x000200F9, 0x0000007C, 0x000200F8, 0x0000007E, 0x00050041, 0x0000001E, 0x00000095, 0x0000001C,
  0x00000094, 0x0004003D, 0x00000010, 0x00000096, 0x00000095, 0x0003003E, 0x00000093, 0x00000096,
  0x0003003E, 0x00000097, 0x0000001D, 0x000200F9, 0x00000098, 0x000200F8, 0x00000098, 0x000400F6,
  0x0000009A, 0x0000009B, 0x00000000, 0x000200F9, 0x0000009C, 0x000200F8, 0x0000009C, 0x0004003D,
  0x00000010, 0x0000009D, 0x00000097, 0x0004003D, 0x00000010, 0x0000009E, 0x00000093, 0x000500B1,
  0x0000000B, 0x0000009F, 0x0000009D, 0x0000009E, 0x000400FA, 0x0000009F, 0x00000099, 0x0000009A,
  0x000200F8, 0x00000099, 0x0004003D, 0x00000010, 0x000000A1, 0x00000097, 0x0003003E, 0x000000A0,
  0x000000A1, 0x0004003D, 0x00000010, 0x000000A3, 0x00000097, 0x00050080, 0x00000010, 0x000000A4,
  0x000000A3, 0x00000026, 0x0003003E, 0x000000A2, 0x000000A4, 0x000200F9, 0x000000A5, 0x000200F8,
  0x000000A5, 0x000400F6, 0x000000A7, 0x000000A8, 0x00000000, 0x000200F9, 0x000000A9, 0x000200F8,
  0x000000A9, 0x0004003D, 0x00000010, 0x000000AA, 0x000000A2, 0x0004003D, 0x00000010, 0x000000AB,
  0x00000025, 0x000500B1, 0x0000000B, 0x000000AC, 0x000000AA, 0x000000AB, 0x000400FA, 0x000000AC,
  0x000000A6, 0x000000A7, 0x000200F8, 0x000000A6, 0x0004003D, 0x00000010, 0x000000AD, 0x000000A2,
  0x00050041, 0x0000006E, 0x000000AE, 0x00000064, 0x000000AD, 0x0004003D, 0x00000036, 0x000000AF,
  0x000000AE, 0x0004003D, 0x00000010, 0x000000B0, 0x000000A0, 0x00050041, 0x0000006E, 0x000000B1,
  0x00000064, 0x000000B0, 0x0004003D, 0x00000036, 0x000000B2, 0x000000B1, 0x000500BA, 0x0000000B,
  0x000000B3, 0x000000AF, 0x000000B2, 0x000300F7, 0x000000B5, 0x00000000, 0x000400FA, 0x000000B3,
  0x000000B4, 0x000000B5, 0x000200F8, 0x000000B4, 0x0004003D, 0x00000010, 0x000000B6, 0x000000A2,
  0x0003003E, 0x000000A0, 0x000000B6, 0x000200F9, 0x000000B5, 0x000200F8, 0x000000B5, 0x000200F9,
  0x000000A8, 0x000200F8, 0x000000A8, 0x0004003D, 0x00000010, 0x000000B7, 0x000000A2, 0x00050080,
  0x00000010, 0x000000B8, 0x000000B7, 0x00000026, 0x0003003E, 0x000000A2, 0x000000B8, 0x000200F9,
  0x000000A5, 0x000200F8, 0x000000A7, 0x0004003D, 0x00000010, 0x000000BA, 0x00000097, 0x00050041,
  0x0000006E, 0x000000BB, 0x00000064, 0x000000BA, 0x0004003D, 0x00000036, 0x000000BC, 0x000000BB,
  0x0003003E, 0x000000B9, 0x000000BC, 0x0004003D, 0x00000010, 0x000000BD, 0x00000097, 0x0004003D,
  0x00000010, 0x000000BE, 0x000000A0, 0x00050041, 0x0000006E, 0x000000BF, 0x00000064, 0x000000BE,
  0x0004003D, 0x00000036, 0x000000C0, 0x000000BF, 0x00050041, 0x0000006E, 0x000000C1, 0x00000064,
  0x000000BD, 0x0003003E, 0x000000C1, 0x000000C0, 0x0004003D, 0x00000010, 0x000000C2, 0x000000A0,
  0x0004003D, 0x00000036, 0x000000C3, 0x000000B9, 0x00050041, 0x0000006E, 0x000000C4, 0x00000064,
  0x000000C2, 0x0003003E, 0x000000C4, 0x000000C3, 0x0004003D, 0x00000010, 0x000000C6, 0x00000097,
  0x00050041, 0x0000008F, 0x000000C7, 0x0000008C, 0x000000C6, 0x0004003D, 0x00000010, 0x000000C8,
  0x000000C7, 0x0003003E, 0x000000C5, 0x000000C8, 0x0004003D, 0x00000010, 0x000000C9, 0x00000097,
  0x0004003D, 0x00000010, 0x000000CA, 0x000000A0, 0x00050041, 0x0000008F, 0x000000CB, 0x0000008C,
  0x000000CA, 0x0004003D, 0x00000010, 0x000000CC, 0x000000CB, 0x00050041, 0x0000008F, 0x000000CD,
  0x0000008C, 0x000000C9, 0x0003003E, 0x000000CD, 0x000000CC, 0x0004003D, 0x00000010, 0x000000CE,
  0x000000A0, 0x0004003D, 0x00000010, 0x000000CF, 0x000000C5, 0x00050041, 0x0000008F, 0x000000D0,
  0x0000008C, 0x000000CE, 0x0003003E, 0x000000D0, 0x000000CF, 0x0004003D, 0x00000010, 0x000000D5,
  0x00000012, 0x0004003D, 0x00000010, 0x000000D6, 0x00000093, 0x00050084, 0x00000010, 0x000000D7,
  0x000000D5, 0x000000D6, 0x0004003D, 0x00000010, 0x000000D8, 0x00000097, 0x00050080, 0x00000010,
  0x000000D9, 0x000000D7, 0x000000D8, 0x0004003D, 0x00000010, 0x000000DA, 0x00000097, 0x00050041,
  0x0000008F, 0x000000DB, 0x0000008C, 0x000000DA, 0x0004003D, 0x00000010, 0x000000DC, 0x000000DB,
  0x00060041, 0x000000DD, 0x000000DE, 0x000000D4, 0x0000001D, 0x000000D9, 0x0003003E, 0x000000DE,
  0x000000DC, 0x0004003D, 0x00000010, 0x000000E3, 0x00000012, 0x0004003D, 0x00000010, 0x000000E4,
  0x00000093, 0x00050084, 0x00000010, 0x000000E5, 0x000000E3, 0x000000E4, 0x0004003D, 0x00000010,
  0x000000E6, 0x00000097, 0x00050080, 0x00000010, 0x000000E7, 0x000000E5, 0x000000E6, 0x0004003D,
  0x00000010, 0x000000E8, 0x00000097, 0x00050041, 0x0000006E, 0x000000E9, 0x00000064, 0x000000E8,
  0x0004003D, 0x00000036, 0x000000EA, 0x000000E9, 0x00060041, 0x0000004B, 0x000000EB, 0x000000E2,
  0x0000001D, 0x000000E7, 0x0003003E, 0x000000EB, 0x000000EA, 0x000200F9, 0x0000009B, 0x000200F8,
  0x0000009B, 0x0004003D, 0x00000010, 0x000000EC, 0x00000097, 0x00050080, 0x00000010, 0x000000ED,
  0x000000EC, 0x00000026, 0x0003003E, 0x00000097, 0x000000ED, 0x000200F9, 0x00000098, 0x000200F8,
  0x0000009A, 0x00050041, 0x0000001E, 0x000000EF, 0x0000001C, 0x000000EE, 0x0004003D, 0x00000010,
  0x000000F0, 0x000000EF, 0x000500AB, 0x0000000B, 0x000000F1, 0x000000F0, 0x0000001D, 0x000300F7,
  0x000000F3, 0x00000000, 0x000400FA, 0x000000F1, 0x000000F2, 0x000000F3, 0x000200F8, 0x000000F2,
  0x0003003E, 0x000000F4, 0x00000057, 0x0003003E, 0x000000F5, 0x0000001D, 0x000200F9, 0x000000F6,
  0x000200F8, 0x000000F6, 0x000400F6, 0x000000F8, 0x000000F9, 0x00000000, 0x000200F9, 0x000000FA,
  0x000200F8, 0x000000FA, 0x0004003D, 0x00000010, 0x000000FB, 0x000000F5, 0x0004003D, 0x00000010,
  0x000000FC, 0x00000093, 0x000500B1, 0x0000000B, 0x000000FD, 0x000000FB, 0x000000FC, 0x000400FA,
  0x000000FD, 0x000000F7, 0x000000F8, 0x000200F8, 0x000000F7, 0x0004003D, 0x00000010, 0x000000FE,
  0x000000F5, 0x00050041, 0x0000006E, 0x000000FF, 0x00000064, 0x000000FE, 0x0004003D, 0x00000036,
  0x00000100, 0x000000FF, 0x0004003D, 0x00000036, 0x00000101, 0x000000F4, 0x00050081, 0x00000036,
  0x00000102, 0x00000101, 0x00000100, 0x0003003E, 0x000000F4, 0x00000102, 0x000200F9, 0x000000F9,
  0x000200F8, 0x000000F9, 0x0004003D, 0x00000010, 0x00000103, 0x000000F5, 0x00050080, 0x00000010,
  0x00000104, 0x00000103, 0x00000026, 0x0003003E, 0x000000F5, 0x00000104, 0x000200F9, 0x000000F6,
  0x000200F8, 0x000000F8, 0x0004003D, 0x00000036, 0x00000106, 0x000000F4, 0x00050088, 0x00000036,
  0x00000107, 0x00000078, 0x00000106, 0x0003003E, 0x00000105, 0x00000107, 0x0003003E, 0x00000108,
  0x0000001D, 0x000200F9, 0x00000109, 0x000200F8, 0x00000109, 0x000400F6, 0x0000010B, 0x0000010C,
  0x00000000, 0x000200F9, 0x0000010D, 0x000200F8, 0x0000010D, 0x0004003D, 0x00000010, 0x0000010E,
  0x00000108, 0x0004003D, 0x00000010, 0x0000010F, 0x00000093, 0x000500B1, 0x0000000B, 0x00000110,
  0x0000010E, 0x0000010F, 0x000400FA, 0x00000110, 0x0000010A, 0x0000010B, 0x000200F8, 0x0000010A,
  0x0004003D, 0x00000010, 0x00000111, 0x00000012, 0x0004003D, 0x00000010, 0x00000112, 0x00000093,
  0x00050084, 0x00000010, 0x00000113, 0x00000111, 0x00000112, 0x0004003D, 0x00000010, 0x00000114,
  0x00000108, 0x00050080, 0x00000010, 0x00000115, 0x00000113, 0x00000114, 0x0004003D, 0x00000010,
  0x00000116, 0x00000108, 0x00050041, 0x0000006E, 0x00000117, 0x00000064, 0x00000116, 0x0004003D,
  0x00000036, 0x00000118, 0x00000117, 0x0004003D, 0x00000036, 0x00000119, 0x00000105, 0x00050085,
  0x00000036, 0x0000011A, 0x00000118, 0x00000119, 0x00060041, 0x0000004B, 0x0000011B, 0x000000E2,
  0x0000001D, 0x00000115, 0x0003003E, 0x0000011B, 0x0000011A, 0x000200F9, 0x0000010C, 0x000200F8,
  0x0000010C, 0x0004003D, 0x00000010, 0x0000011C, 0x00000108, 0x00050080, 0x00000010, 0x0000011D,
  0x0000011C, 0x00000026, 0x0003003E, 0x00000108, 0x0000011D, 0x000200F9, 0x00000109, 0x000200F8,
  0x0000010B, 0x000200F9, 0x000000F3, 0x000200F8, 0x000000F3, 0x000100FD, 0x00010038,
};
static const unsigned int moe_route_ffn_spv[] = {
  0x07230203, 0x00010500, 0x0008000B, 0x0000034C, 0x00000000, 0x00020011, 0x00000001, 0x00020011,
  0x00000016, 0x00020011, 0x00001151, 0x0006000B, 0x00000001, 0x4C534C47, 0x6474732E, 0x3035342E,
  0x00000000, 0x0003000E, 0x00000000, 0x00000001, 0x0017000F, 0x00000005, 0x00000004, 0x6E69616D,
  0x00000000, 0x00000083, 0x000000A3, 0x000000B1, 0x000000DF, 0x000000FC, 0x00000124, 0x0000016B,
  0x00000178, 0x00000180, 0x000001C0, 0x000001E0, 0x00000205, 0x00000255, 0x0000025F, 0x0000027E,
  0x000002C4, 0x000002F6, 0x00000341, 0x00060010, 0x00000004, 0x00000011, 0x00000100, 0x00000001,
  0x00000001, 0x00030003, 0x00000002, 0x000001C2, 0x00080004, 0x455F4C47, 0x735F5458, 0x616C6163,
  0x6C625F72, 0x5F6B636F, 0x6F79616C, 0x00007475, 0x000B0004, 0x455F4C47, 0x735F5458, 0x65646168,
  0x78655F72, 0x63696C70, 0x615F7469, 0x68746972, 0x6974656D, 0x79745F63, 0x00736570, 0x00040005,
  0x00000004, 0x6E69616D, 0x00000000, 0x00070005, 0x0000000A, 0x36317066, 0x5F6F745F, 0x616F6C66,
  0x28755F74, 0x003B3175, 0x00030005, 0x00000009, 0x00000068, 0x00070005, 0x0000000D, 0x36316662,
  0x5F6F745F, 0x616F6C66, 0x28755F74, 0x003B3175, 0x00030005, 0x0000000C, 0x00000068, 0x00070005,
  0x00000017, 0x6C5F7477, 0x2864616F, 0x31363175, 0x3B31623B, 0x00000000, 0x00030005, 0x00000015,
  0x00000076, 0x00040005, 0x00000016, 0x36316662, 0x00000000, 0x00040005, 0x00000019, 0x6E676973,
  0x00000000, 0x00030005, 0x00000020, 0x00707865, 0x00040005, 0x00000026, 0x746E616D, 0x00000000,
  0x00040005, 0x00000033, 0x73746962, 0x00000000, 0x00030005, 0x00000036, 0x00000065, 0x00030005,
  0x00000038, 0x0000006D, 0x00040005, 0x00000076, 0x61726170, 0x0000006D, 0x00040005, 0x0000007B,
  0x61726170, 0x0000006D, 0x00030005, 0x00000081, 0x00004350, 0x00040006, 0x00000081, 0x00000000,
  0x00003072, 0x00050006, 0x00000081, 0x00000001, 0x73776F72, 0x00000000, 0x00040006, 0x00000081,
  0x00000002, 0x00000048, 0x00040006, 0x00000081, 0x00000003, 0x00000049, 0x00040006, 0x00000081,
  0x00000004, 0x0000004B, 0x00040006, 0x00000081, 0x00000005, 0x00000045, 0x00050006, 0x00000081,
  0x00000006, 0x36316662, 0x00000000, 0x00050006, 0x00000081, 0x00000007, 0x6D726F6E, 0x00000000,
  0x00030005, 0x00000083, 0x00006370, 0x00040005, 0x00000088, 0x43455053, 0x0000485F, 0x00040005,
  0x00000090, 0x43455053, 0x0000495F, 0x00040005, 0x00000099, 0x43455053, 0x00004B5F, 0x00030005,
  0x000000A0, 0x00000074, 0x00060005, 0x000000A3, 0x575F6C67, 0x476B726F, 0x70756F72, 0x00004449,
  0x00030005, 0x000000B0, 0x00646974, 0x00080005, 0x000000B1, 0x4C5F6C67, 0x6C61636F, 0x6F766E49,
  0x69746163, 0x6E496E6F, 0x00786564, 0x00030005, 0x000000B4, 0x00007467, 0x00030005, 0x000000BE,
  0x00000045, 0x00040005, 0x000000CB, 0x65736162, 0x00000000, 0x00040005, 0x000000D0, 0x7678616D,
  0x00000000, 0x00030005, 0x000000D2, 0x00000069, 0x00030005, 0x000000DB, 0x00000076, 0x00040005,
  0x000000DD, 0x474F4C42, 0x00535449, 0x00050006, 0x000000DD, 0x00000000, 0x69676F6C, 0x00007374,
  0x00030005, 0x000000DF, 0x00000000, 0x00030005, 0x000000EE, 0x006D7573, 0x00030005, 0x000000F0,
  0x00000069, 0x00030005, 0x000000FC, 0x00727072, 0x00030005, 0x0000010F, 0x00766E69, 0x00030005,
  0x00000113, 0x00000069, 0x00030005, 0x00000124, 0x00786972, 0x00030005, 0x0000012B, 0x0000004B,
  0x00030005, 0x0000012E, 0x00000069, 0x00040005, 0x00000137, 0x74736562, 0x00000000, 0x00030005,
  0x00000139, 0x0000006A, 0x00030005, 0x00000150, 0x00007074, 0x00030005, 0x0000015C, 0x00006974,
  0x00040005, 0x00000169, 0x58444942, 0x00000000, 0x00040006, 0x00000169, 0x00000000, 0x00786469,
  0x00030005, 0x0000016B, 0x00000000, 0x00040005, 0x00000178, 0x64695F73, 0x00000078, 0x00040005,
  0x00000180, 0x63735F73, 0x00000000, 0x00030005, 0x0000018E, 0x00000073, 0x00030005, 0x0000018F,
  0x00000069, 0x00040005, 0x0000019F, 0x766E6973, 0x00000000, 0x00030005, 0x000001A2, 0x00000069,
  0x00030005, 0x000001B4, 0x00000069, 0x00040005, 0x000001BE, 0x4F435342, 0x00004552, 0x00050006,
  0x000001BE, 0x00000000, 0x726F6373, 0x00000065, 0x00030005, 0x000001C0, 0x00000000, 0x00040005,
  0x000001CE, 0x6F5F7478, 0x00006666, 0x00030005, 0x000001D3, 0x00000069, 0x00030005, 0x000001E0,
  0x00736572, 0x00030005, 0x000001E5, 0x00006662, 0x00030005, 0x000001EA, 0x0000006B, 0x00030005,
  0x000001F4, 0x00000065, 0x00030005, 0x000001F8, 0x00000077, 0x00040005, 0x00000201, 0x746F6C73,
  0x00000000, 0x00040005, 0x00000203, 0x4F4C5342, 0x00000054, 0x00050006, 0x00000203, 0x00000000,
  0x746F6C73, 0x00666F5F, 0x00030005, 0x00000205, 0x00000000, 0x00040005, 0x0000020E, 0x6F5F7567,
  0x00006666, 0x00040005, 0x00000219, 0x6F5F6E64, 0x00006666, 0x00030005, 0x00000224, 0x0000006A,
  0x00060005, 0x0000022E, 0x65746167, 0x776F725F, 0x66666F5F, 0x00000000, 0x00050005, 0x00000237,
  0x725F7075, 0x6F5F776F, 0x00006666, 0x00040005, 0x00000244, 0x63615F67, 0x00000063, 0x00040005,
  0x00000245, 0x63615F75, 0x00000063, 0x00030005, 0x00000246, 0x00000068, 0x00030005, 0x00000251,
  0x00007678, 0x00030005, 0x00000253, 0x00005842, 0x00040006, 0x00000253, 0x00000000, 0x00000078,
  0x00030005, 0x00000255, 0x00000000, 0x00030005, 0x0000025D, 0x00554742, 0x00040006, 0x0000025D,
  0x00000000, 0x00007567, 0x00030005, 0x0000025F, 0x00000000, 0x00040005, 0x00000264, 0x61726170,
  0x0000006D, 0x00040005, 0x00000268, 0x61726170, 0x0000006D, 0x00040005, 0x00000273, 0x61726170,
  0x0000006D, 0x00040005, 0x00000276, 0x61726170, 0x0000006D, 0x00030005, 0x0000027E, 0x00646572,
  0x00030005, 0x00000282, 0x00000073, 0x00030005, 0x0000029C, 0x00006767, 0x00030005, 0x000002A2,
  0x00000073, 0x00030005, 0x000002BB, 0x00007575, 0x00030005, 0x000002C4, 0x00007379, 0x00030005,
  0x000002D1, 0x0000006F, 0x00060005, 0x000002DB, 0x6E776F64, 0x776F725F, 0x66666F5F, 0x00000000,
  0x00030005, 0x000002E4, 0x00636361, 0x00030005, 0x000002E5, 0x0000006A, 0x00030005, 0x000002F4,
  0x004E4442, 0x00040006, 0x000002F4, 0x00000000, 0x00006E64, 0x00030005, 0x000002F6, 0x00000000,
  0x00040005, 0x000002FB, 0x61726170, 0x0000006D, 0x00040005, 0x000002FE, 0x61726170, 0x0000006D,
  0x00030005, 0x00000309, 0x00000073, 0x00030005, 0x00000333, 0x00000069, 0x00040005, 0x0000033F,
  0x54554F42, 0x00000000, 0x00050006, 0x0000033F, 0x00000000, 0x5F656F6D, 0x0074756F, 0x00030005,
  0x00000341, 0x00000000, 0x00030047, 0x00000081, 0x00000002, 0x00050048, 0x00000081, 0x00000000,
  0x00000023, 0x00000000, 0x00050048, 0x00000081, 0x00000001, 0x00000023, 0x00000004, 0x00050048,
  0x00000081, 0x00000002, 0x00000023, 0x00000008, 0x00050048, 0x00000081, 0x00000003, 0x00000023,
  0x0000000C, 0x00050048, 0x00000081, 0x00000004, 0x00000023, 0x00000010, 0x00050048, 0x00000081,
  0x00000005, 0x00000023, 0x00000014, 0x00050048, 0x00000081, 0x00000006, 0x00000023, 0x00000018,
  0x00050048, 0x00000081, 0x00000007, 0x00000023, 0x0000001C, 0x00040047, 0x00000088, 0x00000001,
  0x00000000, 0x00040047, 0x00000090, 0x00000001, 0x00000001, 0x00040047, 0x00000099, 0x00000001,
  0x00000002, 0x00040047, 0x000000A3, 0x0000000B, 0x0000001A, 0x00040047, 0x000000B1, 0x0000000B,
  0x0000001D, 0x00040047, 0x000000DC, 0x00000006, 0x00000004, 0x00030047, 0x000000DD, 0x00000002,
  0x00050048, 0x000000DD, 0x00000000, 0x00000023, 0x00000000, 0x00040047, 0x000000DF, 0x00000021,
  0x00000001, 0x00040047, 0x000000DF, 0x00000022, 0x00000000, 0x00040047, 0x00000168, 0x00000006,
  0x00000004, 0x00030047, 0x00000169, 0x00000002, 0x00050048, 0x00000169, 0x00000000, 0x00000023,
  0x00000000, 0x00040047, 0x0000016B, 0x00000021, 0x00000002, 0x00040047, 0x0000016B, 0x00000022,
  0x00000000, 0x00040047, 0x000001BD, 0x00000006, 0x00000004, 0x00030047, 0x000001BE, 0x00000002,
  0x00050048, 0x000001BE, 0x00000000, 0x00000023, 0x00000000, 0x00040047, 0x000001C0, 0x00000021,
  0x00000003, 0x00040047, 0x000001C0, 0x00000022, 0x00000000, 0x00040047, 0x00000202, 0x00000006,
  0x00000004, 0x00030047, 0x00000203, 0x00000002, 0x00050048, 0x00000203, 0x00000000, 0x00000023,
  0x00000000, 0x00040047, 0x00000205, 0x00000021, 0x00000006, 0x00040047, 0x00000205, 0x00000022,
  0x00000000, 0x00040047, 0x00000252, 0x00000006, 0x00000004, 0x00030047, 0x00000253, 0x00000002,
  0x00050048, 0x00000253, 0x00000000, 0x00000023, 0x00000000, 0x00040047, 0x00000255, 0x00000021,
  0x00000000, 0x00040047, 0x00000255, 0x00000022, 0x00000000, 0x00040047, 0x0000025C, 0x00000006,
  0x00000002, 0x00030047, 0x0000025D, 0x00000002, 0x00050048, 0x0000025D, 0x00000000, 0x00000023,
  0x00000000, 0x00040047, 0x0000025F, 0x00000021, 0x00000004, 0x00040047, 0x0000025F, 0x00000022,
  0x00000000, 0x00040047, 0x000002F3, 0x00000006, 0x00000002, 0x00030047, 0x000002F4, 0x00000002,
  0x00050048, 0x000002F4, 0x00000000, 0x00000023, 0x00000000, 0x00040047, 0x000002F6, 0x00000021,
  0x00000005, 0x00040047, 0x000002F6, 0x00000022, 0x00000000, 0x00040047, 0x0000033E, 0x00000006,
  0x00000004, 0x00030047, 0x0000033F, 0x00000002, 0x00050048, 0x0000033F, 0x00000000, 0x00000023,
  0x00000000, 0x00040047, 0x00000341, 0x00000021, 0x00000007, 0x00040047, 0x00000341, 0x00000022,
  0x00000000, 0x00040047, 0x0000034B, 0x0000000B, 0x00000019, 0x00020013, 0x00000002, 0x00030021,
  0x00000003, 0x00000002, 0x00040015, 0x00000006, 0x00000020, 0x00000000, 0x00040020, 0x00000007,
  0x00000007, 0x00000006, 0x00040021, 0x00000008, 0x00000006, 0x00000007, 0x00040015, 0x0000000F,
  0x00000010, 0x00000000, 0x00040020, 0x00000010, 0x00000007, 0x0000000F, 0x00020014, 0x00000011,
  0x00040020, 0x00000012, 0x00000007, 0x00000011, 0x00030016, 0x00000013, 0x00000020, 0x00050021,
  0x00000014, 0x00000013, 0x00000010, 0x00000012, 0x0004002B, 0x00000006, 0x0000001B, 0x00008000,
  0x00040015, 0x0000001D, 0x00000020, 0x00000001, 0x0004002B, 0x0000001D, 0x0000001E, 0x00000010,
  0x0004002B, 0x0000001D, 0x00000022, 0x0000000A, 0x0004002B, 0x00000006, 0x00000024, 0x0000001F,
  0x0004002B, 0x00000006, 0x00000028, 0x000003FF, 0x0004002B, 0x00000006, 0x0000002B, 0x00000000,
  0x0004002B, 0x00000006, 0x00000037, 0x00000071, 0x0004002B, 0x00000006, 0x00000040, 0x00000400,
  0x0004002B, 0x00000006, 0x00000043, 0x00000001, 0x0004002B, 0x0000001D, 0x0000004A, 0x00000017,
  0x0004002B, 0x0000001D, 0x0000004F, 0x0000000D, 0x0004002B, 0x00000006, 0x00000058, 0x7F800000,
  0x0004002B, 0x00000006, 0x00000060, 0x0000000F, 0x0004002B, 0x00000006, 0x00000062, 0x0000007F,
  0x000A001E, 0x00000081, 0x0000001D, 0x0000001D, 0x0000001D, 0x0000001D, 0x0000001D, 0x0000001D,
  0x0000001D, 0x0000001D, 0x00040020, 0x00000082, 0x00000009, 0x00000081, 0x0004003B, 0x00000082,
  0x00000083, 0x00000009, 0x0004002B, 0x0000001D, 0x00000084, 0x00000002, 0x00040020, 0x00000085,
  0x00000009, 0x0000001D, 0x00040032, 0x0000001D, 0x00000088, 0x00000800, 0x0004002B, 0x0000001D,
  0x0000008D, 0x00000003, 0x00040032, 0x0000001D, 0x00000090, 0x00001000, 0x0004002B, 0x0000001D,
  0x00000096, 0x00000004, 0x00040032, 0x0000001D, 0x00000099, 0x00000040, 0x00040020, 0x0000009F,
  0x00000007, 0x0000001D, 0x00040017, 0x000000A1, 0x00000006, 0x00000003, 0x00040020, 0x000000A2,
  0x00000001, 0x000000A1, 0x0004003B, 0x000000A2, 0x000000A3, 0x00000001, 0x00040020, 0x000000A4,
  0x00000001, 0x00000006, 0x0004002B, 0x0000001D, 0x000000A9, 0x00000001, 0x0004003B, 0x000000A4,
  0x000000B1, 0x00000001, 0x0004002B, 0x0000001D, 0x000000B5, 0x00000000, 0x0004002B, 0x0000001D,
  0x000000BF, 0x00000005, 0x0004002B, 0x0000001D, 0x000000C3, 0x00000100, 0x00040020, 0x000000CF,
  0x00000007, 0x00000013, 0x0004002B, 0x00000013, 0x000000D1, 0xF149F2CA, 0x0003001D, 0x000000DC,
  0x00000013, 0x0003001E, 0x000000DD, 0x000000DC, 0x00040020, 0x000000DE, 0x0000000C, 0x000000DD,
  0x0004003B, 0x000000DE, 0x000000DF, 0x0000000C, 0x00040020, 0x000000E3, 0x0000000C, 0x00000013,
  0x0004002B, 0x00000013, 0x000000EF, 0x00000000, 0x0004002B, 0x00000006, 0x000000F9, 0x00000100,
  0x0004001C, 0x000000FA, 0x00000013, 0x000000F9, 0x00040020, 0x000000FB, 0x00000004, 0x000000FA,
  0x0004003B, 0x000000FB, 0x000000FC, 0x00000004, 0x00040020, 0x00000106, 0x00000004, 0x00000013,
  0x0004002B, 0x00000013, 0x00000110, 0x3F800000, 0x0004001C, 0x00000122, 0x0000001D, 0x000000F9,
  0x00040020, 0x00000123, 0x00000004, 0x00000122, 0x0004003B, 0x00000123, 0x00000124, 0x00000004,
  0x00040020, 0x00000127, 0x00000004, 0x0000001D, 0x0003001D, 0x00000168, 0x0000001D, 0x0003001E,
  0x00000169, 0x00000168, 0x00040020, 0x0000016A, 0x0000000C, 0x00000169, 0x0004003B, 0x0000016A,
  0x0000016B, 0x0000000C, 0x00040020, 0x00000174, 0x0000000C, 0x0000001D, 0x0004001C, 0x00000176,
  0x0000001D, 0x00000099, 0x00040020, 0x00000177, 0x00000004, 0x00000176, 0x0004003B, 0x00000177,
  0x00000178, 0x00000004, 0x0004001C, 0x0000017E, 0x00000013, 0x00000099, 0x00040020, 0x0000017F,
  0x00000004, 0x0000017E, 0x0004003B, 0x0000017F, 0x00000180, 0x00000004, 0x0004002B, 0x0000001D,
  0x00000188, 0x00000007, 0x0003001D, 0x000001BD, 0x00000013, 0x0003001E, 0x000001BE, 0x000001BD,
  0x00040020, 0x000001BF, 0x0000000C, 0x000001BE, 0x0004003B, 0x000001BF, 0x000001C0, 0x0000000C,
  0x0004002B, 0x00000006, 0x000001CC, 0x00000002, 0x0004002B, 0x00000006, 0x000001CD, 0x00000108,
  0x0004001C, 0x000001DE, 0x00000013, 0x00000088, 0x00040020, 0x000001DF, 0x00000004, 0x000001DE,
  0x0004003B, 0x000001DF, 0x000001E0, 0x00000004, 0x0004002B, 0x0000001D, 0x000001E6, 0x00000006,
  0x0003001D, 0x00000202, 0x0000001D, 0x0003001E, 0x00000203, 0x00000202, 0x00040020, 0x00000204,
  0x0000000C, 0x00000203, 0x0004003B, 0x00000204, 0x00000205, 0x0000000C, 0x0003001D, 0x00000252,
  0x00000013, 0x0003001E, 0x00000253, 0x00000252, 0x00040020, 0x00000254, 0x0000000C, 0x00000253,
  0x0004003B, 0x00000254, 0x00000255, 0x0000000C, 0x0003001D, 0x0000025C, 0x0000000F, 0x0003001E,
  0x0000025D, 0x0000025C, 0x00040020, 0x0000025E, 0x0000000C, 0x0000025D, 0x0004003B, 0x0000025E,
  0x0000025F, 0x0000000C, 0x00040020, 0x00000265, 0x0000000C, 0x0000000F, 0x0004003B, 0x000000FB,
  0x0000027E, 0x00000004, 0x0004002B, 0x0000001D, 0x00000283, 0x00000080, 0x0004001C, 0x000002C2,
  0x00000013, 0x00000090, 0x00040020, 0x000002C3, 0x00000004, 0x000002C2, 0x0004003B, 0x000002C3,
  0x000002C4, 0x00000004, 0x0003001D, 0x000002F3, 0x0000000F, 0x0003001E, 0x000002F4, 0x000002F3,
  0x00040020, 0x000002F5, 0x0000000C, 0x000002F4, 0x0004003B, 0x000002F5, 0x000002F6, 0x0000000C,
  0x0003001D, 0x0000033E, 0x00000013, 0x0003001E, 0x0000033F, 0x0000033E, 0x00040020, 0x00000340,
  0x0000000C, 0x0000033F, 0x0004003B, 0x00000340, 0x00000341, 0x0000000C, 0x0006002C, 0x000000A1,
  0x0000034B, 0x000000F9, 0x00000043, 0x00000043, 0x00050036, 0x00000002, 0x00000004, 0x00000000,
  0x00000003, 0x000200F8, 0x00000005, 0x0004003B, 0x0000009F, 0x000000A0, 0x00000007, 0x0004003B,
  0x0000009F, 0x000000B0, 0x00000007, 0x0004003B, 0x0000009F, 0x000000B4, 0x00000007, 0x0004003B,
  0x0000009F, 0x000000BE, 0x00000007, 0x0004003B, 0x0000009F, 0x000000CB, 0x00000007, 0x0004003B,
  0x000000CF, 0x000000D0, 0x00000007, 0x0004003B, 0x0000009F, 0x000000D2, 0x00000007, 0x0004003B,
  0x000000CF, 0x000000DB, 0x00000007, 0x0004003B, 0x000000CF, 0x000000EE, 0x00000007, 0x0004003B,
  0x0000009F, 0x000000F0, 0x00000007, 0x0004003B, 0x000000CF, 0x0000010F, 0x00000007, 0x0004003B,
  0x0000009F, 0x00000113, 0x00000007, 0x0004003B, 0x0000009F, 0x0000012B, 0x00000007, 0x0004003B,
  0x0000009F, 0x0000012E, 0x00000007, 0x0004003B, 0x0000009F, 0x00000137, 0x00000007, 0x0004003B,
  0x0000009F, 0x00000139, 0x00000007, 0x0004003B, 0x000000CF, 0x00000150, 0x00000007, 0x0004003B,
  0x0000009F, 0x0000015C, 0x00000007, 0x0004003B, 0x000000CF, 0x0000018E, 0x00000007, 0x0004003B,
  0x0000009F, 0x0000018F, 0x00000007, 0x0004003B, 0x000000CF, 0x0000019F, 0x00000007, 0x0004003B,
  0x0000009F, 0x000001A2, 0x00000007, 0x0004003B, 0x0000009F, 0x000001B4, 0x00000007, 0x0004003B,
  0x0000009F, 0x000001CE, 0x00000007, 0x0004003B, 0x0000009F, 0x000001D3, 0x00000007, 0x0004003B,
  0x00000012, 0x000001E5, 0x00000007, 0x0004003B, 0x0000009F, 0x000001EA, 0x00000007, 0x0004003B,
  0x0000009F, 0x000001F4, 0x00000007, 0x0004003B, 0x000000CF, 0x000001F8, 0x00000007, 0x0004003B,
  0x0000009F, 0x00000201, 0x00000007, 0x0004003B, 0x00000007, 0x0000020E, 0x00000007, 0x0004003B,
  0x00000007, 0x00000219, 0x00000007, 0x0004003B, 0x0000009F, 0x00000224, 0x00000007, 0x0004003B,
  0x00000007, 0x0000022E, 0x00000007, 0x0004003B, 0x00000007, 0x00000237, 0x00000007, 0x0004003B,
  0x000000CF, 0x00000244, 0x00000007, 0x0004003B, 0x000000CF, 0x00000245, 0x00000007, 0x0004003B,
  0x0000009F, 0x00000246, 0x00000007, 0x0004003B, 0x000000CF, 0x00000251, 0x00000007, 0x0004003B,
  0x00000010, 0x00000264, 0x00000007, 0x0004003B, 0x00000012, 0x00000268, 0x00000007, 0x0004003B,
  0x00000010, 0x00000273, 0x00000007, 0x0004003B, 0x00000012, 0x00000276, 0x00000007, 0x0004003B,
  0x0000009F, 0x00000282, 0x00000007, 0x0004003B, 0x000000CF, 0x0000029C, 0x00000007, 0x0004003B,
  0x0000009F, 0x000002A2, 0x00000007, 0x0004003B, 0x000000CF, 0x000002BB, 0x00000007, 0x0004003B,
  0x0000009F, 0x000002D1, 0x00000007, 0x0004003B, 0x00000007, 0x000002DB, 0x00000007, 0x0004003B,
  0x000000CF, 0x000002E4, 0x00000007, 0x0004003B, 0x0000009F, 0x000002E5, 0x00000007, 0x0004003B,
  0x00000010, 0x000002FB, 0x00000007, 0x0004003B, 0x00000012, 0x000002FE, 0x00000007, 0x0004003B,
  0x0000009F, 0x00000309, 0x00000007, 0x0004003B, 0x0000009F, 0x00000333, 0x00000007, 0x00050041,
  0x00000085, 0x00000086, 0x00000083, 0x00000084, 0x0004003D, 0x0000001D, 0x00000087, 0x00000086,
  0x000500AD, 0x00000011, 0x00000089, 0x00000087, 0x00000088, 0x000400A8, 0x00000011, 0x0000008A,
  0x00000089, 0x000300F7, 0x0000008C, 0x00000000, 0x000400FA, 0x0000008A, 0x0000008B, 0x0000008C,
  0x000200F8, 0x0000008B, 0x00050041, 0x00000085, 0x0000008E, 0x00000083, 0x0000008D, 0x0004003D,
  0x0000001D, 0x0000008F, 0x0000008E, 0x000500AD, 0x00000011, 0x00000091, 0x0000008F, 0x00000090,
  0x000200F9, 0x0000008C, 0x000200F8, 0x0000008C, 0x000700F5, 0x00000011, 0x00000092, 0x00000089,
  0x00000005, 0x00000091, 0x0000008B, 0x000400A8, 0x00000011, 0x00000093, 0x00000092, 0x000300F7,
  0x00000095, 0x00000000, 0x000400FA, 0x00000093, 0x00000094, 0x00000095, 0x000200F8, 0x00000094,
  0x00050041, 0x00000085, 0x00000097, 0x00000083, 0x00000096, 0x0004003D, 0x0000001D, 0x00000098,
  0x00000097, 0x000500AD, 0x00000011, 0x0000009A, 0x00000098, 0x00000099, 0x000200F9, 0x00000095,
  0x000200F8, 0x00000095, 0x000700F5, 0x00000011, 0x0000009B, 0x00000092, 0x0000008C, 0x0000009A,
  0x00000094, 0x000300F7, 0x0000009D, 0x00000000, 0x000400FA, 0x0000009B, 0x0000009C, 0x0000009D,
  0x000200F8, 0x0000009C, 0x000100FD, 0x000200F8, 0x0000009D, 0x00050041, 0x000000A4, 0x000000A5,
  0x000000A3, 0x0000002B, 0x0004003D, 0x00000006, 0x000000A6, 0x000000A5, 0x0004007C, 0x0000001D,
  0x000000A7, 0x000000A6, 0x0003003E, 0x000000A0, 0x000000A7, 0x0004003D, 0x0000001D, 0x000000A8,
  0x000000A0, 0x00050041, 0x00000085, 0x000000AA, 0x00000083, 0x000000A9, 0x0004003D, 0x0000001D,
  0x000000AB, 0x000000AA, 0x000500AF, 0x00000011, 0x000000AC, 0x000000A8, 0x000000AB, 0x000300F7,
  0x000000AE, 0x00000000, 0x000400FA, 0x000000AC, 0x000000AD, 0x000000AE, 0x000200F8, 0x000000AD,
  0x000100FD, 0x000200F8, 0x000000AE, 0x0004003D, 0x00000006, 0x000000B2, 0x000000B1, 0x0004007C,
  0x0000001D, 0x000000B3, 0x000000B2, 0x0003003E, 0x000000B0, 0x000000B3, 0x00050041, 0x00000085,
  0x000000B6, 0x00000083, 0x000000B5, 0x0004003D, 0x0000001D, 0x000000B7, 0x000000B6, 0x0004003D,
  0x0000001D, 0x000000B8, 0x000000A0, 0x00050080, 0x0000001D, 0x000000B9, 0x000000B7, 0x000000B8,
  0x0003003E, 0x000000B4, 0x000000B9, 0x0004003D, 0x0000001D, 0x000000BA, 0x000000B0, 0x000500AA,
  0x00000011, 0x000000BB, 0x000000BA, 0x000000B5, 0x000300F7, 0x000000BD, 0x00000000, 0x000400FA,
  0x000000BB, 0x000000BC, 0x000000BD, 0x000200F8, 0x000000BC, 0x00050041, 0x00000085, 0x000000C0,
  0x00000083, 0x000000BF, 0x0004003D, 0x0000001D, 0x000000C1, 0x000000C0, 0x0003003E, 0x000000BE,
  0x000000C1, 0x0004003D, 0x0000001D, 0x000000C2, 0x000000BE, 0x000500AD, 0x00000011, 0x000000C4,
  0x000000C2, 0x000000C3, 0x0004003D, 0x0000001D, 0x000000C5, 0x000000BE, 0x000500B3, 0x00000011,
  0x000000C6, 0x000000C5, 0x000000B5, 0x000500A6, 0x00000011, 0x000000C7, 0x000000C4, 0x000000C6,
  0x000300F7, 0x000000C9, 0x00000000, 0x000400FA, 0x000000C7, 0x000000C8, 0x000000C9, 0x000200F8,
  0x000000C8, 0x000100FD, 0x000200F8, 0x000000C9, 0x0004003D, 0x0000001D, 0x000000CC, 0x000000B4,
  0x0004003D, 0x0000001D, 0x000000CD, 0x000000BE, 0x00050084, 0x0000001D, 0x000000CE, 0x000000CC,
  0x000000CD, 0x0003003E, 0x000000CB, 0x000000CE, 0x0003003E, 0x000000D0, 0x000000D1, 0x0003003E,
  0x000000D2, 0x000000B5, 0x000200F9, 0x000000D3, 0x000200F8, 0x000000D3, 0x000400F6, 0x000000D5,
  0x000000D6, 0x00000000, 0x000200F9, 0x000000D7, 0x000200F8, 0x000000D7, 0x0004003D, 0x0000001D,
  0x000000D8, 0x000000D2, 0x0004003D, 0x0000001D, 0x000000D9, 0x000000BE, 0x000500B1, 0x00000011,
  0x000000DA, 0x000000D8, 0x000000D9, 0x000400FA, 0x000000DA, 0x000000D4, 0x000000D5, 0x000200F8,
  0x000000D4, 0x0004003D, 0x0000001D, 0x000000E0, 0x000000CB, 0x0004003D, 0x0000001D, 0x000000E1,
  0x000000D2, 0x00050080, 0x0000001D, 0x000000E2, 0x000000E0, 0x000000E1, 0x00060041, 0x000000E3,
  0x000000E4, 0x000000DF, 0x000000B5, 0x000000E2, 0x0004003D, 0x00000013, 0x000000E5, 0x000000E4,
  0x0003003E, 0x000000DB, 0x000000E5, 0x0004003D, 0x00000013, 0x000000E6, 0x000000DB, 0x0004003D,
  0x00000013, 0x000000E7, 0x000000D0, 0x000500BA, 0x00000011, 0x000000E8, 0x000000E6, 0x000000E7,
  0x000300F7, 0x000000EA, 0x00000000, 0x000400FA, 0x000000E8, 0x000000E9, 0x000000EA, 0x000200F8,
  0x000000E9, 0x0004003D, 0x00000013, 0x000000EB, 0x000000DB, 0x0003003E, 0x000000D0, 0x000000EB,
  0x000200F9, 0x000000EA, 0x000200F8, 0x000000EA, 0x000200F9, 0x000000D6, 0x000200F8, 0x000000D6,
  0x0004003D, 0x0000001D, 0x000000EC, 0x000000D2, 0x00050080, 0x0000001D, 0x000000ED, 0x000000EC,
  0x000000A9, 0x0003003E, 0x000000D2, 0x000000ED, 0x000200F9, 0x000000D3, 0x000200F8, 0x000000D5,
  0x0003003E, 0x000000EE, 0x000000EF, 0x0003003E, 0x000000F0, 0x000000B5, 0x000200F9, 0x000000F1,
  0x000200F8, 0x000000F1, 0x000400F6, 0x000000F3, 0x000000F4, 0x00000000, 0x000200F9, 0x000000F5,
  0x000200F8, 0x000000F5, 0x0004003D, 0x0000001D, 0x000000F6, 0x000000F0, 0x0004003D, 0x0000001D,
  0x000000F7, 0x000000BE, 0x000500B1, 0x00000011, 0x000000F8, 0x000000F6, 0x000000F7, 0x000400FA,
  0x000000F8, 0x000000F2, 0x000000F3, 0x000200F8, 0x000000F2, 0x0004003D, 0x0000001D, 0x000000FD,
  0x000000F0, 0x0004003D, 0x0000001D, 0x000000FE, 0x000000CB, 0x0004003D, 0x0000001D, 0x000000FF,
  0x000000F0, 0x00050080, 0x0000001D, 0x00000100, 0x000000FE, 0x000000FF, 0x00060041, 0x000000E3,
  0x00000101, 0x000000DF, 0x000000B5, 0x00000100, 0x0004003D, 0x00000013, 0x00000102, 0x00000101,
  0x0004003D, 0x00000013, 0x00000103, 0x000000D0, 0x00050083, 0x00000013, 0x00000104, 0x00000102,
  0x00000103, 0x0006000C, 0x00000013, 0x00000105, 0x00000001, 0x0000001B, 0x00000104, 0x00050041,
  0x00000106, 0x00000107, 0x000000FC, 0x000000FD, 0x0003003E, 0x00000107, 0x00000105, 0x0004003D,
  0x0000001D, 0x00000108, 0x000000F0, 0x00050041, 0x00000106, 0x00000109, 0x000000FC, 0x00000108,
  0x0004003D, 0x00000013, 0x0000010A, 0x00000109, 0x0004003D, 0x00000013, 0x0000010B, 0x000000EE,
  0x00050081, 0x00000013, 0x0000010C, 0x0000010B, 0x0000010A, 0x0003003E, 0x000000EE, 0x0000010C,
  0x000200F9, 0x000000F4, 0x000200F8, 0x000000F4, 0x0004003D, 0x0000001D, 0x0000010D, 0x000000F0,
  0x00050080, 0x0000001D, 0x0000010E, 0x0000010D, 0x000000A9, 0x0003003E, 0x000000F0, 0x0000010E,
  0x000200F9, 0x000000F1, 0x000200F8, 0x000000F3, 0x0004003D, 0x00000013, 0x00000111, 0x000000EE,
  0x00050088, 0x00000013, 0x00000112, 0x00000110, 0x00000111, 0x0003003E, 0x0000010F, 0x00000112,
  0x0003003E, 0x00000113, 0x000000B5, 0x000200F9, 0x00000114, 0x000200F8, 0x00000114, 0x000400F6,
  0x00000116, 0x00000117, 0x00000000, 0x000200F9, 0x00000118, 0x000200F8, 0x00000118, 0x0004003D,
  0x0000001D, 0x00000119, 0x00000113, 0x0004003D, 0x0000001D, 0x0000011A, 0x000000BE, 0x000500B1,
  0x00000011, 0x0000011B, 0x00000119, 0x0000011A, 0x000400FA, 0x0000011B, 0x00000115, 0x00000116,
  0x000200F8, 0x00000115, 0x0004003D, 0x0000001D, 0x0000011C, 0x00000113, 0x0004003D, 0x00000013,
  0x0000011D, 0x0000010F, 0x00050041, 0x00000106, 0x0000011E, 0x000000FC, 0x0000011C, 0x0004003D,
  0x00000013, 0x0000011F, 0x0000011E, 0x00050085, 0x00000013, 0x00000120, 0x0000011F, 0x0000011D,
  0x00050041, 0x00000106, 0x00000121, 0x000000FC, 0x0000011C, 0x0003003E, 0x00000121, 0x00000120,
  0x0004003D, 0x0000001D, 0x00000125, 0x00000113, 0x0004003D, 0x0000001D, 0x00000126, 0x00000113,
  0x00050041, 0x00000127, 0x00000128, 0x00000124, 0x00000125, 0x0003003E, 0x00000128, 0x00000126,
  0x000200F9, 0x00000117, 0x000200F8, 0x00000117, 0x0004003D, 0x0000001D, 0x00000129, 0x00000113,
  0x00050080, 0x0000001D, 0x0000012A, 0x00000129, 0x000000A9, 0x0003003E, 0x00000113, 0x0000012A,
  0x000200F9, 0x00000114, 0x000200F8, 0x00000116, 0x00050041, 0x00000085, 0x0000012C, 0x00000083,
  0x00000096, 0x0004003D, 0x0000001D, 0x0000012D, 0x0000012C, 0x0003003E, 0x0000012B, 0x0000012D,
  0x0003003E, 0x0000012E, 0x000000B5, 0x000200F9, 0x0000012F, 0x000200F8, 0x0000012F, 0x000400F6,
  0x00000131, 0x00000132, 0x00000000, 0x000200F9, 0x00000133, 0x000200F8, 0x00000133, 0x0004003D,
  0x0000001D, 0x00000134, 0x0000012E, 0x0004003D, 0x0000001D, 0x00000135, 0x0000012B, 0x000500B1,
  0x00000011, 0x00000136, 0x00000134, 0x00000135, 0x000400FA, 0x00000136, 0x00000130, 0x00000131,
  0x000200F8, 0x00000130, 0x0004003D, 0x0000001D, 0x00000138, 0x0000012E, 0x0003003E, 0x00000137,
  0x00000138, 0x0004003D, 0x0000001D, 0x0000013A, 0x0000012E, 0x00050080, 0x0000001D, 0x0000013B,
  0x0000013A, 0x000000A9, 0x0003003E, 0x00000139, 0x0000013B, 0x000200F9, 0x0000013C, 0x000200F8,
  0x0000013C, 0x000400F6, 0x0000013E, 0x0000013F, 0x00000000, 0x000200F9, 0x00000140, 0x000200F8,
  0x00000140, 0x0004003D, 0x0000001D, 0x00000141, 0x00000139, 0x0004003D, 0x0000001D, 0x00000142,
  0x000000BE, 0x000500B1, 0x00000011, 0x00000143, 0x00000141, 0x00000142, 0x000400FA, 0x00000143,
  0x0000013D, 0x0000013E, 0x000200F8, 0x0000013D, 0x0004003D, 0x0000001D, 0x00000144, 0x00000139,
  0x00050041, 0x00000106, 0x00000145, 0x000000FC, 0x00000144, 0x0004003D, 0x00000013, 0x00000146,
  0x00000145, 0x0004003D, 0x0000001D, 0x00000147, 0x00000137, 0x00050041, 0x00000106, 0x00000148,
  0x000000FC, 0x00000147, 0x0004003D, 0x00000013, 0x00000149, 0x00000148, 0x000500BA, 0x00000011,
  0x0000014A, 0x00000146, 0x00000149, 0x000300F7, 0x0000014C, 0x00000000, 0x000400FA, 0x0000014A,
  0x0000014B, 0x0000014C, 0x000200F8, 0x0000014B, 0x0004003D, 0x0000001D, 0x0000014D, 0x00000139,
  0x0003003E, 0x00000137, 0x0000014D, 0x000200F9, 0x0000014C, 0x000200F8, 0x0000014C, 0x000200F9,
  0x0000013F, 0x000200F8, 0x0000013F, 0x0004003D, 0x0000001D, 0x0000014E, 0x00000139, 0x00050080,
  0x0000001D, 0x0000014F, 0x0000014E, 0x000000A9, 0x0003003E, 0x00000139, 0x0000014F, 0x000200F9,
  0x0000013C, 0x000200F8, 0x0000013E, 0x0004003D, 0x0000001D, 0x00000151, 0x0000012E, 0x00050041,
  0x00000106, 0x00000152, 0x000000FC, 0x00000151, 0x0004003D, 0x00000013, 0x00000153, 0x00000152,
  0x0003003E, 0x00000150, 0x00000153, 0x0004003D, 0x0000001D, 0x00000154, 0x0000012E, 0x0004003D,
  0x0000001D, 0x00000155, 0x00000137, 0x00050041, 0x00000106, 0x00000156, 0x000000FC, 0x00000155,
  0x0004003D, 0x00000013, 0x00000157, 0x00000156, 0x00050041, 0x00000106, 0x00000158, 0x000000FC,
  0x00000154, 0x0003003E, 0x00000158, 0x00000157, 0x0004003D, 0x0000001D, 0x00000159, 0x00000137,
  0x0004003D, 0x00000013, 0x0000015A, 0x00000150, 0x00050041, 0x00000106, 0x0000015B, 0x000000FC,
  0x00000159, 0x0003003E, 0x0000015B, 0x0000015A, 0x0004003D, 0x0000001D, 0x0000015D, 0x0000012E,
  0x00050041, 0x00000127, 0x0000015E, 0x00000124, 0x0000015D, 0x0004003D, 0x0000001D, 0x0000015F,
  0x0000015E, 0x0003003E, 0x0000015C, 0x0000015F, 0x0004003D, 0x0000001D, 0x00000160, 0x0000012E,
  0x0004003D, 0x0000001D, 0x00000161, 0x00000137, 0x00050041, 0x00000127, 0x00000162, 0x00000124,
  0x00000161, 0x0004003D, 0x0000001D, 0x00000163, 0x00000162, 0x00050041, 0x00000127, 0x00000164,
  0x00000124, 0x00000160, 0x0003003E, 0x00000164, 0x00000163, 0x0004003D, 0x0000001D, 0x00000165,
  0x00000137, 0x0004003D, 0x0000001D, 0x00000166, 0x0000015C, 0x00050041, 0x00000127, 0x00000167,
  0x00000124, 0x00000165, 0x0003003E, 0x00000167, 0x00000166, 0x0004003D, 0x0000001D, 0x0000016C,
  0x000000B4, 0x0004003D, 0x0000001D, 0x0000016D, 0x0000012B, 0x00050084, 0x0000001D, 0x0000016E,
  0x0000016C, 0x0000016D, 0x0004003D, 0x0000001D, 0x0000016F, 0x0000012E, 0x00050080, 0x0000001D,
  0x00000170, 0x0000016E, 0x0000016F, 0x0004003D, 0x0000001D, 0x00000171, 0x0000012E, 0x00050041,
  0x00000127, 0x00000172, 0x00000124, 0x00000171, 0x0004003D, 0x0000001D, 0x00000173, 0x00000172,
  0x00060041, 0x00000174, 0x00000175, 0x0000016B, 0x000000B5, 0x00000170, 0x0003003E, 0x00000175,
  0x00000173, 0x0004003D, 0x0000001D, 0x00000179, 0x0000012E, 0x0004003D, 0x0000001D, 0x0000017A,
  0x0000012E, 0x00050041, 0x00000127, 0x0000017B, 0x00000124, 0x0000017A, 0x0004003D, 0x0000001D,
  0x0000017C, 0x0000017B, 0x00050041, 0x00000127, 0x0000017D, 0x00000178, 0x00000179, 0x0003003E,
  0x0000017D, 0x0000017C, 0x0004003D, 0x0000001D, 0x00000181, 0x0000012E, 0x0004003D, 0x0000001D,
  0x00000182, 0x0000012E, 0x00050041, 0x00000106, 0x00000183, 0x000000FC, 0x00000182, 0x0004003D,
  0x00000013, 0x00000184, 0x00000183, 0x00050041, 0x00000106, 0x00000185, 0x00000180, 0x00000181,
  0x0003003E, 0x00000185, 0x00000184, 0x000200F9, 0x00000132, 0x000200F8, 0x00000132, 0x0004003D,
  0x0000001D, 0x00000186, 0x0000012E, 0x00050080, 0x0000001D, 0x00000187, 0x00000186, 0x000000A9,
  0x0003003E, 0x0000012E, 0x00000187, 0x000200F9, 0x0000012F, 0x000200F8, 0x00000131, 0x00050041,
  0x00000085, 0x00000189, 0x00000083, 0x00000188, 0x0004003D, 0x0000001D, 0x0000018A, 0x00000189,
  0x000500AB, 0x00000011, 0x0000018B, 0x0000018A, 0x000000B5, 0x000300F7, 0x0000018D, 0x00000000,
  0x000400FA, 0x0000018B, 0x0000018C, 0x0000018D, 0x000200F8, 0x0000018C, 0x0003003E, 0x0000018E,
  0x000000EF, 0x0003003E, 0x0000018F, 0x000000B5, 0x000200F9, 0x00000190, 0x000200F8, 0x00000190,
  0x000400F6, 0x00000192, 0x00000193, 0x00000000, 0x000200F9, 0x00000194, 0x000200F8, 0x00000194,
  0x0004003D, 0x0000001D, 0x00000195, 0x0000018F, 0x0004003D, 0x0000001D, 0x00000196, 0x0000012B,
  0x000500B1, 0x00000011, 0x00000197, 0x00000195, 0x00000196, 0x000400FA, 0x00000197, 0x00000191,
  0x00000192, 0x000200F8, 0x00000191, 0x0004003D, 0x0000001D, 0x00000198, 0x0000018F, 0x00050041,
  0x00000106, 0x00000199, 0x000000FC, 0x00000198, 0x0004003D, 0x00000013, 0x0000019A, 0x00000199,
  0x0004003D, 0x00000013, 0x0000019B, 0x0000018E, 0x00050081, 0x00000013, 0x0000019C, 0x0000019B,
  0x0000019A, 0x0003003E, 0x0000018E, 0x0000019C, 0x000200F9, 0x00000193, 0x000200F8, 0x00000193,
  0x0004003D, 0x0000001D, 0x0000019D, 0x0000018F, 0x00050080, 0x0000001D, 0x0000019E, 0x0000019D,
  0x000000A9, 0x0003003E, 0x0000018F, 0x0000019E, 0x000200F9, 0x00000190, 0x000200F8, 0x00000192,
  0x0004003D, 0x00000013, 0x000001A0, 0x0000018E, 0x00050088, 0x00000013, 0x000001A1, 0x00000110,
  0x000001A0, 0x0003003E, 0x0000019F, 0x000001A1, 0x0003003E, 0x000001A2, 0x000000B5, 0x000200F9,
  0x000001A3, 0x000200F8, 0x000001A3, 0x000400F6, 0x000001A5, 0x000001A6, 0x00000000, 0x000200F9,
  0x000001A7, 0x000200F8, 0x000001A7, 0x0004003D, 0x0000001D, 0x000001A8, 0x000001A2, 0x0004003D,
  0x0000001D, 0x000001A9, 0x0000012B, 0x000500B1, 0x00000011, 0x000001AA, 0x000001A8, 0x000001A9,
  0x000400FA, 0x000001AA, 0x000001A4, 0x000001A5, 0x000200F8, 0x000001A4, 0x0004003D, 0x0000001D,
  0x000001AB, 0x000001A2, 0x0004003D, 0x0000001D, 0x000001AC, 0x000001A2, 0x00050041, 0x00000106,
  0x000001AD, 0x000000FC, 0x000001AC, 0x0004003D, 0x00000013, 0x000001AE, 0x000001AD, 0x0004003D,
  0x00000013, 0x000001AF, 0x0000019F, 0x00050085, 0x00000013, 0x000001B0, 0x000001AE, 0x000001AF,
  0x00050041, 0x00000106, 0x000001B1, 0x00000180, 0x000001AB, 0x0003003E, 0x000001B1, 0x000001B0,
  0x000200F9, 0x000001A6, 0x000200F8, 0x000001A6, 0x0004003D, 0x0000001D, 0x000001B2, 0x000001A2,
  0x00050080, 0x0000001D, 0x000001B3, 0x000001B2, 0x000000A9, 0x0003003E, 0x000001A2, 0x000001B3,
  0x000200F9, 0x000001A3, 0x000200F8, 0x000001A5, 0x000200F9, 0x0000018D, 0x000200F8, 0x0000018D,
  0x0003003E, 0x000001B4, 0x000000B5, 0x000200F9, 0x000001B5, 0x000200F8, 0x000001B5, 0x000400F6,
  0x000001B7, 0x000001B8, 0x00000000, 0x000200F9, 0x000001B9, 0x000200F8, 0x000001B9, 0x0004003D,
  0x0000001D, 0x000001BA, 0x000001B4, 0x0004003D, 0x0000001D, 0x000001BB, 0x0000012B, 0x000500B1,
  0x00000011, 0x000001BC, 0x000001BA, 0x000001BB, 0x000400FA, 0x000001BC, 0x000001B6, 0x000001B7,
  0x000200F8, 0x000001B6, 0x0004003D, 0x0000001D, 0x000001C1, 0x000000B4, 0x0004003D, 0x0000001D,
  0x000001C2, 0x0000012B, 0x00050084, 0x0000001D, 0x000001C3, 0x000001C1, 0x000001C2, 0x0004003D,
  0x0000001D, 0x000001C4, 0x000001B4, 0x00050080, 0x0000001D, 0x000001C5, 0x000001C3, 0x000001C4,
  0x0004003D, 0x0000001D, 0x000001C6, 0x000001B4, 0x00050041, 0x00000106, 0x000001C7, 0x00000180,
  0x000001C6, 0x0004003D, 0x00000013, 0x000001C8, 0x000001C7, 0x00060041, 0x000000E3, 0x000001C9,
  0x000001C0, 0x000000B5, 0x000001C5, 0x0003003E, 0x000001C9, 0x000001C8, 0x000200F9, 0x000001B8,
  0x000200F8, 0x000001B8, 0x0004003D, 0x0000001D, 0x000001CA, 0x000001B4, 0x00050080, 0x0000001D,
  0x000001CB, 0x000001CA, 0x000000A9, 0x0003003E, 0x000001B4, 0x000001CB, 0x000200F9, 0x000001B5,
  0x000200F8, 0x000001B7, 0x000200F9, 0x000000BD, 0x000200F8, 0x000000BD, 0x000400E0, 0x000001CC,
  0x000001CC, 0x000001CD, 0x0004003D, 0x0000001D, 0x000001CF, 0x000000B4, 0x00050041, 0x00000085,
  0x000001D0, 0x00000083, 0x00000084, 0x0004003D, 0x0000001D, 0x000001D1, 0x000001D0, 0x00050084,
  0x0000001D, 0x000001D2, 0x000001CF, 0x000001D1, 0x0003003E, 0x000001CE, 0x000001D2, 0x0004003D,
  0x0000001D, 0x000001D4, 0x000000B0, 0x0003003E, 0x000001D3, 0x000001D4, 0x000200F9, 0x000001D5,
  0x000200F8, 0x000001D5, 0x000400F6, 0x000001D7, 0x000001D8, 0x00000000, 0x000200F9, 0x000001D9,
  0x000200F8, 0x000001D9, 0x0004003D, 0x0000001D, 0x000001DA, 0x000001D3, 0x00050041, 0x00000085,
  0x000001DB, 0x00000083, 0x00000084, 0x0004003D, 0x0000001D, 0x000001DC, 0x000001DB, 0x000500B1,
  0x00000011, 0x000001DD, 0x000001DA, 0x000001DC, 0x000400FA, 0x000001DD, 0x000001D6, 0x000001D7,
  0x000200F8, 0x000001D6, 0x0004003D, 0x0000001D, 0x000001E1, 0x000001D3, 0x00050041, 0x00000106,
  0x000001E2, 0x000001E0, 0x000001E1, 0x0003003E, 0x000001E2, 0x000000EF, 0x000200F9, 0x000001D8,
  0x000200F8, 0x000001D8, 0x0004003D, 0x0000001D, 0x000001E3, 0x000001D3, 0x00050080, 0x0000001D,
  0x000001E4, 0x000001E3, 0x000000C3, 0x0003003E, 0x000001D3, 0x000001E4, 0x000200F9, 0x000001D5,
  0x000200F8, 0x000001D7, 0x000400E0, 0x000001CC, 0x000001CC, 0x000001CD, 0x00050041, 0x00000085,
  0x000001E7, 0x00000083, 0x000001E6, 0x0004003D, 0x0000001D, 0x000001E8, 0x000001E7, 0x000500AB,
  0x00000011, 0x000001E9, 0x000001E8, 0x000000B5, 0x0003003E, 0x000001E5, 0x000001E9, 0x0003003E,
  0x000001EA, 0x000000B5, 0x000200F9, 0x000001EB, 0x000200F8, 0x000001EB, 0x000400F6, 0x000001ED,
  0x000001EE, 0x00000000, 0x000200F9, 0x000001EF, 0x000200F8, 0x000001EF, 0x0004003D, 0x0000001D,
  0x000001F0, 0x000001EA, 0x00050041, 0x00000085, 0x000001F1, 0x00000083, 0x00000096, 0x0004003D,
  0x0000001D, 0x000001F2, 0x000001F1, 0x000500B1, 0x00000011, 0x000001F3, 0x000001F0, 0x000001F2,
  0x000400FA, 0x000001F3, 0x000001EC, 0x000001ED, 0x000200F8, 0x000001EC, 0x0004003D, 0x0000001D,
  0x000001F5, 0x000001EA, 0x00050041, 0x00000127, 0x000001F6, 0x00000178, 0x000001F5, 0x0004003D,
  0x0000001D, 0x000001F7, 0x000001F6, 0x0003003E, 0x000001F4, 0x000001F7, 0x0004003D, 0x0000001D,
  0x000001F9, 0x000001EA, 0x00050041, 0x00000106, 0x000001FA, 0x00000180, 0x000001F9, 0x0004003D,
  0x00000013, 0x000001FB, 0x000001FA, 0x0003003E, 0x000001F8, 0x000001FB, 0x0004003D, 0x00000013,
  0x000001FC, 0x000001F8, 0x000500B4, 0x00000011, 0x000001FD, 0x000001FC, 0x000000EF, 0x000300F7,
  0x000001FF, 0x00000000, 0x000400FA, 0x000001FD, 0x000001FE, 0x000001FF, 0x000200F8, 0x000001FE,
  0x000200F9, 0x000001EE, 0x000200F8, 0x000001FF, 0x0004003D, 0x0000001D, 0x00000206, 0x000001F4,
  0x00060041, 0x00000174, 0x00000207, 0x00000205, 0x000000B5, 0x00000206, 0x0004003D, 0x0000001D,
  0x00000208, 0x00000207, 0x0003003E, 0x00000201, 0x00000208, 0x0004003D, 0x0000001D, 0x00000209,
  0x00000201, 0x000500B1, 0x00000011, 0x0000020A, 0x00000209, 0x000000B5, 0x000300F7, 0x0000020C,
  0x00000000, 0x000400FA, 0x0000020A, 0x0000020B, 0x0000020C, 0x000200F8, 0x0000020B, 0x000200F9,
  0x000001EE, 0x000200F8, 0x0000020C, 0x0004003D, 0x0000001D, 0x0000020F, 0x00000201, 0x0004007C,
  0x00000006, 0x00000210, 0x0000020F, 0x00050041, 0x00000085, 0x00000211, 0x00000083, 0x0000008D,
  0x0004003D, 0x0000001D, 0x00000212, 0x00000211, 0x0004007C, 0x00000006, 0x00000213, 0x00000212,
  0x00050084, 0x00000006, 0x00000214, 0x00000210, 0x00000213, 0x00050041, 0x00000085, 0x00000215,
  0x00000083, 0x00000084, 0x0004003D, 0x0000001D, 0x00000216, 0x00000215, 0x0004007C, 0x00000006,
  0x00000217, 0x00000216, 0x00050084, 0x00000006, 0x00000218, 0x00000214, 0x00000217, 0x0003003E,
  0x0000020E, 0x00000218, 0x0004003D, 0x0000001D, 0x0000021A, 0x00000201, 0x0004007C, 0x00000006,
  0x0000021B, 0x0000021A, 0x00050041, 0x00000085, 0x0000021C, 0x00000083, 0x00000084, 0x0004003D,
  0x0000001D, 0x0000021D, 0x0000021C, 0x0004007C, 0x00000006, 0x0000021E, 0x0000021D, 0x00050084,
  0x00000006, 0x0000021F, 0x0000021B, 0x0000021E, 0x00050041, 0x00000085, 0x00000220, 0x00000083,
  0x0000008D, 0x0004003D, 0x0000001D, 0x00000221, 0x00000220, 0x0004007C, 0x00000006, 0x00000222,
  0x00000221, 0x00050084, 0x00000006, 0x00000223, 0x0000021F, 0x00000222, 0x0003003E, 0x00000219,
  0x00000223, 0x0003003E, 0x00000224, 0x000000B5, 0x000200F9, 0x00000225, 0x000200F8, 0x00000225,
  0x000400F6, 0x00000227, 0x00000228, 0x00000000, 0x000200F9, 0x00000229, 0x000200F8, 0x00000229,
  0x0004003D, 0x0000001D, 0x0000022A, 0x00000224, 0x00050041, 0x00000085, 0x0000022B, 0x00000083,
  0x0000008D, 0x0004003D, 0x0000001D, 0x0000022C, 0x0000022B, 0x000500B1, 0x00000011, 0x0000022D,
  0x0000022A, 0x0000022C, 0x000400FA, 0x0000022D, 0x00000226, 0x00000227, 0x000200F8, 0x00000226,
  0x0004003D, 0x00000006, 0x0000022F, 0x0000020E, 0x0004003D, 0x0000001D, 0x00000230, 0x00000224,
  0x0004007C, 0x00000006, 0x00000231, 0x00000230, 0x00050041, 0x00000085, 0x00000232, 0x00000083,
  0x00000084, 0x0004003D, 0x0000001D, 0x00000233, 0x00000232, 0x0004007C, 0x00000006, 0x00000234,
  0x00000233, 0x00050084, 0x00000006, 0x00000235, 0x00000231, 0x00000234, 0x00050080, 0x00000006,
  0x00000236, 0x0000022F, 0x00000235, 0x0003003E, 0x0000022E, 0x00000236, 0x0004003D, 0x00000006,
  0x00000238, 0x0000020E, 0x00050041, 0x00000085, 0x00000239, 0x00000083, 0x0000008D, 0x0004003D,
  0x0000001D, 0x0000023A, 0x00000239, 0x0004007C, 0x00000006, 0x0000023B, 0x0000023A, 0x0004003D,
  0x0000001D, 0x0000023C, 0x00000224, 0x0004007C, 0x00000006, 0x0000023D, 0x0000023C, 0x00050080,
  0x00000006, 0x0000023E, 0x0000023B, 0x0000023D, 0x00050041, 0x00000085, 0x0000023F, 0x00000083,
  0x00000084, 0x0004003D, 0x0000001D, 0x00000240, 0x0000023F, 0x0004007C, 0x00000006, 0x00000241,
  0x00000240, 0x00050084, 0x00000006, 0x00000242, 0x0000023E, 0x00000241, 0x00050080, 0x00000006,
  0x00000243, 0x00000238, 0x00000242, 0x0003003E, 0x00000237, 0x00000243, 0x0003003E, 0x00000244,
  0x000000EF, 0x0003003E, 0x00000245, 0x000000EF, 0x0004003D, 0x0000001D, 0x00000247, 0x000000B0,
  0x0003003E, 0x00000246, 0x00000247, 0x000200F9, 0x00000248, 0x000200F8, 0x00000248, 0x000400F6,
  0x0000024A, 0x0000024B, 0x00000000, 0x000200F9, 0x0000024C, 0x000200F8, 0x0000024C, 0x0004003D,
  0x0000001D, 0x0000024D, 0x00000246, 0x00050041, 0x00000085, 0x0000024E, 0x00000083, 0x00000084,
  0x0004003D, 0x0000001D, 0x0000024F, 0x0000024E, 0x000500B1, 0x00000011, 0x00000250, 0x0000024D,
  0x0000024F, 0x000400FA, 0x00000250, 0x00000249, 0x0000024A, 0x000200F8, 0x00000249, 0x0004003D,
  0x0000001D, 0x00000256, 0x000001CE, 0x0004003D, 0x0000001D, 0x00000257, 0x00000246, 0x00050080,
  0x0000001D, 0x00000258, 0x00000256, 0x00000257, 0x00060041, 0x000000E3, 0x00000259, 0x00000255,
  0x000000B5, 0x00000258, 0x0004003D, 0x00000013, 0x0000025A, 0x00000259, 0x0003003E, 0x00000251,
  0x0000025A, 0x0004003D, 0x00000013, 0x0000025B, 0x00000251, 0x0004003D, 0x00000006, 0x00000260,
  0x0000022E, 0x0004003D, 0x0000001D, 0x00000261, 0x00000246, 0x0004007C, 0x00000006, 0x00000262,
  0x00000261, 0x00050080, 0x00000006, 0x00000263, 0x00000260, 0x00000262, 0x00060041, 0x00000265,
  0x00000266, 0x0000025F, 0x000000B5, 0x00000263, 0x0004003D, 0x0000000F, 0x00000267, 0x00000266,
  0x0003003E, 0x00000264, 0x00000267, 0x0004003D, 0x00000011, 0x00000269, 0x000001E5, 0x0003003E,
  0x00000268, 0x00000269, 0x00060039, 0x00000013, 0x0000026A, 0x00000017, 0x00000264, 0x00000268,
  0x00050085, 0x00000013, 0x0000026B, 0x0000025B, 0x0000026A, 0x0004003D, 0x00000013, 0x0000026C,
  0x00000244, 0x00050081, 0x00000013, 0x0000026D, 0x0000026C, 0x0000026B, 0x0003003E, 0x00000244,
  0x0000026D, 0x0004003D, 0x00000013, 0x0000026E, 0x00000251, 0x0004003D, 0x00000006, 0x0000026F,
  0x00000237, 0x0004003D, 0x0000001D, 0x00000270, 0x00000246, 0x0004007C, 0x00000006, 0x00000271,
  0x00000270, 0x00050080, 0x00000006, 0x00000272, 0x0000026F, 0x00000271, 0x00060041, 0x00000265,
  0x00000274, 0x0000025F, 0x000000B5, 0x00000272, 0x0004003D, 0x0000000F, 0x00000275, 0x00000274,
  0x0003003E, 0x00000273, 0x00000275, 0x0004003D, 0x00000011, 0x00000277, 0x000001E5, 0x0003003E,
  0x00000276, 0x00000277, 0x00060039, 0x00000013, 0x00000278, 0x00000017, 0x00000273, 0x00000276,
  0x00050085, 0x00000013, 0x00000279, 0x0000026E, 0x00000278, 0x0004003D, 0x00000013, 0x0000027A,
  0x00000245, 0x00050081, 0x00000013, 0x0000027B, 0x0000027A, 0x00000279, 0x0003003E, 0x00000245,
  0x0000027B, 0x000200F9, 0x0000024B, 0x000200F8, 0x0000024B, 0x0004003D, 0x0000001D, 0x0000027C,
  0x00000246, 0x00050080, 0x0000001D, 0x0000027D, 0x0000027C, 0x000000C3, 0x0003003E, 0x00000246,
  0x0000027D, 0x000200F9, 0x00000248, 0x000200F8, 0x0000024A, 0x0004003D, 0x0000001D, 0x0000027F,
  0x000000B0, 0x0004003D, 0x00000013, 0x00000280, 0x00000244, 0x00050041, 0x00000106, 0x00000281,
  0x0000027E, 0x0000027F, 0x0003003E, 0x00000281, 0x00000280, 0x000400E0, 0x000001CC, 0x000001CC,
  0x000001CD, 0x0003003E, 0x00000282, 0x00000283, 0x000200F9, 0x00000284, 0x000200F8, 0x00000284,
  0x000400F6, 0x00000286, 0x00000287, 0x00000000, 0x000200F9, 0x00000288, 0x000200F8, 0x00000288,
  0x0004003D, 0x0000001D, 0x00000289, 0x00000282, 0x000500AD, 0x00000011, 0x0000028A, 0x00000289,
  0x000000B5, 0x000400FA, 0x0000028A, 0x00000285, 0x00000286, 0x000200F8, 0x00000285, 0x0004003D,
  0x0000001D, 0x0000028B, 0x000000B0, 0x0004003D, 0x0000001D, 0x0000028C, 0x00000282, 0x000500B1,
  0x00000011, 0x0000028D, 0x0000028B, 0x0000028C, 0x000300F7, 0x0000028F, 0x00000000, 0x000400FA,
  0x0000028D, 0x0000028E, 0x0000028F, 0x000200F8, 0x0000028E, 0x0004003D, 0x0000001D, 0x00000290,
  0x000000B0, 0x0004003D, 0x0000001D, 0x00000291, 0x000000B0, 0x0004003D, 0x0000001D, 0x00000292,
  0x00000282, 0x00050080, 0x0000001D, 0x00000293, 0x00000291, 0x00000292, 0x00050041, 0x00000106,
  0x00000294, 0x0000027E, 0x00000293, 0x0004003D, 0x00000013, 0x00000295, 0x00000294, 0x00050041,
  0x00000106, 0x00000296, 0x0000027E, 0x00000290, 0x0004003D, 0x00000013, 0x00000297, 0x00000296,
  0x00050081, 0x00000013, 0x00000298, 0x00000297, 0x00000295, 0x00050041, 0x00000106, 0x00000299,
  0x0000027E, 0x00000290, 0x0003003E, 0x00000299, 0x00000298, 0x000200F9, 0x0000028F, 0x000200F8,
  0x0000028F, 0x000400E0, 0x000001CC, 0x000001CC, 0x000001CD, 0x000200F9, 0x00000287, 0x000200F8,
  0x00000287, 0x0004003D, 0x0000001D, 0x0000029A, 0x00000282, 0x000500C3, 0x0000001D, 0x0000029B,
  0x0000029A, 0x000000A9, 0x0003003E, 0x00000282, 0x0000029B, 0x000200F9, 0x00000284, 0x000200F8,
  0x00000286, 0x00050041, 0x00000106, 0x0000029D, 0x0000027E, 0x000000B5, 0x0004003D, 0x00000013,
  0x0000029E, 0x0000029D, 0x0003003E, 0x0000029C, 0x0000029E, 0x0004003D, 0x0000001D, 0x0000029F,
  0x000000B0, 0x0004003D, 0x00000013, 0x000002A0, 0x00000245, 0x00050041, 0x00000106, 0x000002A1,
  0x0000027E, 0x0000029F, 0x0003003E, 0x000002A1, 0x000002A0, 0x000400E0, 0x000001CC, 0x000001CC,
  0x000001CD, 0x0003003E, 0x000002A2, 0x00000283, 0x000200F9, 0x000002A3, 0x000200F8, 0x000002A3,
  0x000400F6, 0x000002A5, 0x000002A6, 0x00000000, 0x000200F9, 0x000002A7, 0x000200F8, 0x000002A7,
  0x0004003D, 0x0000001D, 0x000002A8, 0x000002A2, 0x000500AD, 0x00000011, 0x000002A9, 0x000002A8,
  0x000000B5, 0x000400FA, 0x000002A9, 0x000002A4, 0x000002A5, 0x000200F8, 0x000002A4, 0x0004003D,
  0x0000001D, 0x000002AA, 0x000000B0, 0x0004003D, 0x0000001D, 0x000002AB, 0x000002A2, 0x000500B1,
  0x00000011, 0x000002AC, 0x000002AA, 0x000002AB, 0x000300F7, 0x000002AE, 0x00000000, 0x000400FA,
  0x000002AC, 0x000002AD, 0x000002AE, 0x000200F8, 0x000002AD, 0x0004003D, 0x0000001D, 0x000002AF,
  0x000000B0, 0x0004003D, 0x0000001D, 0x000002B0, 0x000000B0, 0x0004003D, 0x0000001D, 0x000002B1,
  0x000002A2, 0x00050080, 0x0000001D, 0x000002B2, 0x000002B0, 0x000002B1, 0x00050041, 0x00000106,
  0x000002B3, 0x0000027E, 0x000002B2, 0x0004003D, 0x00000013, 0x000002B4, 0x000002B3, 0x00050041,
  0x00000106, 0x000002B5, 0x0000027E, 0x000002AF, 0x0004003D, 0x00000013, 0x000002B6, 0x000002B5,
  0x00050081, 0x00000013, 0x000002B7, 0x000002B6, 0x000002B4, 0x00050041, 0x00000106, 0x000002B8,
  0x0000027E, 0x000002AF, 0x0003003E, 0x000002B8, 0x000002B7, 0x000200F9, 0x000002AE, 0x000200F8,
  0x000002AE, 0x000400E0, 0x000001CC, 0x000001CC, 0x000001CD, 0x000200F9, 0x000002A6, 0x000200F8,
  0x000002A6, 0x0004003D, 0x0000001D, 0x000002B9, 0x000002A2, 0x000500C3, 0x0000001D, 0x000002BA,
  0x000002B9, 0x000000A9, 0x0003003E, 0x000002A2, 0x000002BA, 0x000200F9, 0x000002A3, 0x000200F8,
  0x000002A5, 0x00050041, 0x00000106, 0x000002BC, 0x0000027E, 0x000000B5, 0x0004003D, 0x00000013,
  0x000002BD, 0x000002BC, 0x0003003E, 0x000002BB, 0x000002BD, 0x0004003D, 0x0000001D, 0x000002BE,
  0x000000B0, 0x000500AA, 0x00000011, 0x000002BF, 0x000002BE, 0x000000B5, 0x000300F7, 0x000002C1,
  0x00000000, 0x000400FA, 0x000002BF, 0x000002C0, 0x000002C1, 0x000200F8, 0x000002C0, 0x0004003D,
  0x0000001D, 0x000002C5, 0x00000224, 0x0004003D, 0x00000013, 0x000002C6, 0x0000029C, 0x0004003D,
  0x00000013, 0x000002C7, 0x0000029C, 0x0004007F, 0x00000013, 0x000002C8, 0x000002C7, 0x0006000C,
  0x00000013, 0x000002C9, 0x00000001, 0x0000001B, 0x000002C8, 0x00050081, 0x00000013, 0x000002CA,
  0x00000110, 0x000002C9, 0x00050088, 0x00000013, 0x000002CB, 0x000002C6, 0x000002CA, 0x0004003D,
  0x00000013, 0x000002CC, 0x000002BB, 0x00050085, 0x00000013, 0x000002CD, 0x000002CB, 0x000002CC,
  0x00050041, 0x00000106, 0x000002CE, 0x000002C4, 0x000002C5, 0x0003003E, 0x000002CE, 0x000002CD,
  0x000200F9, 0x000002C1, 0x000200F8, 0x000002C1, 0x000200F9, 0x00000228, 0x000200F8, 0x00000228,
  0x0004003D, 0x0000001D, 0x000002CF, 0x00000224, 0x00050080, 0x0000001D, 0x000002D0, 0x000002CF,
  0x000000A9, 0x0003003E, 0x00000224, 0x000002D0, 0x000200F9, 0x00000225, 0x000200F8, 0x00000227,
  0x000400E0, 0x000001CC, 0x000001CC, 0x000001CD, 0x0003003E, 0x000002D1, 0x000000B5, 0x000200F9,
  0x000002D2, 0x000200F8, 0x000002D2, 0x000400F6, 0x000002D4, 0x000002D5, 0x00000000, 0x000200F9,
  0x000002D6, 0x000200F8, 0x000002D6, 0x0004003D, 0x0000001D, 0x000002D7, 0x000002D1, 0x00050041,
  0x00000085, 0x000002D8, 0x00000083, 0x00000084, 0x0004003D, 0x0000001D, 0x000002D9, 0x000002D8,
  0x000500B1, 0x00000011, 0x000002DA, 0x000002D7, 0x000002D9, 0x000400FA, 0x000002DA, 0x000002D3,
  0x000002D4, 0x000200F8, 0x000002D3, 0x0004003D, 0x00000006, 0x000002DC, 0x00000219, 0x0004003D,
  0x0000001D, 0x000002DD, 0x000002D1, 0x0004007C, 0x00000006, 0x000002DE, 0x000002DD, 0x00050041,
  0x00000085, 0x000002DF, 0x00000083, 0x0000008D, 0x0004003D, 0x0000001D, 0x000002E0, 0x000002DF,
  0x0004007C, 0x00000006, 0x000002E1, 0x000002E0, 0x00050084, 0x00000006, 0x000002E2, 0x000002DE,
  0x000002E1, 0x00050080, 0x00000006, 0x000002E3, 0x000002DC, 0x000002E2, 0x0003003E, 0x000002DB,
  0x000002E3, 0x0003003E, 0x000002E4, 0x000000EF, 0x0004003D, 0x0000001D, 0x000002E6, 0x000000B0,
  0x0003003E, 0x000002E5, 0x000002E6, 0x000200F9, 0x000002E7, 0x000200F8, 0x000002E7, 0x000400F6,
  0x000002E9, 0x000002EA, 0x00000000, 0x000200F9, 0x000002EB, 0x000200F8, 0x000002EB, 0x0004003D,
  0x0000001D, 0x000002EC, 0x000002E5, 0x00050041, 0x00000085, 0x000002ED, 0x00000083, 0x0000008D,
  0x0004003D, 0x0000001D, 0x000002EE, 0x000002ED, 0x000500B1, 0x00000011, 0x000002EF, 0x000002EC,
  0x000002EE, 0x000400FA, 0x000002EF, 0x000002E8, 0x000002E9, 0x000200F8, 0x000002E8, 0x0004003D,
  0x0000001D, 0x000002F0, 0x000002E5, 0x00050041, 0x00000106, 0x000002F1, 0x000002C4, 0x000002F0,
  0x0004003D, 0x00000013, 0x000002F2, 0x000002F1, 0x0004003D, 0x00000006, 0x000002F7, 0x000002DB,
  0x0004003D, 0x0000001D, 0x000002F8, 0x000002E5, 0x0004007C, 0x00000006, 0x000002F9, 0x000002F8,
  0x00050080, 0x00000006, 0x000002FA, 0x000002F7, 0x000002F9, 0x00060041, 0x00000265, 0x000002FC,
  0x000002F6, 0x000000B5, 0x000002FA, 0x0004003D, 0x0000000F, 0x000002FD, 0x000002FC, 0x0003003E,
  0x000002FB, 0x000002FD, 0x0004003D, 0x00000011, 0x000002FF, 0x000001E5, 0x0003003E, 0x000002FE,
  0x000002FF, 0x00060039, 0x00000013, 0x00000300, 0x00000017, 0x000002FB, 0x000002FE, 0x00050085,
  0x00000013, 0x00000301, 0x000002F2, 0x00000300, 0x0004003D, 0x00000013, 0x00000302, 0x000002E4,
  0x00050081, 0x00000013, 0x00000303, 0x00000302, 0x00000301, 0x0003003E, 0x000002E4, 0x00000303,
  0x000200F9, 0x000002EA, 0x000200F8, 0x000002EA, 0x0004003D, 0x0000001D, 0x00000304, 0x000002E5,
  0x00050080, 0x0000001D, 0x00000305, 0x00000304, 0x000000C3, 0x0003003E, 0x000002E5, 0x00000305,
  0x000200F9, 0x000002E7, 0x000200F8, 0x000002E9, 0x0004003D, 0x0000001D, 0x00000306, 0x000000B0,
  0x0004003D, 0x00000013, 0x00000307, 0x000002E4, 0x00050041, 0x00000106, 0x00000308, 0x0000027E,
  0x00000306, 0x0003003E, 0x00000308, 0x00000307, 0x000400E0, 0x000001CC, 0x000001CC, 0x000001CD,
  0x0003003E, 0x00000309, 0x00000283, 0x000200F9, 0x0000030A, 0x000200F8, 0x0000030A, 0x000400F6,
  0x0000030C, 0x0000030D, 0x00000000, 0x000200F9, 0x0000030E, 0x000200F8, 0x0000030E, 0x0004003D,
  0x0000001D, 0x0000030F, 0x00000309, 0x000500AD, 0x00000011, 0x00000310, 0x0000030F, 0x000000B5,
  0x000400FA, 0x00000310, 0x0000030B, 0x0000030C, 0x000200F8, 0x0000030B, 0x0004003D, 0x0000001D,
  0x00000311, 0x000000B0, 0x0004003D, 0x0000001D, 0x00000312, 0x00000309, 0x000500B1, 0x00000011,
  0x00000313, 0x00000311, 0x00000312, 0x000300F7, 0x00000315, 0x00000000, 0x000400FA, 0x00000313,
  0x00000314, 0x00000315, 0x000200F8, 0x00000314, 0x0004003D, 0x0000001D, 0x00000316, 0x000000B0,
  0x0004003D, 0x0000001D, 0x00000317, 0x000000B0, 0x0004003D, 0x0000001D, 0x00000318, 0x00000309,
  0x00050080, 0x0000001D, 0x00000319, 0x00000317, 0x00000318, 0x00050041, 0x00000106, 0x0000031A,
  0x0000027E, 0x00000319, 0x0004003D, 0x00000013, 0x0000031B, 0x0000031A, 0x00050041, 0x00000106,
  0x0000031C, 0x0000027E, 0x00000316, 0x0004003D, 0x00000013, 0x0000031D, 0x0000031C, 0x00050081,
  0x00000013, 0x0000031E, 0x0000031D, 0x0000031B, 0x00050041, 0x00000106, 0x0000031F, 0x0000027E,
  0x00000316, 0x0003003E, 0x0000031F, 0x0000031E, 0x000200F9, 0x00000315, 0x000200F8, 0x00000315,
  0x000400E0, 0x000001CC, 0x000001CC, 0x000001CD, 0x000200F9, 0x0000030D, 0x000200F8, 0x0000030D,
  0x0004003D, 0x0000001D, 0x00000320, 0x00000309, 0x000500C3, 0x0000001D, 0x00000321, 0x00000320,
  0x000000A9, 0x0003003E, 0x00000309, 0x00000321, 0x000200F9, 0x0000030A, 0x000200F8, 0x0000030C,
  0x0004003D, 0x0000001D, 0x00000322, 0x000000B0, 0x000500AA, 0x00000011, 0x00000323, 0x00000322,
  0x000000B5, 0x000300F7, 0x00000325, 0x00000000, 0x000400FA, 0x00000323, 0x00000324, 0x00000325,
  0x000200F8, 0x00000324, 0x0004003D, 0x0000001D, 0x00000326, 0x000002D1, 0x0004003D, 0x00000013,
  0x00000327, 0x000001F8, 0x00050041, 0x00000106, 0x00000328, 0x0000027E, 0x000000B5, 0x0004003D,
  0x00000013, 0x00000329, 0x00000328, 0x00050085, 0x00000013, 0x0000032A, 0x00000327, 0x00000329,
  0x00050041, 0x00000106, 0x0000032B, 0x000001E0, 0x00000326, 0x0004003D, 0x00000013, 0x0000032C,
  0x0000032B, 0x00050081, 0x00000013, 0x0000032D, 0x0000032C, 0x0000032A, 0x00050041, 0x00000106,
  0x0000032E, 0x000001E0, 0x00000326, 0x0003003E, 0x0000032E, 0x0000032D, 0x000200F9, 0x00000325,
  0x000200F8, 0x00000325, 0x000200F9, 0x000002D5, 0x000200F8, 0x000002D5, 0x0004003D, 0x0000001D,
  0x0000032F, 0x000002D1, 0x00050080, 0x0000001D, 0x00000330, 0x0000032F, 0x000000A9, 0x0003003E,
  0x000002D1, 0x00000330, 0x000200F9, 0x000002D2, 0x000200F8, 0x000002D4, 0x000400E0, 0x000001CC,
  0x000001CC, 0x000001CD, 0x000200F9, 0x000001EE, 0x000200F8, 0x000001EE, 0x0004003D, 0x0000001D,
  0x00000331, 0x000001EA, 0x00050080, 0x0000001D, 0x00000332, 0x00000331, 0x000000A9, 0x0003003E,
  0x000001EA, 0x00000332, 0x000200F9, 0x000001EB, 0x000200F8, 0x000001ED, 0x0004003D, 0x0000001D,
  0x00000334, 0x000000B0, 0x0003003E, 0x00000333, 0x00000334, 0x000200F9, 0x00000335, 0x000200F8,
  0x00000335, 0x000400F6, 0x00000337, 0x00000338, 0x00000000, 0x000200F9, 0x00000339, 0x000200F8,
  0x00000339, 0x0004003D, 0x0000001D, 0x0000033A, 0x00000333, 0x00050041, 0x00000085, 0x0000033B,
  0x00000083, 0x00000084, 0x0004003D, 0x0000001D, 0x0000033C, 0x0000033B, 0x000500B1, 0x00000011,
  0x0000033D, 0x0000033A, 0x0000033C, 0x000400FA, 0x0000033D, 0x00000336, 0x00000337, 0x000200F8,
  0x00000336, 0x0004003D, 0x0000001D, 0x00000342, 0x000001CE, 0x0004003D, 0x0000001D, 0x00000343,
  0x00000333, 0x00050080, 0x0000001D, 0x00000344, 0x00000342, 0x00000343, 0x0004003D, 0x0000001D,
  0x00000345, 0x00000333, 0x00050041, 0x00000106, 0x00000346, 0x000001E0, 0x00000345, 0x0004003D,
  0x00000013, 0x00000347, 0x00000346, 0x00060041, 0x000000E3, 0x00000348, 0x00000341, 0x000000B5,
  0x00000344, 0x0003003E, 0x00000348, 0x00000347, 0x000200F9, 0x00000338, 0x000200F8, 0x00000338,
  0x0004003D, 0x0000001D, 0x00000349, 0x00000333, 0x00050080, 0x0000001D, 0x0000034A, 0x00000349,
  0x000000C3, 0x0003003E, 0x00000333, 0x0000034A, 0x000200F9, 0x00000335, 0x000200F8, 0x00000337,
  0x000100FD, 0x00010038, 0x00050036, 0x00000006, 0x0000000A, 0x00000000, 0x00000008, 0x00030037,
  0x00000007, 0x00000009, 0x000200F8, 0x0000000B, 0x0004003B, 0x00000007, 0x00000019, 0x00000007,
  0x0004003B, 0x00000007, 0x00000020, 0x00000007, 0x0004003B, 0x00000007, 0x00000026, 0x00000007,
  0x0004003B, 0x00000007, 0x00000033, 0x00000007, 0x0004003B, 0x00000007, 0x00000036, 0x00000007,
  0x0004003B, 0x00000007, 0x00000038, 0x00000007, 0x0004003D, 0x00000006, 0x0000001A, 0x00000009,
  0x000500C7, 0x00000006, 0x0000001C, 0x0000001A, 0x0000001B, 0x000500C4, 0x00000006, 0x0000001F,
  0x0000001C, 0x0000001E, 0x0003003E, 0x00000019, 0x0000001F, 0x0004003D, 0x00000006, 0x00000021,
  0x00000009, 0x000500C2, 0x00000006, 0x00000023, 0x00000021, 0x00000022, 0x000500C7, 0x00000006,
  0x00000025, 0x00000023, 0x00000024, 0x0003003E, 0x00000020, 0x00000025, 0x0004003D, 0x00000006,
  0x00000027, 0x00000009, 0x000500C7, 0x00000006, 0x00000029, 0x00000027, 0x00000028, 0x0003003E,
  0x00000026, 0x00000029, 0x0004003D, 0x00000006, 0x0000002A, 0x00000020, 0x000500AA, 0x00000011,
  0x0000002C, 0x0000002A, 0x0000002B, 0x000300F7, 0x0000002E, 0x00000000, 0x000400FA, 0x0000002C,
  0x0000002D, 0x00000052, 0x000200F8, 0x0000002D, 0x0004003D, 0x00000006, 0x0000002F, 0x00000026,
  0x000500AA, 0x00000011, 0x00000030, 0x0000002F, 0x0000002B, 0x000300F7, 0x00000032, 0x00000000,
  0x000400FA, 0x00000030, 0x00000031, 0x00000035, 0x000200F8, 0x00000031, 0x0004003D, 0x00000006,
  0x00000034, 0x00000019, 0x0003003E, 0x00000033, 0x00000034, 0x000200F9, 0x00000032, 0x000200F8,
  0x00000035, 0x0003003E, 0x00000036, 0x00000037, 0x0004003D, 0x00000006, 0x00000039, 0x00000026,
  0x0003003E, 0x00000038, 0x00000039, 0x000200F9, 0x0000003A, 0x000200F8, 0x0000003A, 0x000400F6,
  0x0000003C, 0x0000003D, 0x00000000, 0x000200F9, 0x0000003E, 0x000200F8, 0x0000003E, 0x0004003D,
  0x00000006, 0x0000003F, 0x00000038, 0x000500C7, 0x00000006, 0x00000041, 0x0000003F, 0x00000040,
  0x000500AA, 0x00000011, 0x00000042, 0x00000041, 0x0000002B, 0x000400FA, 0x00000042, 0x0000003B,
  0x0000003C, 0x000200F8, 0x0000003B, 0x0004003D, 0x00000006, 0x00000044, 0x00000038, 0x000500C4,
  0x00000006, 0x00000045, 0x00000044, 0x00000043, 0x0003003E, 0x00000038, 0x00000045, 0x0004003D,
  0x00000006, 0x00000046, 0x00000036, 0x00050082, 0x00000006, 0x00000047, 0x00000046, 0x00000043,
  0x0003003E, 0x00000036, 0x00000047, 0x000200F9, 0x0000003D, 0x000200F8, 0x0000003D, 0x000200F9,
  0x0000003A, 0x000200F8, 0x0000003C, 0x0004003D, 0x00000006, 0x00000048, 0x00000019, 0x0004003D,
  0x00000006, 0x00000049, 0x00000036, 0x000500C4, 0x00000006, 0x0000004B, 0x00000049, 0x0000004A,
  0x000500C5, 0x00000006, 0x0000004C, 0x00000048, 0x0000004B, 0x0004003D, 0x00000006, 0x0000004D,
  0x00000038, 0x000500C7, 0x00000006, 0x0000004E, 0x0000004D, 0x00000028, 0x000500C4, 0x00000006,
  0x00000050, 0x0000004E, 0x0000004F, 0x000500C5, 0x00000006, 0x00000051, 0x0000004C, 0x00000050,
  0x0003003E, 0x00000033, 0x00000051, 0x000200F9, 0x00000032, 0x000200F8, 0x00000032, 0x000200F9,
  0x0000002E, 0x000200F8, 0x00000052, 0x0004003D, 0x00000006, 0x00000053, 0x00000020, 0x000500AA,
  0x00000011, 0x00000054, 0x00000053, 0x00000024, 0x000300F7, 0x00000056, 0x00000000, 0x000400FA,
  0x00000054, 0x00000055, 0x0000005D, 0x000200F8, 0x00000055, 0x0004003D, 0x00000006, 0x00000057,
  0x00000019, 0x000500C5, 0x00000006, 0x00000059, 0x00000057, 0x00000058, 0x0004003D, 0x00000006,
  0x0000005A, 0x00000026, 0x000500C4, 0x00000006, 0x0000005B, 0x0000005A, 0x0000004F, 0x000500C5,
  0x00000006, 0x0000005C, 0x00000059, 0x0000005B, 0x0003003E, 0x00000033, 0x0000005C, 0x000200F9,
  0x00000056, 0x000200F8, 0x0000005D, 0x0004003D, 0x00000006, 0x0000005E, 0x00000019, 0x0004003D,
  0x00000006, 0x0000005F, 0x00000020, 0x00050082, 0x00000006, 0x00000061, 0x0000005F, 0x00000060,
  0x00050080, 0x00000006, 0x00000063, 0x00000061, 0x00000062, 0x000500C4, 0x00000006, 0x00000064,
  0x00000063, 0x0000004A, 0x000500C5, 0x00000006, 0x00000065, 0x0000005E, 0x00000064, 0x0004003D,
  0x00000006, 0x00000066, 0x00000026, 0x000500C4, 0x00000006, 0x00000067, 0x00000066, 0x0000004F,
  0x000500C5, 0x00000006, 0x00000068, 0x00000065, 0x00000067, 0x0003003E, 0x00000033, 0x00000068,
  0x000200F9, 0x00000056, 0x000200F8, 0x00000056, 0x000200F9, 0x0000002E, 0x000200F8, 0x0000002E,
  0x0004003D, 0x00000006, 0x00000069, 0x00000033, 0x000200FE, 0x00000069, 0x00010038, 0x00050036,
  0x00000006, 0x0000000D, 0x00000000, 0x00000008, 0x00030037, 0x00000007, 0x0000000C, 0x000200F8,
  0x0000000E, 0x0004003D, 0x00000006, 0x0000006C, 0x0000000C, 0x000500C4, 0x00000006, 0x0000006D,
  0x0000006C, 0x0000001E, 0x000200FE, 0x0000006D, 0x00010038, 0x00050036, 0x00000013, 0x00000017,
  0x00000000, 0x00000014, 0x00030037, 0x00000010, 0x00000015, 0x00030037, 0x00000012, 0x00000016,
  0x000200F8, 0x00000018, 0x0004003B, 0x00000007, 0x00000071, 0x00000007, 0x0004003B, 0x00000007,
  0x00000076, 0x00000007, 0x0004003B, 0x00000007, 0x0000007B, 0x00000007, 0x0004003D, 0x00000011,
  0x00000070, 0x00000016, 0x000300F7, 0x00000073, 0x00000000, 0x000400FA, 0x00000070, 0x00000072,
  0x00000078, 0x000200F8, 0x00000072, 0x0004003D, 0x0000000F, 0x00000074, 0x00000015, 0x00040071,
  0x00000006, 0x00000075, 0x00000074, 0x0003003E, 0x00000076, 0x00000075, 0x00050039, 0x00000006,
  0x00000077, 0x0000000D, 0x00000076, 0x0003003E, 0x00000071, 0x00000077, 0x000200F9, 0x00000073,
  0x000200F8, 0x00000078, 0x0004003D, 0x0000000F, 0x00000079, 0x00000015, 0x00040071, 0x00000006,
  0x0000007A, 0x00000079, 0x0003003E, 0x0000007B, 0x0000007A, 0x00050039, 0x00000006, 0x0000007C,
  0x0000000A, 0x0000007B, 0x0003003E, 0x00000071, 0x0000007C, 0x000200F9, 0x00000073, 0x000200F8,
  0x00000073, 0x0004003D, 0x00000006, 0x0000007D, 0x00000071, 0x0004007C, 0x00000013, 0x0000007E,
  0x0000007D, 0x000200FE, 0x0000007E, 0x00010038,
};
static const unsigned int moe_route_sigmoid_spv[] = {
  0x07230203, 0x00010500, 0x0008000B, 0x000001DA, 0x00000000, 0x00020011, 0x00000001, 0x0006000B,
  0x00000001, 0x4C534C47, 0x6474732E, 0x3035342E, 0x00000000, 0x0003000E, 0x00000000, 0x00000001,
  0x0010000F, 0x00000005, 0x00000004, 0x6E69616D, 0x00000000, 0x00000008, 0x00000015, 0x0000001D,
  0x00000054, 0x00000060, 0x0000006B, 0x00000080, 0x000000B2, 0x0000010C, 0x00000159, 0x00000168,
  0x00060010, 0x00000004, 0x00000011, 0x00000020, 0x00000001, 0x00000001, 0x00030003, 0x00000002,
  0x000001C2, 0x00080004, 0x455F4C47, 0x735F5458, 0x616C6163, 0x6C625F72, 0x5F6B636F, 0x6F79616C,
  0x00007475, 0x000B0004, 0x455F4C47, 0x735F5458, 0x65646168, 0x78655F72, 0x63696C70, 0x615F7469,
  0x68746972, 0x6974656D, 0x79745F63, 0x00736570, 0x00040005, 0x00000004, 0x6E69616D, 0x00000000,
  0x00080005, 0x00000008, 0x4C5F6C67, 0x6C61636F, 0x6F766E49, 0x69746163, 0x6E496E6F, 0x00786564,
  0x00030005, 0x00000012, 0x00000074, 0x00060005, 0x00000015, 0x575F6C67, 0x476B726F, 0x70756F72,
  0x00004449, 0x00030005, 0x0000001B, 0x00004350, 0x00050006, 0x0000001B, 0x00000000, 0x73776F72,
  0x00000000, 0x00040006, 0x0000001B, 0x00000001, 0x00000045, 0x00040006, 0x0000001B, 0x00000002,
  0x0000004B, 0x00050006, 0x0000001B, 0x00000003, 0x72675F6E, 0x0070756F, 0x00060006, 0x0000001B,
  0x00000004, 0x6B706F74, 0x6F72675F, 0x00007075, 0x00050006, 0x0000001B, 0x00000005, 0x6D726F6E,
  0x00000000, 0x00060006, 0x0000001B, 0x00000006, 0x73616962, 0x66666F5F, 0x00000000, 0x00070006,
  0x0000001B, 0x00000007, 0x74756F72, 0x735F6465, 0x696C6163, 0x0000676E, 0x00030005, 0x0000001D,
  0x00006370, 0x00030005, 0x00000026, 0x00000045, 0x00030005, 0x00000033, 0x0000676B, 0x00030005,
  0x00000037, 0x007A7367, 0x00040005, 0x0000003B, 0x65736162, 0x00000000, 0x00030005, 0x0000003F,
  0x00000069, 0x00030005, 0x00000049, 0x00000062, 0x00040005, 0x00000052, 0x41494242, 0x00000053,
  0x00050006, 0x00000052, 0x00000000, 0x73616962, 0x00000000, 0x00030005, 0x00000054, 0x00000000,
  0x00030005, 0x0000005C, 0x0000006C, 0x00040005, 0x0000005E, 0x474F4C42, 0x00535449, 0x00050006,
  0x0000005E, 0x00000000, 0x69676F6C, 0x00007374, 0x00030005, 0x00000060, 0x00000000, 0x00030005,
  0x0000006B, 0x00676973, 0x00030005, 0x00000077, 0x00000069, 0x00040005, 0x00000080, 0x5F706D74,
  0x00000066, 0x00030005, 0x00000085, 0x00000069, 0x00030005, 0x0000008E, 0x0000006A, 0x00030005,
  0x000000A7, 0x00000069, 0x00040005, 0x000000B2, 0x5F706D74, 0x00000069, 0x00030005, 0x000000B9,
  0x00000069, 0x00040005, 0x000000C4, 0x74736562, 0x00000000, 0x00030005, 0x000000C6, 0x0000006A,
  0x00030005, 0x000000E6, 0x00006974, 0x00040005, 0x000000F4, 0x7275736E, 0x00000076, 0x00030005,
  0x000000F5, 0x00000069, 0x00030005, 0x000000FF, 0x00000067, 0x00030005, 0x00000103, 0x0000006A,
  0x00040005, 0x0000010C, 0x76727573, 0x00000000, 0x00030005, 0x00000119, 0x00000069, 0x00040005,
  0x00000128, 0x74736562, 0x00000000, 0x00030005, 0x0000012A, 0x0000006A, 0x00030005, 0x0000014A,
  0x00006974, 0x00040005, 0x00000157, 0x58444942, 0x00000000, 0x00040006, 0x00000157, 0x00000000,
  0x00786469, 0x00030005, 0x00000159, 0x00000000, 0x00040005, 0x00000166, 0x4F435342, 0x00004552,
  0x00050006, 0x00000166, 0x00000000, 0x726F6373, 0x00000065, 0x00030005, 0x00000168, 0x00000000,
  0x00030005, 0x00000183, 0x00000073, 0x00030005, 0x00000184, 0x00000069, 0x00040005, 0x00000197,
  0x766E6973, 0x00000000, 0x00030005, 0x0000019C, 0x00000069, 0x00030005, 0x000001BC, 0x00000069,
  0x00040047, 0x00000008, 0x0000000B, 0x0000001D, 0x00040047, 0x00000015, 0x0000000B, 0x0000001A,
  0x00030047, 0x0000001B, 0x00000002, 0x00050048, 0x0000001B, 0x00000000, 0x00000023, 0x00000000,
  0x00050048, 0x0000001B, 0x00000001, 0x00000023, 0x00000004, 0x00050048, 0x0000001B, 0x00000002,
  0x00000023, 0x00000008, 0x00050048, 0x0000001B, 0x00000003, 0x00000023, 0x0000000C, 0x00050048,
  0x0000001B, 0x00000004, 0x00000023, 0x00000010, 0x00050048, 0x0000001B, 0x00000005, 0x00000023,
  0x00000014, 0x00050048, 0x0000001B, 0x00000006, 0x00000023, 0x00000018, 0x00050048, 0x0000001B,
  0x00000007, 0x00000023, 0x0000001C, 0x00040047, 0x00000051, 0x00000006, 0x00000004, 0x00030047,
  0x00000052, 0x00000002, 0x00050048, 0x00000052, 0x00000000, 0x00000023, 0x00000000, 0x00040047,
  0x00000054, 0x00000021, 0x00000003, 0x00040047, 0x00000054, 0x00000022, 0x00000000, 0x00040047,
  0x0000005D, 0x00000006, 0x00000004, 0x00030047, 0x0000005E, 0x00000002, 0x00050048, 0x0000005E,
  0x00000000, 0x00000023, 0x00000000, 0x00040047, 0x00000060, 0x00000021, 0x00000000, 0x00040047,
  0x00000060, 0x00000022, 0x00000000, 0x00040047, 0x00000156, 0x00000006, 0x00000004, 0x00030047,
  0x00000157, 0x00000002, 0x00050048, 0x00000157, 0x00000000, 0x00000023, 0x00000000, 0x00040047,
  0x00000159, 0x00000021, 0x00000001, 0x00040047, 0x00000159, 0x00000022, 0x00000000, 0x00040047,
  0x00000165, 0x00000006, 0x00000004, 0x00030047, 0x00000166, 0x00000002, 0x00050048, 0x00000166,
  0x00000000, 0x00000023, 0x00000000, 0x00040047, 0x00000168, 0x00000021, 0x00000002, 0x00040047,
  0x00000168, 0x00000022, 0x00000000, 0x00040047, 0x000001D9, 0x0000000B, 0x00000019, 0x00020013,
  0x00000002, 0x00030021, 0x00000003, 0x00000002, 0x00040015, 0x00000006, 0x00000020, 0x00000000,
  0x00040020, 0x00000007, 0x00000001, 0x00000006, 0x0004003B, 0x00000007, 0x00000008, 0x00000001,
  0x0004002B, 0x00000006, 0x0000000A, 0x00000000, 0x00020014, 0x0000000B, 0x00040015, 0x00000010,
  0x00000020, 0x00000001, 0x00040020, 0x00000011, 0x00000007, 0x00000010, 0x00040017, 0x00000013,
  0x00000006, 0x00000003, 0x00040020, 0x00000014, 0x00000001, 0x00000013, 0x0004003B, 0x00000014,
  0x00000015, 0x00000001, 0x00030016, 0x0000001A, 0x00000020, 0x000A001E, 0x0000001B, 0x00000010,
  0x00000010, 0x00000010, 0x00000010, 0x00000010, 0x00000010, 0x00000010, 0x0000001A, 0x00040020,
  0x0000001C, 0x00000009, 0x0000001B, 0x0004003B, 0x0000001C, 0x0000001D, 0x00000009, 0x0004002B,
  0x00000010, 0x0000001E, 0x00000000, 0x00040020, 0x0000001F, 0x00000009, 0x00000010, 0x0004002B,
  0x00000010, 0x00000027, 0x00000001, 0x0004002B, 0x00000010, 0x0000002B, 0x00000100, 0x0004002B,
  0x00000010, 0x00000034, 0x00000003, 0x00040020, 0x00000048, 0x00000007, 0x0000001A, 0x0004002B,
  0x0000001A, 0x0000004A, 0x00000000, 0x0004002B, 0x00000010, 0x0000004B, 0x00000006, 0x0003001D,
  0x00000051, 0x0000001A, 0x0003001E, 0x00000052, 0x00000051, 0x00040020, 0x00000053, 0x0000000C,
  0x00000052, 0x0004003B, 0x00000053, 0x00000054, 0x0000000C, 0x00040020, 0x00000059, 0x0000000C,
  0x0000001A, 0x0003001D, 0x0000005D, 0x0000001A, 0x0003001E, 0x0000005E, 0x0000005D, 0x00040020,
  0x0000005F, 0x0000000C, 0x0000005E, 0x0004003B, 0x0000005F, 0x00000060, 0x0000000C, 0x0004002B,
  0x00000006, 0x00000068, 0x00000100, 0x0004001C, 0x00000069, 0x0000001A, 0x00000068, 0x00040020,
  0x0000006A, 0x00000004, 0x00000069, 0x0004003B, 0x0000006A, 0x0000006B, 0x00000004, 0x0004002B,
  0x0000001A, 0x0000006D, 0x3F800000, 0x00040020, 0x00000073, 0x00000004, 0x0000001A, 0x0004003B,
  0x0000006A, 0x00000080, 0x00000004, 0x0004001C, 0x000000B0, 0x00000010, 0x00000068, 0x00040020,
  0x000000B1, 0x00000004, 0x000000B0, 0x0004003B, 0x000000B1, 0x000000B2, 0x00000004, 0x00040020,
  0x000000B5, 0x00000004, 0x00000010, 0x0004002B, 0x00000010, 0x000000C0, 0x00000004, 0x0004003B,
  0x000000B1, 0x0000010C, 0x00000004, 0x0004002B, 0x00000010, 0x00000120, 0x00000002, 0x0003001D,
  0x00000156, 0x00000010, 0x0003001E, 0x00000157, 0x00000156, 0x00040020, 0x00000158, 0x0000000C,
  0x00000157, 0x0004003B, 0x00000158, 0x00000159, 0x0000000C, 0x00040020, 0x00000163, 0x0000000C,
  0x00000010, 0x0003001D, 0x00000165, 0x0000001A, 0x0003001E, 0x00000166, 0x00000165, 0x00040020,
  0x00000167, 0x0000000C, 0x00000166, 0x0004003B, 0x00000167, 0x00000168, 0x0000000C, 0x0004002B,
  0x00000010, 0x00000177, 0x00000005, 0x0004002B, 0x0000001A, 0x00000199, 0x1E3CE508, 0x0004002B,
  0x00000010, 0x000001B3, 0x00000007, 0x00040020, 0x000001B4, 0x00000009, 0x0000001A, 0x0004002B,
  0x00000006, 0x000001D7, 0x00000020, 0x0004002B, 0x00000006, 0x000001D8, 0x00000001, 0x0006002C,
  0x00000013, 0x000001D9, 0x000001D7, 0x000001D8, 0x000001D8, 0x00050036, 0x00000002, 0x00000004,
  0x00000000, 0x00000003, 0x000200F8, 0x00000005, 0x0004003B, 0x00000011, 0x00000012, 0x00000007,
  0x0004003B, 0x00000011, 0x00000026, 0x00000007, 0x0004003B, 0x00000011, 0x00000033, 0x00000007,
  0x0004003B, 0x00000011, 0x00000037, 0x00000007, 0x0004003B, 0x00000011, 0x0000003B, 0x00000007,
  0x0004003B, 0x00000011, 0x0000003F, 0x00000007, 0x0004003B, 0x00000048, 0x00000049, 0x00000007,
  0x0004003B, 0x00000048, 0x0000005C, 0x00000007, 0x0004003B, 0x00000011, 0x00000077, 0x00000007,
  0x0004003B, 0x00000011, 0x00000085, 0x00000007, 0x0004003B, 0x00000011, 0x0000008E, 0x00000007,
  0x0004003B, 0x00000011, 0x000000A7, 0x00000007, 0x0004003B, 0x00000011, 0x000000B9, 0x00000007,
  0x0004003B, 0x00000011, 0x000000C4, 0x00000007, 0x0004003B, 0x00000011, 0x000000C6, 0x00000007,
  0x0004003B, 0x00000011, 0x000000E6, 0x00000007, 0x0004003B, 0x00000011, 0x000000F4, 0x00000007,
  0x0004003B, 0x00000011, 0x000000F5, 0x00000007, 0x0004003B, 0x00000011, 0x000000FF, 0x00000007,
  0x0004003B, 0x00000011, 0x00000103, 0x00000007, 0x0004003B, 0x00000011, 0x00000119, 0x00000007,
  0x0004003B, 0x00000011, 0x00000128, 0x00000007, 0x0004003B, 0x00000011, 0x0000012A, 0x00000007,
  0x0004003B, 0x00000011, 0x0000014A, 0x00000007, 0x0004003B, 0x00000048, 0x00000183, 0x00000007,
  0x0004003B, 0x00000011, 0x00000184, 0x00000007, 0x0004003B, 0x00000048, 0x00000197, 0x00000007,
  0x0004003B, 0x00000011, 0x0000019C, 0x00000007, 0x0004003B, 0x00000011, 0x000001BC, 0x00000007,
  0x0004003D, 0x00000006, 0x00000009, 0x00000008, 0x000500AB, 0x0000000B, 0x0000000C, 0x00000009,
  0x0000000A, 0x000300F7, 0x0000000E, 0x00000000, 0x000400FA, 0x0000000C, 0x0000000D, 0x0000000E,
  0x000200F8, 0x0000000D, 0x000100FD, 0x000200F8, 0x0000000E, 0x00050041, 0x00000007, 0x00000016,
  0x00000015, 0x0000000A, 0x0004003D, 0x00000006, 0x00000017, 0x00000016, 0x0004007C, 0x00000010,
  0x00000018, 0x00000017, 0x0003003E, 0x00000012, 0x00000018, 0x0004003D, 0x00000010, 0x00000019,
  0x00000012, 0x00050041, 0x0000001F, 0x00000020, 0x0000001D, 0x0000001E, 0x0004003D, 0x00000010,
  0x00000021, 0x00000020, 0x000500AF, 0x0000000B, 0x00000022, 0x00000019, 0x00000021, 0x000300F7,
  0x00000024, 0x00000000, 0x000400FA, 0x00000022, 0x00000023, 0x00000024, 0x000200F8, 0x00000023,
  0x000100FD, 0x000200F8, 0x00000024, 0x00050041, 0x0000001F, 0x00000028, 0x0000001D, 0x00000027,
  0x0004003D, 0x00000010, 0x00000029, 0x00000028, 0x0003003E, 0x00000026, 0x00000029, 0x0004003D,
  0x00000010, 0x0000002A, 0x00000026, 0x000500AD, 0x0000000B, 0x0000002C, 0x0000002A, 0x0000002B,
  0x0004003D, 0x00000010, 0x0000002D, 0x00000026, 0x000500B3, 0x0000000B, 0x0000002E, 0x0000002D,
  0x0000001E, 0x000500A6, 0x0000000B, 0x0000002F, 0x0000002C, 0x0000002E, 0x000300F7, 0x00000031,
  0x00000000, 0x000400FA, 0x0000002F, 0x00000030, 0x00000031, 0x000200F8, 0x00000030, 0x000100FD,
  0x000200F8, 0x00000031, 0x00050041, 0x0000001F, 0x00000035, 0x0000001D, 0x00000034, 0x0004003D,
  0x00000010, 0x00000036, 0x00000035, 0x0003003E, 0x00000033, 0x00000036, 0x0004003D, 0x00000010,
  0x00000038, 0x00000026, 0x0004003D, 0x00000010, 0x00000039, 0x00000033, 0x00050087, 0x00000010,
  0x0000003A, 0x00000038, 0x00000039, 0x0003003E, 0x00000037, 0x0000003A, 0x0004003D, 0x00000010,
  0x0000003C, 0x00000012, 0x0004003D, 0x00000010, 0x0000003D, 0x00000026, 0x00050084, 0x00000010,
  0x0000003E, 0x0000003C, 0x0000003D, 0x0003003E, 0x0000003B, 0x0000003E, 0x0003003E, 0x0000003F,
  0x0000001E, 0x000200F9, 0x00000040, 0x000200F8, 0x00000040, 0x000400F6, 0x00000042, 0x00000043,
  0x00000000, 0x000200F9, 0x00000044, 0x000200F8, 0x00000044, 0x0004003D, 0x00000010, 0x00000045,
  0x0000003F, 0x0004003D, 0x00000010, 0x00000046, 0x00000026, 0x000500B1, 0x0000000B, 0x00000047,
  0x00000045, 0x00000046, 0x000400FA, 0x00000047, 0x00000041, 0x00000042, 0x000200F8, 0x00000041,
  0x0003003E, 0x00000049, 0x0000004A, 0x00050041, 0x0000001F, 0x0000004C, 0x0000001D, 0x0000004B,
  0x0004003D, 0x00000010, 0x0000004D, 0x0000004C, 0x000500AF, 0x0000000B, 0x0000004E, 0x0000004D,
  0x0000001E, 0x000300F7, 0x00000050, 0x00000000, 0x000400FA, 0x0000004E, 0x0000004F, 0x00000050,
  0x000200F8, 0x0000004F, 0x00050041, 0x0000001F, 0x00000055, 0x0000001D, 0x0000004B, 0x0004003D,
  0x00000010, 0x00000056, 0x00000055, 0x0004003D, 0x00000010, 0x00000057, 0x0000003F, 0x00050080,
  0x00000010, 0x00000058, 0x00000056, 0x00000057, 0x00060041, 0x00000059, 0x0000005A, 0x00000054,
  0x0000001E, 0x00000058, 0x0004003D, 0x0000001A, 0x0000005B, 0x0000005A, 0x0003003E, 0x00000049,
  0x0000005B, 0x000200F9, 0x00000050, 0x000200F8, 0x00000050, 0x0004003D, 0x00000010, 0x00000061,
  0x0000003B, 0x0004003D, 0x00000010, 0x00000062, 0x0000003F, 0x00050080, 0x00000010, 0x00000063,
  0x00000061, 0x00000062, 0x00060041, 0x00000059, 0x00000064, 0x00000060, 0x0000001E, 0x00000063,
  0x0004003D, 0x0000001A, 0x00000065, 0x00000064, 0x0004003D, 0x0000001A, 0x00000066, 0x00000049,
  0x00050081, 0x0000001A, 0x00000067, 0x00000065, 0x00000066, 0x0003003E, 0x0000005C, 0x00000067,
  0x0004003D, 0x00000010, 0x0000006C, 0x0000003F, 0x0004003D, 0x0000001A, 0x0000006E, 0x0000005C,
  0x0004007F, 0x0000001A, 0x0000006F, 0x0000006E, 0x0006000C, 0x0000001A, 0x00000070, 0x00000001,
  0x0000001B, 0x0000006F, 0x00050081, 0x0000001A, 0x00000071, 0x0000006D, 0x00000070, 0x00050088,
  0x0000001A, 0x00000072, 0x0000006D, 0x00000071, 0x00050041, 0x00000073, 0x00000074, 0x0000006B,
  0x0000006C, 0x0003003E, 0x00000074, 0x00000072, 0x000200F9, 0x00000043, 0x000200F8, 0x00000043,
  0x0004003D, 0x00000010, 0x00000075, 0x0000003F, 0x00050080, 0x00000010, 0x00000076, 0x00000075,
  0x00000027, 0x0003003E, 0x0000003F, 0x00000076, 0x000200F9, 0x00000040, 0x000200F8, 0x00000042,
  0x0003003E, 0x00000077, 0x0000001E, 0x000200F9, 0x00000078, 0x000200F8, 0x00000078, 0x000400F6,
  0x0000007A, 0x0000007B, 0x00000000, 0x000200F9, 0x0000007C, 0x000200F8, 0x0000007C, 0x0004003D,
  0x00000010, 0x0000007D, 0x00000077, 0x0004003D, 0x00000010, 0x0000007E, 0x00000033, 0x000500B1,
  0x0000000B, 0x0000007F, 0x0000007D, 0x0000007E, 0x000400FA, 0x0000007F, 0x00000079, 0x0000007A,
  0x000200F8, 0x00000079, 0x0004003D, 0x00000010, 0x00000081, 0x00000077, 0x00050041, 0x00000073,
  0x00000082, 0x00000080, 0x00000081, 0x0003003E, 0x00000082, 0x0000004A, 0x000200F9, 0x0000007B,
  0x000200F8, 0x0000007B, 0x0004003D, 0x00000010, 0x00000083, 0x00000077, 0x00050080, 0x00000010,
  0x00000084, 0x00000083, 0x00000027, 0x0003003E, 0x00000077, 0x00000084, 0x000200F9, 0x00000078,
  0x000200F8, 0x0000007A, 0x0003003E, 0x00000085, 0x0000001E, 0x000200F9, 0x00000086, 0x000200F8,
  0x00000086, 0x000400F6, 0x00000088, 0x00000089, 0x00000000, 0x000200F9, 0x0000008A, 0x000200F8,
  0x0000008A, 0x0004003D, 0x00000010, 0x0000008B, 0x00000085, 0x0004003D, 0x00000010, 0x0000008C,
  0x00000033, 0x000500B1, 0x0000000B, 0x0000008D, 0x0000008B, 0x0000008C, 0x000400FA, 0x0000008D,
  0x00000087, 0x00000088, 0x000200F8, 0x00000087, 0x0003003E, 0x0000008E, 0x0000001E, 0x000200F9,
  0x0000008F, 0x000200F8, 0x0000008F, 0x000400F6, 0x00000091, 0x00000092, 0x00000000, 0x000200F9,
  0x00000093, 0x000200F8, 0x00000093, 0x0004003D, 0x00000010, 0x00000094, 0x0000008E, 0x0004003D,
  0x00000010, 0x00000095, 0x00000037, 0x000500B1, 0x0000000B, 0x00000096, 0x00000094, 0x00000095,
  0x000400FA, 0x00000096, 0x00000090, 0x00000091, 0x000200F8, 0x00000090, 0x0004003D, 0x00000010,
  0x00000097, 0x00000085, 0x0004003D, 0x00000010, 0x00000098, 0x00000085, 0x0004003D, 0x00000010,
  0x00000099, 0x00000037, 0x00050084, 0x00000010, 0x0000009A, 0x00000098, 0x00000099, 0x0004003D,
  0x00000010, 0x0000009B, 0x0000008E, 0x00050080, 0x00000010, 0x0000009C, 0x0000009A, 0x0000009B,
  0x00050041, 0x00000073, 0x0000009D, 0x0000006B, 0x0000009C, 0x0004003D, 0x0000001A, 0x0000009E,
  0x0000009D, 0x00050041, 0x00000073, 0x0000009F, 0x00000080, 0x00000097, 0x0004003D, 0x0000001A,
  0x000000A0, 0x0000009F, 0x00050081, 0x0000001A, 0x000000A1, 0x000000A0, 0x0000009E, 0x00050041,
  0x00000073, 0x000000A2, 0x00000080, 0x00000097, 0x0003003E, 0x000000A2, 0x000000A1, 0x000200F9,
  0x00000092, 0x000200F8, 0x00000092, 0x0004003D, 0x00000010, 0x000000A3, 0x0000008E, 0x00050080,
  0x00000010, 0x000000A4, 0x000000A3, 0x00000027, 0x0003003E, 0x0000008E, 0x000000A4, 0x000200F9,
  0x0000008F, 0x000200F8, 0x00000091, 0x000200F9, 0x00000089, 0x000200F8, 0x00000089, 0x0004003D,
  0x00000010, 0x000000A5, 0x00000085, 0x00050080, 0x00000010, 0x000000A6, 0x000000A5, 0x00000027,
  0x0003003E, 0x00000085, 0x000000A6, 0x000200F9, 0x00000086, 0x000200F8, 0x00000088, 0x0003003E,
  0x000000A7, 0x0000001E, 0x000200F9, 0x000000A8, 0x000200F8, 0x000000A8, 0x000400F6, 0x000000AA,
  0x000000AB, 0x00000000, 0x000200F9, 0x000000AC, 0x000200F8, 0x000000AC, 0x0004003D, 0x00000010,
  0x000000AD, 0x000000A7, 0x0004003D, 0x00000010, 0x000000AE, 0x00000033, 0x000500B1, 0x0000000B,
  0x000000AF, 0x000000AD, 0x000000AE, 0x000400FA, 0x000000AF, 0x000000A9, 0x000000AA, 0x000200F8,
  0x000000A9, 0x0004003D, 0x00000010, 0x000000B3, 0x000000A7, 0x0004003D, 0x00000010, 0x000000B4,
  0x000000A7, 0x00050041, 0x000000B5, 0x000000B6, 0x000000B2, 0x000000B3, 0x0003003E, 0x000000B6,
  0x000000B4, 0x000200F9, 0x000000AB, 0x000200F8, 0x000000AB, 0x0004003D, 0x00000010, 0x000000B7,
  0x000000A7, 0x00050080, 0x00000010, 0x000000B8, 0x000000B7, 0x00000027, 0x0003003E, 0x000000A7,
  0x000000B8, 0x000200F9, 0x000000A8, 0x000200F8, 0x000000AA, 0x0003003E, 0x000000B9, 0x0000001E,
  0x000200F9, 0x000000BA, 0x000200F8, 0x000000BA, 0x000400F6, 0x000000BC, 0x000000BD, 0x00000000,
  0x000200F9, 0x000000BE, 0x000200F8, 0x000000BE, 0x0004003D, 0x00000010, 0x000000BF, 0x000000B9,
  0x00050041, 0x0000001F, 0x000000C1, 0x0000001D, 0x000000C0, 0x0004003D, 0x00000010, 0x000000C2,
  0x000000C1, 0x000500B1, 0x0000000B, 0x000000C3, 0x000000BF, 0x000000C2, 0x000400FA, 0x000000C3,
  0x000000BB, 0x000000BC, 0x000200F8, 0x000000BB, 0x0004003D, 0x00000010, 0x000000C5, 0x000000B9,
  0x0003003E, 0x000000C4, 0x000000C5, 0x0004003D, 0x00000010, 0x000000C7, 0x000000B9, 0x00050080,
  0x00000010, 0x000000C8, 0x000000C7, 0x00000027, 0x0003003E, 0x000000C6, 0x000000C8, 0x000200F9,
  0x000000C9, 0x000200F8, 0x000000C9, 0x000400F6, 0x000000CB, 0x000000CC, 0x00000000, 0x000200F9,
  0x000000CD, 0x000200F8, 0x000000CD, 0x0004003D, 0x00000010, 0x000000CE, 0x000000C6, 0x0004003D,
  0x00000010, 0x000000CF, 0x00000033, 0x000500B1, 0x0000000B, 0x000000D0, 0x000000CE, 0x000000CF,
  0x000400FA, 0x000000D0, 0x000000CA, 0x000000CB, 0x000200F8, 0x000000CA, 0x0004003D, 0x00000010,
  0x000000D1, 0x000000C6, 0x00050041, 0x000000B5, 0x000000D2, 0x000000B2, 0x000000D1, 0x0004003D,
  0x00000010, 0x000000D3, 0x000000D2, 0x00050041, 0x00000073, 0x000000D4, 0x00000080, 0x000000D3,
  0x0004003D, 0x0000001A, 0x000000D5, 0x000000D4, 0x0004003D, 0x00000010, 0x000000D6, 0x000000C4,
  0x00050041, 0x000000B5, 0x000000D7, 0x000000B2, 0x000000D6, 0x0004003D, 0x00000010, 0x000000D8,
  0x000000D7, 0x00050041, 0x00000073, 0x000000D9, 0x00000080, 0x000000D8, 0x0004003D, 0x0000001A,
  0x000000DA, 0x000000D9, 0x000500BA, 0x0000000B, 0x000000DB, 0x000000D5, 0x000000DA, 0x000300F7,
  0x000000DD, 0x00000000, 0x000400FA, 0x000000DB, 0x000000DC, 0x000000DD, 0x000200F8, 0x000000DC,
  0x0004003D, 0x00000010, 0x000000DE, 0x000000C6, 0x0003003E, 0x000000C4, 0x000000DE, 0x000200F9,
  0x000000DD, 0x000200F8, 0x000000DD, 0x000200F9, 0x000000CC, 0x000200F8, 0x000000CC, 0x0004003D,
  0x00000010, 0x000000DF, 0x000000C6, 0x00050080, 0x00000010, 0x000000E0, 0x000000DF, 0x00000027,
  0x0003003E, 0x000000C6, 0x000000E0, 0x000200F9, 0x000000C9, 0x000200F8, 0x000000CB, 0x0004003D,
  0x00000010, 0x000000E1, 0x000000C4, 0x0004003D, 0x00000010, 0x000000E2, 0x000000B9, 0x000500AB,
  0x0000000B, 0x000000E3, 0x000000E1, 0x000000E2, 0x000300F7, 0x000000E5, 0x00000000, 0x000400FA,
  0x000000E3, 0x000000E4, 0x000000E5, 0x000200F8, 0x000000E4, 0x0004003D, 0x00000010, 0x000000E7,
  0x000000B9, 0x00050041, 0x000000B5, 0x000000E8, 0x000000B2, 0x000000E7, 0x0004003D, 0x00000010,
  0x000000E9, 0x000000E8, 0x0003003E, 0x000000E6, 0x000000E9, 0x0004003D, 0x00000010, 0x000000EA,
  0x000000B9, 0x0004003D, 0x00000010, 0x000000EB, 0x000000C4, 0x00050041, 0x000000B5, 0x000000EC,
  0x000000B2, 0x000000EB, 0x0004003D, 0x00000010, 0x000000ED, 0x000000EC, 0x00050041, 0x000000B5,
  0x000000EE, 0x000000B2, 0x000000EA, 0x0003003E, 0x000000EE, 0x000000ED, 0x0004003D, 0x00000010,
  0x000000EF, 0x000000C4, 0x0004003D, 0x00000010, 0x000000F0, 0x000000E6, 0x00050041, 0x000000B5,
  0x000000F1, 0x000000B2, 0x000000EF, 0x0003003E, 0x000000F1, 0x000000F0, 0x000200F9, 0x000000E5,
  0x000200F8, 0x000000E5, 0x000200F9, 0x000000BD, 0x000200F8, 0x000000BD, 0x0004003D, 0x00000010,
  0x000000F2, 0x000000B9, 0x00050080, 0x00000010, 0x000000F3, 0x000000F2, 0x00000027, 0x0003003E,
  0x000000B9, 0x000000F3, 0x000200F9, 0x000000BA, 0x000200F8, 0x000000BC, 0x0003003E, 0x000000F4,
  0x0000001E, 0x0003003E, 0x000000F5, 0x0000001E, 0x000200F9, 0x000000F6, 0x000200F8, 0x000000F6,
  0x000400F6, 0x000000F8, 0x000000F9, 0x00000000, 0x000200F9, 0x000000FA, 0x000200F8, 0x000000FA,
  0x0004003D, 0x00000010, 0x000000FB, 0x000000F5, 0x00050041, 0x0000001F, 0x000000FC, 0x0000001D,
  0x000000C0, 0x0004003D, 0x00000010, 0x000000FD, 0x000000FC, 0x000500B1, 0x0000000B, 0x000000FE,
  0x000000FB, 0x000000FD, 0x000400FA, 0x000000FE, 0x000000F7, 0x000000F8, 0x000200F8, 0x000000F7,
  0x0004003D, 0x00000010, 0x00000100, 0x000000F5, 0x00050041, 0x000000B5, 0x00000101, 0x000000B2,
  0x00000100, 0x0004003D, 0x00000010, 0x00000102, 0x00000101, 0x0003003E, 0x000000FF, 0x00000102,
  0x0003003E, 0x00000103, 0x0000001E, 0x000200F9, 0x00000104, 0x000200F8, 0x00000104, 0x000400F6,
  0x00000106, 0x00000107, 0x00000000, 0x000200F9, 0x00000108, 0x000200F8, 0x00000108, 0x0004003D,
  0x00000010, 0x00000109, 0x00000103, 0x0004003D, 0x00000010, 0x0000010A, 0x00000037, 0x000500B1,
  0x0000000B, 0x0000010B, 0x00000109, 0x0000010A, 0x000400FA, 0x0000010B, 0x00000105, 0x00000106,
  0x000200F8, 0x00000105, 0x0004003D, 0x00000010, 0x0000010D, 0x000000F4, 0x00050080, 0x00000010,
  0x0000010E, 0x0000010D, 0x00000027, 0x0003003E, 0x000000F4, 0x0000010E, 0x0004003D, 0x00000010,
  0x0000010F, 0x000000FF, 0x0004003D, 0x00000010, 0x00000110, 0x00000037, 0x00050084, 0x00000010,
  0x00000111, 0x0000010F, 0x00000110, 0x0004003D, 0x00000010, 0x00000112, 0x00000103, 0x00050080,
  0x00000010, 0x00000113, 0x00000111, 0x00000112, 0x00050041, 0x000000B5, 0x00000114, 0x0000010C,
  0x0000010D, 0x0003003E, 0x00000114, 0x00000113, 0x000200F9, 0x00000107, 0x000200F8, 0x00000107,
  0x0004003D, 0x00000010, 0x00000115, 0x00000103, 0x00050080, 0x00000010, 0x00000116, 0x00000115,
  0x00000027, 0x0003003E, 0x00000103, 0x00000116, 0x000200F9, 0x00000104, 0x000200F8, 0x00000106,
  0x000200F9, 0x000000F9, 0x000200F8, 0x000000F9, 0x0004003D, 0x00000010, 0x00000117, 0x000000F5,
  0x00050080, 0x00000010, 0x00000118, 0x00000117, 0x00000027, 0x0003003E, 0x000000F5, 0x00000118,
  0x000200F9, 0x000000F6, 0x000200F8, 0x000000F8, 0x0003003E, 0x00000119, 0x0000001E, 0x000200F9,
  0x0000011A, 0x000200F8, 0x0000011A, 0x000400F6, 0x0000011C, 0x0000011D, 0x00000000, 0x000200F9,
  0x0000011E, 0x000200F8, 0x0000011E, 0x0004003D, 0x00000010, 0x0000011F, 0x00000119, 0x00050041,
  0x0000001F, 0x00000121, 0x0000001D, 0x00000120, 0x0004003D, 0x00000010, 0x00000122, 0x00000121,
  0x000500B1, 0x0000000B, 0x00000123, 0x0000011F, 0x00000122, 0x0004003D, 0x00000010, 0x00000124,
  0x00000119, 0x0004003D, 0x00000010, 0x00000125, 0x000000F4, 0x000500B1, 0x0000000B, 0x00000126,
  0x00000124, 0x00000125, 0x000500A7, 0x0000000B, 0x00000127, 0x00000123, 0x00000126, 0x000400FA,
  0x00000127, 0x0000011B, 0x0000011C, 0x000200F8, 0x0000011B, 0x0004003D, 0x00000010, 0x00000129,
  0x00000119, 0x0003003E, 0x00000128, 0x00000129, 0x0004003D, 0x00000010, 0x0000012B, 0x00000119,
  0x00050080, 0x00000010, 0x0000012C, 0x0000012B, 0x00000027, 0x0003003E, 0x0000012A, 0x0000012C,
  0x000200F9, 0x0000012D, 0x000200F8, 0x0000012D, 0x000400F6, 0x0000012F, 0x00000130, 0x00000000,
  0x000200F9, 0x00000131, 0x000200F8, 0x00000131, 0x0004003D, 0x00000010, 0x00000132, 0x0000012A,
  0x0004003D, 0x00000010, 0x00000133, 0x000000F4, 0x000500B1, 0x0000000B, 0x00000134, 0x00000132,
  0x00000133, 0x000400FA, 0x00000134, 0x0000012E, 0x0000012F, 0x000200F8, 0x0000012E, 0x0004003D,
  0x00000010, 0x00000135, 0x0000012A, 0x00050041, 0x000000B5, 0x00000136, 0x0000010C, 0x00000135,
  0x0004003D, 0x00000010, 0x00000137, 0x00000136, 0x00050041, 0x00000073, 0x00000138, 0x0000006B,
  0x00000137, 0x0004003D, 0x0000001A, 0x00000139, 0x00000138, 0x0004003D, 0x00000010, 0x0000013A,
  0x00000128, 0x00050041, 0x000000B5, 0x0000013B, 0x0000010C, 0x0000013A, 0x0004003D, 0x00000010,
  0x0000013C, 0x0000013B, 0x00050041, 0x00000073, 0x0000013D, 0x0000006B, 0x0000013C, 0x0004003D,
  0x0000001A, 0x0000013E, 0x0000013D, 0x000500BA, 0x0000000B, 0x0000013F, 0x00000139, 0x0000013E,
  0x000300F7, 0x00000141, 0x00000000, 0x000400FA, 0x0000013F, 0x00000140, 0x00000141, 0x000200F8,
  0x00000140, 0x0004003D, 0x00000010, 0x00000142, 0x0000012A, 0x0003003E, 0x00000128, 0x00000142,
  0x000200F9, 0x00000141, 0x000200F8, 0x00000141, 0x000200F9, 0x00000130, 0x000200F8, 0x00000130,
  0x0004003D, 0x00000010, 0x00000143, 0x0000012A, 0x00050080, 0x00000010, 0x00000144, 0x00000143,
  0x00000027, 0x0003003E, 0x0000012A, 0x00000144, 0x000200F9, 0x0000012D, 0x000200F8, 0x0000012F,
  0x0004003D, 0x00000010, 0x00000145, 0x00000128, 0x0004003D, 0x00000010, 0x00000146, 0x00000119,
  0x000500AB, 0x0000000B, 0x00000147, 0x00000145, 0x00000146, 0x000300F7, 0x00000149, 0x00000000,
  0x000400FA, 0x00000147, 0x00000148, 0x00000149, 0x000200F8, 0x00000148, 0x0004003D, 0x00000010,
  0x0000014B, 0x00000119, 0x00050041, 0x000000B5, 0x0000014C, 0x0000010C, 0x0000014B, 0x0004003D,
  0x00000010, 0x0000014D, 0x0000014C, 0x0003003E, 0x0000014A, 0x0000014D, 0x0004003D, 0x00000010,
  0x0000014E, 0x00000119, 0x0004003D, 0x00000010, 0x0000014F, 0x00000128, 0x00050041, 0x000000B5,
  0x00000150, 0x0000010C, 0x0000014F, 0x0004003D, 0x00000010, 0x00000151, 0x00000150, 0x00050041,
  0x000000B5, 0x00000152, 0x0000010C, 0x0000014E, 0x0003003E, 0x00000152, 0x00000151, 0x0004003D,
  0x00000010, 0x00000153, 0x00000128, 0x0004003D, 0x00000010, 0x00000154, 0x0000014A, 0x00050041,
  0x000000B5, 0x00000155, 0x0000010C, 0x00000153, 0x0003003E, 0x00000155, 0x00000154, 0x000200F9,
  0x00000149, 0x000200F8, 0x00000149, 0x0004003D, 0x00000010, 0x0000015A, 0x00000012, 0x00050041,
  0x0000001F, 0x0000015B, 0x0000001D, 0x00000120, 0x0004003D, 0x00000010, 0x0000015C, 0x0000015B,
  0x00050084, 0x00000010, 0x0000015D, 0x0000015A, 0x0000015C, 0x0004003D, 0x00000010, 0x0000015E,
  0x00000119, 0x00050080, 0x00000010, 0x0000015F, 0x0000015D, 0x0000015E, 0x0004003D, 0x00000010,
  0x00000160, 0x00000119, 0x00050041, 0x000000B5, 0x00000161, 0x0000010C, 0x00000160, 0x0004003D,
  0x00000010, 0x00000162, 0x00000161, 0x00060041, 0x00000163, 0x00000164, 0x00000159, 0x0000001E,
  0x0000015F, 0x0003003E, 0x00000164, 0x00000162, 0x0004003D, 0x00000010, 0x00000169, 0x00000012,
  0x00050041, 0x0000001F, 0x0000016A, 0x0000001D, 0x00000120, 0x0004003D, 0x00000010, 0x0000016B,
  0x0000016A, 0x00050084, 0x00000010, 0x0000016C, 0x00000169, 0x0000016B, 0x0004003D, 0x00000010,
  0x0000016D, 0x00000119, 0x00050080, 0x00000010, 0x0000016E, 0x0000016C, 0x0000016D, 0x0004003D,
  0x00000010, 0x0000016F, 0x00000119, 0x00050041, 0x000000B5, 0x00000170, 0x0000010C, 0x0000016F,
  0x0004003D, 0x00000010, 0x00000171, 0x00000170, 0x00050041, 0x00000073, 0x00000172, 0x0000006B,
  0x00000171, 0x0004003D, 0x0000001A, 0x00000173, 0x00000172, 0x00060041, 0x00000059, 0x00000174,
  0x00000168, 0x0000001E, 0x0000016E, 0x0003003E, 0x00000174, 0x00000173, 0x000200F9, 0x0000011D,
  0x000200F8, 0x0000011D, 0x0004003D, 0x00000010, 0x00000175, 0x00000119, 0x00050080, 0x00000010,
  0x00000176, 0x00000175, 0x00000027, 0x0003003E, 0x00000119, 0x00000176, 0x000200F9, 0x0000011A,
  0x000200F8, 0x0000011C, 0x00050041, 0x0000001F, 0x00000178, 0x0000001D, 0x00000177, 0x0004003D,
  0x00000010, 0x00000179, 0x00000178, 0x000500AB, 0x0000000B, 0x0000017A, 0x00000179, 0x0000001E,
  0x000300F7, 0x0000017C, 0x00000000, 0x000400FA, 0x0000017A, 0x0000017B, 0x0000017C, 0x000200F8,
  0x0000017B, 0x00050041, 0x0000001F, 0x0000017D, 0x0000001D, 0x00000120, 0x0004003D, 0x00000010,
  0x0000017E, 0x0000017D, 0x000500AD, 0x0000000B, 0x0000017F, 0x0000017E, 0x0000001E, 0x000200F9,
  0x0000017C, 0x000200F8, 0x0000017C, 0x000700F5, 0x0000000B, 0x00000180, 0x0000017A, 0x0000011C,
  0x0000017F, 0x0000017B, 0x000300F7, 0x00000182, 0x00000000, 0x000400FA, 0x00000180, 0x00000181,
  0x000001BB, 0x000200F8, 0x00000181, 0x0003003E, 0x00000183, 0x0000004A, 0x0003003E, 0x00000184,
  0x0000001E, 0x000200F9, 0x00000185, 0x000200F8, 0x00000185, 0x000400F6, 0x00000187, 0x00000188,
  0x00000000, 0x000200F9, 0x00000189, 0x000200F8, 0x00000189, 0x0004003D, 0x00000010, 0x0000018A,
  0x00000184, 0x00050041, 0x0000001F, 0x0000018B, 0x0000001D, 0x00000120, 0x0004003D, 0x00000010,
  0x0000018C, 0x0000018B, 0x000500B1, 0x0000000B, 0x0000018D, 0x0000018A, 0x0000018C, 0x000400FA,
  0x0000018D, 0x00000186, 0x00000187, 0x000200F8, 0x00000186, 0x0004003D, 0x00000010, 0x0000018E,
  0x00000184, 0x00050041, 0x000000B5, 0x0000018F, 0x0000010C, 0x0000018E, 0x0004003D, 0x00000010,
  0x00000190, 0x0000018F, 0x00050041, 0x00000073, 0x00000191, 0x0000006B, 0x00000190, 0x0004003D,
  0x0000001A, 0x00000192, 0x00000191, 0x0004003D, 0x0000001A, 0x00000193, 0x00000183, 0x00050081,
  0x0000001A, 0x00000194, 0x00000193, 0x00000192, 0x0003003E, 0x00000183, 0x00000194, 0x000200F9,
  0x00000188, 0x000200F8, 0x00000188, 0x0004003D, 0x00000010, 0x00000195, 0x00000184, 0x00050080,
  0x00000010, 0x00000196, 0x00000195, 0x00000027, 0x0003003E, 0x00000184, 0x00000196, 0x000200F9,
  0x00000185, 0x000200F8, 0x00000187, 0x0004003D, 0x0000001A, 0x00000198, 0x00000183, 0x00050081,
  0x0000001A, 0x0000019A, 0x00000198, 0x00000199, 0x00050088, 0x0000001A, 0x0000019B, 0x0000006D,
  0x0000019A, 0x0003003E, 0x00000197, 0x0000019B, 0x0003003E, 0x0000019C, 0x0000001E, 0x000200F9,
  0x0000019D, 0x000200F8, 0x0000019D, 0x000400F6, 0x0000019F, 0x000001A0, 0x00000000, 0x000200F9,
  0x000001A1, 0x000200F8, 0x000001A1, 0x0004003D, 0x00000010, 0x000001A2, 0x0000019C, 0x00050041,
  0x0000001F, 0x000001A3, 0x0000001D, 0x00000120, 0x0004003D, 0x00000010, 0x000001A4, 0x000001A3,
  0x000500B1, 0x0000000B, 0x000001A5, 0x000001A2, 0x000001A4, 0x000400FA, 0x000001A5, 0x0000019E,
  0x0000019F, 0x000200F8, 0x0000019E, 0x0004003D, 0x00000010, 0x000001A6, 0x00000012, 0x00050041,
  0x0000001F, 0x000001A7, 0x0000001D, 0x00000120, 0x0004003D, 0x00000010, 0x000001A8, 0x000001A7,
  0x00050084, 0x00000010, 0x000001A9, 0x000001A6, 0x000001A8, 0x0004003D, 0x00000010, 0x000001AA,
  0x0000019C, 0x00050080, 0x00000010, 0x000001AB, 0x000001A9, 0x000001AA, 0x0004003D, 0x00000010,
  0x000001AC, 0x0000019C, 0x00050041, 0x000000B5, 0x000001AD, 0x0000010C, 0x000001AC, 0x0004003D,
  0x00000010, 0x000001AE, 0x000001AD, 0x00050041, 0x00000073, 0x000001AF, 0x0000006B, 0x000001AE,
  0x0004003D, 0x0000001A, 0x000001B0, 0x000001AF, 0x0004003D, 0x0000001A, 0x000001B1, 0x00000197,
  0x00050085, 0x0000001A, 0x000001B2, 0x000001B0, 0x000001B1, 0x00050041, 0x000001B4, 0x000001B5,
  0x0000001D, 0x000001B3, 0x0004003D, 0x0000001A, 0x000001B6, 0x000001B5, 0x00050085, 0x0000001A,
  0x000001B7, 0x000001B2, 0x000001B6, 0x00060041, 0x00000059, 0x000001B8, 0x00000168, 0x0000001E,
  0x000001AB, 0x0003003E, 0x000001B8, 0x000001B7, 0x000200F9, 0x000001A0, 0x000200F8, 0x000001A0,
  0x0004003D, 0x00000010, 0x000001B9, 0x0000019C, 0x00050080, 0x00000010, 0x000001BA, 0x000001B9,
  0x00000027, 0x0003003E, 0x0000019C, 0x000001BA, 0x000200F9, 0x0000019D, 0x000200F8, 0x0000019F,
  0x000200F9, 0x00000182, 0x000200F8, 0x000001BB, 0x0003003E, 0x000001BC, 0x0000001E, 0x000200F9,
  0x000001BD, 0x000200F8, 0x000001BD, 0x000400F6, 0x000001BF, 0x000001C0, 0x00000000, 0x000200F9,
  0x000001C1, 0x000200F8, 0x000001C1, 0x0004003D, 0x00000010, 0x000001C2, 0x000001BC, 0x00050041,
  0x0000001F, 0x000001C3, 0x0000001D, 0x00000120, 0x0004003D, 0x00000010, 0x000001C4, 0x000001C3,
  0x000500B1, 0x0000000B, 0x000001C5, 0x000001C2, 0x000001C4, 0x000400FA, 0x000001C5, 0x000001BE,
  0x000001BF, 0x000200F8, 0x000001BE, 0x0004003D, 0x00000010, 0x000001C6, 0x00000012, 0x00050041,
  0x0000001F, 0x000001C7, 0x0000001D, 0x00000120, 0x0004003D, 0x00000010, 0x000001C8, 0x000001C7,
  0x00050084, 0x00000010, 0x000001C9, 0x000001C6, 0x000001C8, 0x0004003D, 0x00000010, 0x000001CA,
  0x000001BC, 0x00050080, 0x00000010, 0x000001CB, 0x000001C9, 0x000001CA, 0x0004003D, 0x00000010,
  0x000001CC, 0x000001BC, 0x00050041, 0x000000B5, 0x000001CD, 0x0000010C, 0x000001CC, 0x0004003D,
  0x00000010, 0x000001CE, 0x000001CD, 0x00050041, 0x00000073, 0x000001CF, 0x0000006B, 0x000001CE,
  0x0004003D, 0x0000001A, 0x000001D0, 0x000001CF, 0x00050041, 0x000001B4, 0x000001D1, 0x0000001D,
  0x000001B3, 0x0004003D, 0x0000001A, 0x000001D2, 0x000001D1, 0x00050085, 0x0000001A, 0x000001D3,
  0x000001D0, 0x000001D2, 0x00060041, 0x00000059, 0x000001D4, 0x00000168, 0x0000001E, 0x000001CB,
  0x0003003E, 0x000001D4, 0x000001D3, 0x000200F9, 0x000001C0, 0x000200F8, 0x000001C0, 0x0004003D,
  0x00000010, 0x000001D5, 0x000001BC, 0x00050080, 0x00000010, 0x000001D6, 0x000001D5, 0x00000027,
  0x0003003E, 0x000001BC, 0x000001D6, 0x000200F9, 0x000001BD, 0x000200F8, 0x000001BF, 0x000200F9,
  0x00000182, 0x000200F8, 0x00000182, 0x000100FD, 0x00010038,
};
static const unsigned int paged_attention_spv[] = {
  0x07230203, 0x00010500, 0x0008000B, 0x000002A0, 0x00000000, 0x00020011, 0x00000001, 0x0006000B,
  0x00000001, 0x4C534C47, 0x6474732E, 0x3035342E, 0x00000000, 0x0003000E, 0x00000000, 0x00000001,
  0x0012000F, 0x00000005, 0x00000004, 0x6E69616D, 0x00000000, 0x00000014, 0x00000033, 0x00000053,
  0x00000059, 0x00000063, 0x00000086, 0x0000008B, 0x000000B5, 0x000000CE, 0x0000011C, 0x0000014B,
  0x00000209, 0x00000211, 0x00060010, 0x00000004, 0x00000011, 0x00000040, 0x00000001, 0x00000001,
  0x00030003, 0x00000002, 0x000001C2, 0x00080004, 0x455F4C47, 0x735F5458, 0x616C6163, 0x6C625F72,
  0x5F6B636F, 0x6F79616C, 0x00007475, 0x000B0004, 0x455F4C47, 0x735F5458, 0x65646168, 0x78655F72,
  0x63696C70, 0x615F7469, 0x68746972, 0x6974656D, 0x79745F63, 0x00736570, 0x00040005, 0x00000004,
  0x6E69616D, 0x00000000, 0x00070005, 0x0000000E, 0x705F766B, 0x75287274, 0x31693B31, 0x3B31693B,
  0x00000000, 0x00050005, 0x0000000B, 0x636F6C62, 0x64695F6B, 0x00000078, 0x00040005, 0x0000000C,
  0x7366666F, 0x00007465, 0x00040005, 0x0000000D, 0x685F766B, 0x00646165, 0x00030005, 0x00000012,
  0x00004350, 0x00050006, 0x00000012, 0x00000000, 0x656B6F74, 0x0000736E, 0x00050006, 0x00000012,
  0x00000001, 0x65685F71, 0x00736461, 0x00060006, 0x00000012, 0x00000002, 0x685F766B, 0x73646165,
  0x00000000, 0x00060006, 0x00000012, 0x00000003, 0x64616568, 0x6D69645F, 0x00000000, 0x00060006,
  0x00000012, 0x00000004, 0x636F6C62, 0x69735F6B, 0x0000657A, 0x00060006, 0x00000012, 0x00000005,
  0x5F78616D, 0x636F6C62, 0x0000736B, 0x00050006, 0x00000012, 0x00000006, 0x6C616373, 0x00000065,
  0x00060006, 0x00000012, 0x00000007, 0x735F7773, 0x74726174, 0x00000000, 0x00070006, 0x00000012,
  0x00000008, 0x6E747461, 0x666F735F, 0x70616374, 0x00000000, 0x00050006, 0x00000012, 0x00000009,
  0x666F5F71, 0x00000066, 0x00030005, 0x00000014, 0x00006370, 0x00060005, 0x00000033, 0x575F6C67,
  0x476B726F, 0x70756F72, 0x00004449, 0x00040005, 0x0000004C, 0x656B6F74, 0x0000006E, 0x00040005,
  0x0000004F, 0x64616568, 0x00000000, 0x00030005, 0x00000052, 0x00000074, 0x00080005, 0x00000053,
  0x4C5F6C67, 0x6C61636F, 0x6F766E49, 0x69746163, 0x6E496E6F, 0x00786564, 0x00030005, 0x00000055,
  0x00716573, 0x00040005, 0x00000057, 0x45535142, 0x00000051, 0x00060006, 0x00000057, 0x00000000,
  0x72657571, 0x65735F79, 0x00000071, 0x00030005, 0x00000059, 0x00000000, 0x00040005, 0x0000005F,
  0x5F79656B, 0x006E656C, 0x00040005, 0x00000061, 0x4C4B5142, 0x00000000, 0x00070006, 0x00000061,
  0x00000000, 0x72657571, 0x656B5F79, 0x656C5F79, 0x0000006E, 0x00030005, 0x00000063, 0x00000000,
  0x00040005, 0x00000068, 0x685F766B, 0x00646165, 0x00050005, 0x00000071, 0x74735F71, 0x65646972,
  0x00000000, 0x00030005, 0x00000077, 0x00000064, 0x00040005, 0x00000086, 0x68735F71, 0x00000000,
  0x00030005, 0x00000089, 0x00005142, 0x00040006, 0x00000089, 0x00000000, 0x00000071, 0x00030005,
  0x0000008B, 0x00000000, 0x00030005, 0x000000A8, 0x00000064, 0x00040005, 0x000000B5, 0x726F6373,
  0x00007365, 0x00030005, 0x000000BF, 0x00000064, 0x00040005, 0x000000CC, 0x54554F42, 0x00000000,
  0x00050006, 0x000000CC, 0x00000000, 0x756F5F67, 0x00000074, 0x00030005, 0x000000CE, 0x00000000,
  0x00030005, 0x000000E2, 0x0000006D, 0x00030005, 0x000000E3, 0x00000073, 0x00030005, 0x000000E4,
  0x00000061, 0x00030005, 0x000000EF, 0x00636361, 0x00040005, 0x000000F4, 0x3079656B, 0x00000000,
  0x00030005, 0x000000FD, 0x0000006E, 0x00030005, 0x00000105, 0x00006373, 0x00040005, 0x0000010C,
  0x5F79656B, 0x00786469, 0x00050005, 0x00000118, 0x636F6C62, 0x64695F6B, 0x00000078, 0x00040005,
  0x0000011A, 0x4F4C4242, 0x00534B43, 0x00070006, 0x0000011A, 0x00000000, 0x636F6C62, 0x61745F6B,
  0x73656C62, 0x00000000, 0x00030005, 0x0000011C, 0x00000000, 0x00040005, 0x0000012C, 0x7366666F,
  0x00007465, 0x00030005, 0x00000131, 0x0000706B, 0x00040005, 0x00000134, 0x61726170, 0x0000006D,
  0x00040005, 0x00000135, 0x61726170, 0x0000006D, 0x00040005, 0x00000137, 0x61726170, 0x0000006D,
  0x00030005, 0x0000013A, 0x00746F64, 0x00030005, 0x0000013B, 0x00000064, 0x00030005, 0x00000149,
  0x00434B42, 0x00050006, 0x00000149, 0x00000000, 0x61635F6B, 0x00656863, 0x00030005, 0x0000014B,
  0x00000000, 0x00040005, 0x00000172, 0x6E756863, 0x006D5F6B, 0x00030005, 0x00000173, 0x00000069,
  0x00040005, 0x00000183, 0x5F6D7573, 0x00000065, 0x00030005, 0x00000184, 0x00000069, 0x00040005,
  0x00000197, 0x5F77656E, 0x0000006D, 0x00040005, 0x0000019B, 0x63735F6D, 0x00656C61, 0x00050005,
  0x000001A0, 0x6E756863, 0x63735F6B, 0x00656C61, 0x00030005, 0x000001AC, 0x00000061, 0x00030005,
  0x000001BC, 0x00003064, 0x00040005, 0x000001C6, 0x656C6974, 0x0000775F, 0x00030005, 0x000001D0,
  0x00786469, 0x00030005, 0x000001DD, 0x0000006A, 0x00030005, 0x000001E1, 0x0000006B, 0x00040005,
  0x000001E5, 0x5F79656B, 0x00786469, 0x00050005, 0x000001E9, 0x636F6C62, 0x64695F6B, 0x00000078,
  0x00040005, 0x000001F8, 0x7366666F, 0x00007465, 0x00030005, 0x000001FD, 0x00007076, 0x00040005,
  0x00000200, 0x61726170, 0x0000006D, 0x00040005, 0x00000201, 0x61726170, 0x0000006D, 0x00040005,
  0x00000203, 0x61726170, 0x0000006D, 0x00040005, 0x00000209, 0x69745F76, 0x0000656C, 0x00030005,
  0x0000020F, 0x00005642, 0x00050006, 0x0000020F, 0x00000000, 0x61635F76, 0x00656863, 0x00030005,
  0x00000211, 0x00000000, 0x00040005, 0x00000221, 0x61636F6C, 0x0000006C, 0x00030005, 0x00000229,
  0x00000064, 0x00030005, 0x0000023E, 0x006C6176, 0x00030005, 0x0000023F, 0x0000006A, 0x00040005,
  0x0000026A, 0x5F766E69, 0x00000073, 0x00040005, 0x00000275, 0x61636F6C, 0x0000006C, 0x00030005,
  0x0000027D, 0x00000064, 0x00030047, 0x00000012, 0x00000002, 0x00050048, 0x00000012, 0x00000000,
  0x00000023, 0x00000000, 0x00050048, 0x00000012, 0x00000001, 0x00000023, 0x00000004, 0x00050048,
  0x00000012, 0x00000002, 0x00000023, 0x00000008, 0x00050048, 0x00000012, 0x00000003, 0x00000023,
  0x0000000C, 0x00050048, 0x00000012, 0x00000004, 0x00000023, 0x00000010, 0x00050048, 0x00000012,
  0x00000005, 0x00000023, 0x00000014, 0x00050048, 0x00000012, 0x00000006, 0x00000023, 0x00000018,
  0x00050048, 0x00000012, 0x00000007, 0x00000023, 0x0000001C, 0x00050048, 0x00000012, 0x00000008,
  0x00000023, 0x00000020, 0x00050048, 0x00000012, 0x00000009, 0x00000023, 0x00000024, 0x00040047,
  0x00000033, 0x0000000B, 0x0000001A, 0x00040047, 0x00000053, 0x0000000B, 0x0000001D, 0x00040047,
  0x00000056, 0x00000006, 0x00000004, 0x00030047, 0x00000057, 0x00000002, 0x00050048, 0x00000057,
  0x00000000, 0x00000023, 0x00000000, 0x00040047, 0x00000059, 0x00000021, 0x00000004, 0x00040047,
  0x00000059, 0x00000022, 0x00000000, 0x00040047, 0x00000060, 0x00000006, 0x00000004, 0x00030047,
  0x00000061, 0x00000002, 0x00050048, 0x00000061, 0x00000000, 0x00000023, 0x00000000, 0x00040047,
  0x00000063, 0x00000021, 0x00000005, 0x00040047, 0x00000063, 0x00000022, 0x00000000, 0x00040047,
  0x00000088, 0x00000006, 0x00000004, 0x00030047, 0x00000089, 0x00000002, 0x00050048, 0x00000089,
  0x00000000, 0x00000023, 0x00000000, 0x00040047, 0x0000008B, 0x00000021, 0x00000000, 0x00040047,
  0x0000008B, 0x00000022, 0x00000000, 0x00040047, 0x000000CB, 0x00000006, 0x00000004, 0x00030047,
  0x000000CC, 0x00000002, 0x00050048, 0x000000CC, 0x00000000, 0x00000023, 0x00000000, 0x00040047,
  0x000000CE, 0x00000021, 0x00000001, 0x00040047, 0x000000CE, 0x00000022, 0x00000000, 0x00040047,
  0x00000119, 0x00000006, 0x00000004, 0x00030047, 0x0000011A, 0x00000002, 0x00050048, 0x0000011A,
  0x00000000, 0x00000023, 0x00000000, 0x00040047, 0x0000011C, 0x00000021, 0x00000006, 0x00040047,
  0x0000011C, 0x00000022, 0x00000000, 0x00040047, 0x00000148, 0x00000006, 0x00000004, 0x00030047,
  0x00000149, 0x00000002, 0x00050048, 0x00000149, 0x00000000, 0x00000023, 0x00000000, 0x00040047,
  0x0000014B, 0x00000021, 0x00000002, 0x00040047, 0x0000014B, 0x00000022, 0x00000000, 0x00040047,
  0x0000020E, 0x00000006, 0x00000004, 0x00030047, 0x0000020F, 0x00000002, 0x00050048, 0x0000020F,
  0x00000000, 0x00000023, 0x00000000, 0x00040047, 0x00000211, 0x00000021, 0x00000003, 0x00040047,
  0x00000211, 0x00000022, 0x00000000, 0x00040047, 0x0000029F, 0x0000000B, 0x00000019, 0x00020013,
  0x00000002, 0x00030021, 0x00000003, 0x00000002, 0x00040015, 0x00000006, 0x00000020, 0x00000000,
  0x00040020, 0x00000007, 0x00000007, 0x00000006, 0x00040015, 0x00000008, 0x00000020, 0x00000001,
  0x00040020, 0x00000009, 0x00000007, 0x00000008, 0x00060021, 0x0000000A, 0x00000006, 0x00000007,
  0x00000009, 0x00000009, 0x00030016, 0x00000011, 0x00000020, 0x000C001E, 0x00000012, 0x00000008,
  0x00000008, 0x00000008, 0x00000008, 0x00000008, 0x00000008, 0x00000011, 0x00000008, 0x00000011,
  0x00000008, 0x00040020, 0x00000013, 0x00000009, 0x00000012, 0x0004003B, 0x00000013, 0x00000014,
  0x00000009, 0x0004002B, 0x00000008, 0x00000015, 0x00000004, 0x00040020, 0x00000016, 0x00000009,
  0x00000008, 0x0004002B, 0x00000008, 0x0000001E, 0x00000002, 0x0004002B, 0x00000008, 0x00000028,
  0x00000003, 0x0004002B, 0x00000008, 0x0000002B, 0x00000100, 0x00020014, 0x0000002C, 0x00040017,
  0x00000031, 0x00000006, 0x00000003, 0x00040020, 0x00000032, 0x00000001, 0x00000031, 0x0004003B,
  0x00000032, 0x00000033, 0x00000001, 0x0004002B, 0x00000006, 0x00000034, 0x00000000, 0x00040020,
  0x00000035, 0x00000001, 0x00000006, 0x0004002B, 0x00000008, 0x00000039, 0x00000000, 0x0004002B,
  0x00000006, 0x00000040, 0x00000001, 0x0004002B, 0x00000008, 0x00000044, 0x00000001, 0x0004003B,
  0x00000035, 0x00000053, 0x00000001, 0x0003001D, 0x00000056, 0x00000008, 0x0003001E, 0x00000057,
  0x00000056, 0x00040020, 0x00000058, 0x0000000C, 0x00000057, 0x0004003B, 0x00000058, 0x00000059,
  0x0000000C, 0x00040020, 0x0000005C, 0x0000000C, 0x00000008, 0x0003001D, 0x00000060, 0x00000008,
  0x0003001E, 0x00000061, 0x00000060, 0x00040020, 0x00000062, 0x0000000C, 0x00000061, 0x0004003B,
  0x00000062, 0x00000063, 0x0000000C, 0x0004002B, 0x00000006, 0x00000083, 0x00000100, 0x0004001C,
  0x00000084, 0x00000011, 0x00000083, 0x00040020, 0x00000085, 0x00000004, 0x00000084, 0x0004003B,
  0x00000085, 0x00000086, 0x00000004, 0x0003001D, 0x00000088, 0x00000011, 0x0003001E, 0x00000089,
  0x00000088, 0x00040020, 0x0000008A, 0x0000000C, 0x00000089, 0x0004003B, 0x0000008A, 0x0000008B,
  0x0000000C, 0x0004002B, 0x00000008, 0x00000099, 0x00000009, 0x00040020, 0x0000009E, 0x0000000C,
  0x00000011, 0x00040020, 0x000000A1, 0x00000004, 0x00000011, 0x0004002B, 0x00000008, 0x000000A3,
  0x00000040, 0x0004002B, 0x00000006, 0x000000A6, 0x00000002, 0x0004002B, 0x00000006, 0x000000A7,
  0x00000108, 0x0004002B, 0x00000006, 0x000000B2, 0x00000040, 0x0004001C, 0x000000B3, 0x00000011,
  0x000000B2, 0x00040020, 0x000000B4, 0x00000004, 0x000000B3, 0x0004003B, 0x000000B4, 0x000000B5,
  0x00000004, 0x0004002B, 0x00000011, 0x000000B7, 0xF149F2CA, 0x0003001D, 0x000000CB, 0x00000011,
  0x0003001E, 0x000000CC, 0x000000CB, 0x00040020, 0x000000CD, 0x0000000C, 0x000000CC, 0x0004003B,
  0x000000CD, 0x000000CE, 0x0000000C, 0x0004002B, 0x00000011, 0x000000DC, 0x00000000, 0x00040020,
  0x000000E1, 0x00000007, 0x00000011, 0x0004002B, 0x00000006, 0x000000EC, 0x00000004, 0x0004001C,
  0x000000ED, 0x00000011, 0x000000EC, 0x00040020, 0x000000EE, 0x00000007, 0x000000ED, 0x0004002B,
  0x00000008, 0x00000112, 0x00000007, 0x0003001D, 0x00000119, 0x00000008, 0x0003001E, 0x0000011A,
  0x00000119, 0x00040020, 0x0000011B, 0x0000000C, 0x0000011A, 0x0004003B, 0x0000011B, 0x0000011C,
  0x0000000C, 0x0004002B, 0x00000008, 0x0000011F, 0x00000005, 0x0003001D, 0x00000148, 0x00000011,
  0x0003001E, 0x00000149, 0x00000148, 0x00040020, 0x0000014A, 0x0000000C, 0x00000149, 0x0004003B,
  0x0000014A, 0x0000014B, 0x0000000C, 0x0004002B, 0x00000008, 0x0000015C, 0x00000006, 0x00040020,
  0x0000015D, 0x00000009, 0x00000011, 0x0004002B, 0x00000008, 0x00000161, 0x00000008, 0x0004002B,
  0x00000008, 0x000001CC, 0x00000020, 0x0004002B, 0x00000006, 0x00000206, 0x00000800, 0x0004001C,
  0x00000207, 0x00000011, 0x00000206, 0x00040020, 0x00000208, 0x00000004, 0x00000207, 0x0004003B,
  0x00000208, 0x00000209, 0x00000004, 0x0003001D, 0x0000020E, 0x00000011, 0x0003001E, 0x0000020F,
  0x0000020E, 0x00040020, 0x00000210, 0x0000000C, 0x0000020F, 0x0004003B, 0x00000210, 0x00000211,
  0x0000000C, 0x0004002B, 0x00000011, 0x00000270, 0x3F800000, 0x0006002C, 0x00000031, 0x0000029F,
  0x000000B2, 0x00000040, 0x00000040, 0x00050036, 0x00000002, 0x00000004, 0x00000000, 0x00000003,
  0x000200F8, 0x00000005, 0x0004003B, 0x00000007, 0x0000004C, 0x00000007, 0x0004003B, 0x00000007,
  0x0000004F, 0x00000007, 0x0004003B, 0x00000007, 0x00000052, 0x00000007, 0x0004003B, 0x00000009,
  0x00000055, 0x00000007, 0x0004003B, 0x00000009, 0x0000005F, 0x00000007, 0x0004003B, 0x00000009,
  0x00000068, 0x00000007, 0x0004003B, 0x00000009, 0x00000071, 0x00000007, 0x0004003B, 0x00000009,
  0x00000077, 0x00000007, 0x0004003B, 0x00000009, 0x000000A8, 0x00000007, 0x0004003B, 0x00000009,
  0x000000BF, 0x00000007, 0x0004003B, 0x000000E1, 0x000000E2, 0x00000007, 0x0004003B, 0x000000E1,
  0x000000E3, 0x00000007, 0x0004003B, 0x00000009, 0x000000E4, 0x00000007, 0x0004003B, 0x000000EE,
  0x000000EF, 0x00000007, 0x0004003B, 0x00000009, 0x000000F4, 0x00000007, 0x0004003B, 0x00000009,
  0x000000FD, 0x00000007, 0x0004003B, 0x000000E1, 0x00000105, 0x00000007, 0x0004003B, 0x00000009,
  0x0000010C, 0x00000007, 0x0004003B, 0x00000009, 0x00000118, 0x00000007, 0x0004003B, 0x00000009,
  0x0000012C, 0x00000007, 0x0004003B, 0x00000007, 0x00000131, 0x00000007, 0x0004003B, 0x00000007,
  0x00000134, 0x00000007, 0x0004003B, 0x00000009, 0x00000135, 0x00000007, 0x0004003B, 0x00000009,
  0x00000137, 0x00000007, 0x0004003B, 0x000000E1, 0x0000013A, 0x00000007, 0x0004003B, 0x00000009,
  0x0000013B, 0x00000007, 0x0004003B, 0x000000E1, 0x00000172, 0x00000007, 0x0004003B, 0x00000009,
  0x00000173, 0x00000007, 0x0004003B, 0x000000E1, 0x00000183, 0x00000007, 0x0004003B, 0x00000009,
  0x00000184, 0x00000007, 0x0004003B, 0x000000E1, 0x00000197, 0x00000007, 0x0004003B, 0x000000E1,
  0x0000019B, 0x00000007, 0x0004003B, 0x000000E1, 0x000001A0, 0x00000007, 0x0004003B, 0x00000009,
  0x000001AC, 0x00000007, 0x0004003B, 0x00000009, 0x000001BC, 0x00000007, 0x0004003B, 0x00000009,
  0x000001C6, 0x00000007, 0x0004003B, 0x00000009, 0x000001D0, 0x00000007, 0x0004003B, 0x00000009,
  0x000001DD, 0x00000007, 0x0004003B, 0x00000009, 0x000001E1, 0x00000007, 0x0004003B, 0x00000009,
  0x000001E5, 0x00000007, 0x0004003B, 0x00000009, 0x000001E9, 0x00000007, 0x0004003B, 0x00000009,
  0x000001F8, 0x00000007, 0x0004003B, 0x00000007, 0x000001FD, 0x00000007, 0x0004003B, 0x00000007,
  0x00000200, 0x00000007, 0x0004003B, 0x00000009, 0x00000201, 0x00000007, 0x0004003B, 0x00000009,
  0x00000203, 0x00000007, 0x0004003B, 0x00000009, 0x00000221, 0x00000007, 0x0004003B, 0x00000009,
  0x00000229, 0x00000007, 0x0004003B, 0x000000E1, 0x0000023E, 0x00000007, 0x0004003B, 0x00000009,
  0x0000023F, 0x00000007, 0x0004003B, 0x000000E1, 0x0000026A, 0x00000007, 0x0004003B, 0x000000E1,
  0x0000026D, 0x00000007, 0x0004003B, 0x00000009, 0x00000275, 0x00000007, 0x0004003B, 0x00000009,
  0x0000027D, 0x00000007, 0x00050041, 0x00000016, 0x00000029, 0x00000014, 0x00000028, 0x0004003D,
  0x00000008, 0x0000002A, 0x00000029, 0x000500AD, 0x0000002C, 0x0000002D, 0x0000002A, 0x0000002B,
  0x000300F7, 0x0000002F, 0x00000000, 0x000400FA, 0x0000002D, 0x0000002E, 0x0000002F, 0x000200F8,
  0x0000002E, 0x000100FD, 0x000200F8, 0x0000002F, 0x00050041, 0x00000035, 0x00000036, 0x00000033,
  0x00000034, 0x0004003D, 0x00000006, 0x00000037, 0x00000036, 0x0004007C, 0x00000008, 0x00000038,
  0x00000037, 0x00050041, 0x00000016, 0x0000003A, 0x00000014, 0x00000039, 0x0004003D, 0x00000008,
  0x0000003B, 0x0000003A, 0x000500AF, 0x0000002C, 0x0000003C, 0x00000038, 0x0000003B, 0x000400A8,
  0x0000002C, 0x0000003D, 0x0000003C, 0x000300F7, 0x0000003F, 0x00000000, 0x000400FA, 0x0000003D,
  0x0000003E, 0x0000003F, 0x000200F8, 0x0000003E, 0x00050041, 0x00000035, 0x00000041, 0x00000033,
  0x00000040, 0x0004003D, 0x00000006, 0x00000042, 0x00000041, 0x0004007C, 0x00000008, 0x00000043,
  0x00000042, 0x00050041, 0x00000016, 0x00000045, 0x00000014, 0x00000044, 0x0004003D, 0x00000008,
  0x00000046, 0x00000045, 0x000500AF, 0x0000002C, 0x00000047, 0x00000043, 0x00000046, 0x000200F9,
  0x0000003F, 0x000200F8, 0x0000003F, 0x000700F5, 0x0000002C, 0x00000048, 0x0000003C, 0x0000002F,
  0x00000047, 0x0000003E, 0x000300F7, 0x0000004A, 0x00000000, 0x000400FA, 0x00000048, 0x00000049,
  0x0000004A, 0x000200F8, 0x00000049, 0x000100FD, 0x000200F8, 0x0000004A, 0x00050041, 0x00000035,
  0x0000004D, 0x00000033, 0x00000034, 0x0004003D, 0x00000006, 0x0000004E, 0x0000004D, 0x0003003E,
  0x0000004C, 0x0000004E, 0x00050041, 0x00000035, 0x00000050, 0x00000033, 0x00000040, 0x0004003D,
  0x00000006, 0x00000051, 0x00000050, 0x0003003E, 0x0000004F, 0x00000051, 0x0004003D, 0x00000006,
  0x00000054, 0x00000053, 0x0003003E, 0x00000052, 0x00000054, 0x0004003D, 0x00000006, 0x0000005A,
  0x0000004C, 0x0004007C, 0x00000008, 0x0000005B, 0x0000005A, 0x00060041, 0x0000005C, 0x0000005D,
  0x00000059, 0x00000039, 0x0000005B, 0x0004003D, 0x00000008, 0x0000005E, 0x0000005D, 0x0003003E,
  0x00000055, 0x0000005E, 0x0004003D, 0x00000006, 0x00000064, 0x0000004C, 0x0004007C, 0x00000008,
  0x00000065, 0x00000064, 0x00060041, 0x0000005C, 0x00000066, 0x00000063, 0x00000039, 0x00000065,
  0x0004003D, 0x00000008, 0x00000067, 0x00000066, 0x0003003E, 0x0000005F, 0x00000067, 0x0004003D,
  0x00000006, 0x00000069, 0x0000004F, 0x0004007C, 0x00000008, 0x0000006A, 0x00000069, 0x00050041,
  0x00000016, 0x0000006B, 0x00000014, 0x00000044, 0x0004003D, 0x00000008, 0x0000006C, 0x0000006B,
  0x00050041, 0x00000016, 0x0000006D, 0x00000014, 0x0000001E, 0x0004003D, 0x00000008, 0x0000006E,
  0x0000006D, 0x00050087, 0x00000008, 0x0000006F, 0x0000006C, 0x0000006E, 0x00050087, 0x00000008,
  0x00000070, 0x0000006A, 0x0000006F, 0x0003003E, 0x00000068, 0x00000070, 0x00050041, 0x00000016,
  0x00000072, 0x00000014, 0x00000044, 0x0004003D, 0x00000008, 0x00000073, 0x00000072, 0x00050041,
  0x00000016, 0x00000074, 0x00000014, 0x00000028, 0x0004003D, 0x00000008, 0x00000075, 0x00000074,
  0x00050084, 0x00000008, 0x00000076, 0x00000073, 0x00000075, 0x0003003E, 0x00000071, 0x00000076,
  0x0004003D, 0x00000006, 0x00000078, 0x00000052, 0x0004007C, 0x00000008, 0x00000079, 0x00000078,
  0x0003003E, 0x00000077, 0x00000079, 0x000200F9, 0x0000007A, 0x000200F8, 0x0000007A, 0x000400F6,
  0x0000007C, 0x0000007D, 0x00000000, 0x000200F9, 0x0000007E, 0x000200F8, 0x0000007E, 0x0004003D,
  0x00000008, 0x0000007F, 0x00000077, 0x00050041, 0x00000016, 0x00000080, 0x00000014, 0x00000028,
  0x0004003D, 0x00000008, 0x00000081, 0x00000080, 0x000500B1, 0x0000002C, 0x00000082, 0x0000007F,
  0x00000081, 0x000400FA, 0x00000082, 0x0000007B, 0x0000007C, 0x000200F8, 0x0000007B, 0x0004003D,
  0x00000008, 0x00000087, 0x00000077, 0x0004003D, 0x00000006, 0x0000008C, 0x0000004C, 0x0004003D,
  0x00000008, 0x0000008D, 0x00000071, 0x0004007C, 0x00000006, 0x0000008E, 0x0000008D, 0x00050084,
  0x00000006, 0x0000008F, 0x0000008C, 0x0000008E, 0x0004003D, 0x00000006, 0x00000090, 0x0000004F,
  0x00050041, 0x00000016, 0x00000091, 0x00000014, 0x00000028, 0x0004003D, 0x00000008, 0x00000092,
  0x00000091, 0x0004007C, 0x00000006, 0x00000093, 0x00000092, 0x00050084, 0x00000006, 0x00000094,
  0x00000090, 0x00000093, 0x00050080, 0x00000006, 0x00000095, 0x0000008F, 0x00000094, 0x0004003D,
  0x00000008, 0x00000096, 0x00000077, 0x0004007C, 0x00000006, 0x00000097, 0x00000096, 0x00050080,
  0x00000006, 0x00000098, 0x00000095, 0x00000097, 0x00050041, 0x00000016, 0x0000009A, 0x00000014,
  0x00000099, 0x0004003D, 0x00000008, 0x0000009B, 0x0000009A, 0x0004007C, 0x00000006, 0x0000009C,
  0x0000009B, 0x00050080, 0x00000006, 0x0000009D, 0x00000098, 0x0000009C, 0x00060041, 0x0000009E,
  0x0000009F, 0x0000008B, 0x00000039, 0x0000009D, 0x0004003D, 0x00000011, 0x000000A0, 0x0000009F,
  0x00050041, 0x000000A1, 0x000000A2, 0x00000086, 0x00000087, 0x0003003E, 0x000000A2, 0x000000A0,
  0x000200F9, 0x0000007D, 0x000200F8, 0x0000007D, 0x0004003D, 0x00000008, 0x000000A4, 0x00000077,
  0x00050080, 0x00000008, 0x000000A5, 0x000000A4, 0x000000A3, 0x0003003E, 0x00000077, 0x000000A5,
  0x000200F9, 0x0000007A, 0x000200F8, 0x0000007C, 0x000400E0, 0x000000A6, 0x000000A6, 0x000000A7,
  0x0004003D, 0x00000006, 0x000000A9, 0x00000052, 0x0004007C, 0x00000008, 0x000000AA, 0x000000A9,
  0x0003003E, 0x000000A8, 0x000000AA, 0x000200F9, 0x000000AB, 0x000200F8, 0x000000AB, 0x000400F6,
  0x000000AD, 0x000000AE, 0x00000000, 0x000200F9, 0x000000AF, 0x000200F8, 0x000000AF, 0x0004003D,
  0x00000008, 0x000000B0, 0x000000A8, 0x000500B1, 0x0000002C, 0x000000B1, 0x000000B0, 0x000000A3,
  0x000400FA, 0x000000B1, 0x000000AC, 0x000000AD, 0x000200F8, 0x000000AC, 0x0004003D, 0x00000008,
  0x000000B6, 0x000000A8, 0x00050041, 0x000000A1, 0x000000B8, 0x000000B5, 0x000000B6, 0x0003003E,
  0x000000B8, 0x000000B7, 0x000200F9, 0x000000AE, 0x000200F8, 0x000000AE, 0x0004003D, 0x00000008,
  0x000000B9, 0x000000A8, 0x00050080, 0x00000008, 0x000000BA, 0x000000B9, 0x000000A3, 0x0003003E,
  0x000000A8, 0x000000BA, 0x000200F9, 0x000000AB, 0x000200F8, 0x000000AD, 0x0004003D, 0x00000008,
  0x000000BB, 0x0000005F, 0x000500B3, 0x0000002C, 0x000000BC, 0x000000BB, 0x00000039, 0x000300F7,
  0x000000BE, 0x00000000, 0x000400FA, 0x000000BC, 0x000000BD, 0x000000BE, 0x000200F8, 0x000000BD,
  0x0004003D, 0x00000006, 0x000000C0, 0x00000052, 0x0004007C, 0x00000008, 0x000000C1, 0x000000C0,
  0x0003003E, 0x000000BF, 0x000000C1, 0x000200F9, 0x000000C2, 0x000200F8, 0x000000C2, 0x000400F6,
  0x000000C4, 0x000000C5, 0x00000000, 0x000200F9, 0x000000C6, 0x000200F8, 0x000000C6, 0x0004003D,
  0x00000008, 0x000000C7, 0x000000BF, 0x00050041, 0x00000016, 0x000000C8, 0x00000014, 0x00000028,
  0x0004003D, 0x00000008, 0x000000C9, 0x000000C8, 0x000500B1, 0x0000002C, 0x000000CA, 0x000000C7,
  0x000000C9, 0x000400FA, 0x000000CA, 0x000000C3, 0x000000C4, 0x000200F8, 0x000000C3, 0x0004003D,
  0x00000006, 0x000000CF, 0x0000004C, 0x0004003D, 0x00000008, 0x000000D0, 0x00000071, 0x0004007C,
  0x00000006, 0x000000D1, 0x000000D0, 0x00050084, 0x00000006, 0x000000D2, 0x000000CF, 0x000000D1,
  0x0004003D, 0x00000006, 0x000000D3, 0x0000004F, 0x00050041, 0x00000016, 0x000000D4, 0x00000014,
  0x00000028, 0x0004003D, 0x00000008, 0x000000D5, 0x000000D4, 0x0004007C, 0x00000006, 0x000000D6,
  0x000000D5, 0x00050084, 0x00000006, 0x000000D7, 0x000000D3, 0x000000D6, 0x00050080, 0x00000006,
  0x000000D8, 0x000000D2, 0x000000D7, 0x0004003D, 0x00000008, 0x000000D9, 0x000000BF, 0x0004007C,
  0x00000006, 0x000000DA, 0x000000D9, 0x00050080, 0x00000006, 0x000000DB, 0x000000D8, 0x000000DA,
  0x00060041, 0x0000009E, 0x000000DD, 0x000000CE, 0x00000039, 0x000000DB, 0x0003003E, 0x000000DD,
  0x000000DC, 0x000200F9, 0x000000C5, 0x000200F8, 0x000000C5, 0x0004003D, 0x00000008, 0x000000DE,
  0x000000BF, 0x00050080, 0x00000008, 0x000000DF, 0x000000DE, 0x000000A3, 0x0003003E, 0x000000BF,
  0x000000DF, 0x000200F9, 0x000000C2, 0x000200F8, 0x000000C4, 0x000100FD, 0x000200F8, 0x000000BE,
  0x0003003E, 0x000000E2, 0x000000B7, 0x0003003E, 0x000000E3, 0x000000DC, 0x0003003E, 0x000000E4,
  0x00000039, 0x000200F9, 0x000000E5, 0x000200F8, 0x000000E5, 0x000400F6, 0x000000E7, 0x000000E8,
  0x00000000, 0x000200F9, 0x000000E9, 0x000200F8, 0x000000E9, 0x0004003D, 0x00000008, 0x000000EA,
  0x000000E4, 0x000500B1, 0x0000002C, 0x000000EB, 0x000000EA, 0x00000015, 0x000400FA, 0x000000EB,
  0x000000E6, 0x000000E7, 0x000200F8, 0x000000E6, 0x0004003D, 0x00000008, 0x000000F0, 0x000000E4,
  0x00050041, 0x000000E1, 0x000000F1, 0x000000EF, 0x000000F0, 0x0003003E, 0x000000F1, 0x000000DC,
  0x000200F9, 0x000000E8, 0x000200F8, 0x000000E8, 0x0004003D, 0x00000008, 0x000000F2, 0x000000E4,
  0x00050080, 0x00000008, 0x000000F3, 0x000000F2, 0x00000044, 0x0003003E, 0x000000E4, 0x000000F3,
  0x000200F9, 0x000000E5, 0x000200F8, 0x000000E7, 0x0003003E, 0x000000F4, 0x00000039, 0x000200F9,
  0x000000F5, 0x000200F8, 0x000000F5, 0x000400F6, 0x000000F7, 0x000000F8, 0x00000000, 0x000200F9,
  0x000000F9, 0x000200F8, 0x000000F9, 0x0004003D, 0x00000008, 0x000000FA, 0x000000F4, 0x0004003D,
  0x00000008, 0x000000FB, 0x0000005F, 0x000500B1, 0x0000002C, 0x000000FC, 0x000000FA, 0x000000FB,
  0x000400FA, 0x000000FC, 0x000000F6, 0x000000F7, 0x000200F8, 0x000000F6, 0x0004003D, 0x00000008,
  0x000000FE, 0x0000005F, 0x0004003D, 0x00000008, 0x000000FF, 0x000000F4, 0x00050082, 0x00000008,
  0x00000100, 0x000000FE, 0x000000FF, 0x0003003E, 0x000000FD, 0x00000100, 0x0004003D, 0x00000008,
  0x00000101, 0x000000FD, 0x000500AD, 0x0000002C, 0x00000102, 0x00000101, 0x000000A3, 0x000300F7,
  0x00000104, 0x00000000, 0x000400FA, 0x00000102, 0x00000103, 0x00000104, 0x000200F8, 0x00000103,
  0x0003003E, 0x000000FD, 0x000000A3, 0x000200F9, 0x00000104, 0x000200F8, 0x00000104, 0x0003003E,
  0x00000105, 0x000000B7, 0x0004003D, 0x00000006, 0x00000106, 0x00000052, 0x0004007C, 0x00000008,
  0x00000107, 0x00000106, 0x0004003D, 0x00000008, 0x00000108, 0x000000FD, 0x000500B1, 0x0000002C,
  0x00000109, 0x00000107, 0x00000108, 0x000300F7, 0x0000010B, 0x00000000, 0x000400FA, 0x00000109,
  0x0000010A, 0x0000010B, 0x000200F8, 0x0000010A, 0x0004003D, 0x00000008, 0x0000010D, 0x000000F4,
  0x0004003D, 0x00000006, 0x0000010E, 0x00000052, 0x0004007C, 0x00000008, 0x0000010F, 0x0000010E,
  0x00050080, 0x00000008, 0x00000110, 0x0000010D, 0x0000010F, 0x0003003E, 0x0000010C, 0x00000110,
  0x0004003D, 0x00000008, 0x00000111, 0x0000010C, 0x00050041, 0x00000016, 0x00000113, 0x00000014,
  0x00000112, 0x0004003D, 0x00000008, 0x00000114, 0x00000113, 0x000500AF, 0x0000002C, 0x00000115,
  0x00000111, 0x00000114, 0x000300F7, 0x00000117, 0x00000000, 0x000400FA, 0x00000115, 0x00000116,
  0x00000117, 0x000200F8, 0x00000116, 0x0004003D, 0x00000008, 0x0000011D, 0x00000055, 0x0004007C,
  0x00000006, 0x0000011E, 0x0000011D, 0x00050041, 0x00000016, 0x00000120, 0x00000014, 0x0000011F,
  0x0004003D, 0x00000008, 0x00000121, 0x00000120, 0x0004007C, 0x00000006, 0x00000122, 0x00000121,
  0x00050084, 0x00000006, 0x00000123, 0x0000011E, 0x00000122, 0x0004003D, 0x00000008, 0x00000124,
  0x0000010C, 0x00050041, 0x00000016, 0x00000125, 0x00000014, 0x00000015, 0x0004003D, 0x00000008,
  0x00000126, 0x00000125, 0x00050087, 0x00000008, 0x00000127, 0x00000124, 0x00000126, 0x0004007C,
  0x00000006, 0x00000128, 0x00000127, 0x00050080, 0x00000006, 0x00000129, 0x00000123, 0x00000128,
  0x00060041, 0x0000005C, 0x0000012A, 0x0000011C, 0x00000039, 0x00000129, 0x0004003D, 0x00000008,
  0x0000012B, 0x0000012A, 0x0003003E, 0x00000118, 0x0000012B, 0x0004003D, 0x00000008, 0x0000012D,
  0x0000010C, 0x00050041, 0x00000016, 0x0000012E, 0x00000014, 0x00000015, 0x0004003D, 0x00000008,
  0x0000012F, 0x0000012E, 0x0005008B, 0x00000008, 0x00000130, 0x0000012D, 0x0000012F, 0x0003003E,
  0x0000012C, 0x00000130, 0x0004003D, 0x00000008, 0x00000132, 0x00000118, 0x0004007C, 0x00000006,
  0x00000133, 0x00000132, 0x0003003E, 0x00000134, 0x00000133, 0x0004003D, 0x00000008, 0x00000136,
  0x0000012C, 0x0003003E, 0x00000135, 0x00000136, 0x0004003D, 0x00000008, 0x00000138, 0x00000068,
  0x0003003E, 0x00000137, 0x00000138, 0x00070039, 0x00000006, 0x00000139, 0x0000000E, 0x00000134,
  0x00000135, 0x00000137, 0x0003003E, 0x00000131, 0x00000139, 0x0003003E, 0x0000013A, 0x000000DC,
  0x0003003E, 0x0000013B, 0x00000039, 0x000200F9, 0x0000013C, 0x000200F8, 0x0000013C, 0x000400F6,
  0x0000013E, 0x0000013F, 0x00000000, 0x000200F9, 0x00000140, 0x000200F8, 0x00000140, 0x0004003D,
  0x00000008, 0x00000141, 0x0000013B, 0x00050041, 0x00000016, 0x00000142, 0x00000014, 0x00000028,
  0x0004003D, 0x00000008, 0x00000143, 0x00000142, 0x000500B1, 0x0000002C, 0x00000144, 0x00000141,
  0x00000143, 0x000400FA, 0x00000144, 0x0000013D, 0x0000013E, 0x000200F8, 0x0000013D, 0x0004003D,
  0x00000008, 0x00000145, 0x0000013B, 0x00050041, 0x000000A1, 0x00000146, 0x00000086, 0x00000145,
  0x0004003D, 0x00000011, 0x00000147, 0x00000146, 0x0004003D, 0x00000006, 0x0000014C, 0x00000131,
  0x00050041, 0x00000016, 0x0000014D, 0x00000014, 0x00000028, 0x0004003D, 0x00000008, 0x0000014E,
  0x0000014D, 0x0004007C, 0x00000006, 0x0000014F, 0x0000014E, 0x00050084, 0x00000006, 0x00000150,
  0x0000014C, 0x0000014F, 0x0004003D, 0x00000008, 0x00000151, 0x0000013B, 0x0004007C, 0x00000006,
  0x00000152, 0x00000151, 0x00050080, 0x00000006, 0x00000153, 0x00000150, 0x00000152, 0x00060041,
  0x0000009E, 0x00000154, 0x0000014B, 0x00000039, 0x00000153, 0x0004003D, 0x00000011, 0x00000155,
  0x00000154, 0x00050085, 0x00000011, 0x00000156, 0x00000147, 0x00000155, 0x0004003D, 0x00000011,
  0x00000157, 0x0000013A, 0x00050081, 0x00000011, 0x00000158, 0x00000157, 0x00000156, 0x0003003E,
  0x0000013A, 0x00000158, 0x000200F9, 0x0000013F, 0x000200F8, 0x0000013F, 0x0004003D, 0x00000008,
  0x00000159, 0x0000013B, 0x00050080, 0x00000008, 0x0000015A, 0x00000159, 0x00000044, 0x0003003E,
  0x0000013B, 0x0000015A, 0x000200F9, 0x0000013C, 0x000200F8, 0x0000013E, 0x0004003D, 0x00000011,
  0x0000015B, 0x0000013A, 0x00050041, 0x0000015D, 0x0000015E, 0x00000014, 0x0000015C, 0x0004003D,
  0x00000011, 0x0000015F, 0x0000015E, 0x00050085, 0x00000011, 0x00000160, 0x0000015B, 0x0000015F,
  0x0003003E, 0x00000105, 0x00000160, 0x00050041, 0x0000015D, 0x00000162, 0x00000014, 0x00000161,
  0x0004003D, 0x00000011, 0x00000163, 0x00000162, 0x000500BA, 0x0000002C, 0x00000164, 0x00000163,
  0x000000DC, 0x000300F7, 0x00000166, 0x00000000, 0x000400FA, 0x00000164, 0x00000165, 0x00000166,
  0x000200F8, 0x00000165, 0x0004003D, 0x00000011, 0x00000167, 0x00000105, 0x00050041, 0x0000015D,
  0x00000168, 0x00000014, 0x00000161, 0x0004003D, 0x00000011, 0x00000169, 0x00000168, 0x00050088,
  0x00000011, 0x0000016A, 0x00000167, 0x00000169, 0x0006000C, 0x00000011, 0x0000016B, 0x00000001,
  0x00000015, 0x0000016A, 0x00050041, 0x0000015D, 0x0000016C, 0x00000014, 0x00000161, 0x0004003D,
  0x00000011, 0x0000016D, 0x0000016C, 0x00050085, 0x00000011, 0x0000016E, 0x0000016B, 0x0000016D,
  0x0003003E, 0x00000105, 0x0000016E, 0x000200F9, 0x00000166, 0x000200F8, 0x00000166, 0x000200F9,
  0x00000117, 0x000200F8, 0x00000117, 0x000200F9, 0x0000010B, 0x000200F8, 0x0000010B, 0x0004003D,
  0x00000006, 0x0000016F, 0x00000052, 0x0004003D, 0x00000011, 0x00000170, 0x00000105, 0x00050041,
  0x000000A1, 0x00000171, 0x000000B5, 0x0000016F, 0x0003003E, 0x00000171, 0x00000170, 0x000400E0,
  0x000000A6, 0x000000A6, 0x000000A7, 0x000400E0, 0x000000A6, 0x000000A6, 0x000000A7, 0x0003003E,
  0x00000172, 0x000000B7, 0x0003003E, 0x00000173, 0x00000039, 0x000200F9, 0x00000174, 0x000200F8,
  0x00000174, 0x000400F6, 0x00000176, 0x00000177, 0x00000000, 0x000200F9, 0x00000178, 0x000200F8,
  0x00000178, 0x0004003D, 0x00000008, 0x00000179, 0x00000173, 0x0004003D, 0x00000008, 0x0000017A,
  0x000000FD, 0x000500B1, 0x0000002C, 0x0000017B, 0x00000179, 0x0000017A, 0x000400FA, 0x0000017B,
  0x00000175, 0x00000176, 0x000200F8, 0x00000175, 0x0004003D, 0x00000011, 0x0000017C, 0x00000172,
  0x0004003D, 0x00000008, 0x0000017D, 0x00000173, 0x00050041, 0x000000A1, 0x0000017E, 0x000000B5,
  0x0000017D, 0x0004003D, 0x00000011, 0x0000017F, 0x0000017E, 0x0007000C, 0x00000011, 0x00000180,
  0x00000001, 0x00000028, 0x0000017C, 0x0000017F, 0x0003003E, 0x00000172, 0x00000180, 0x000200F9,
  0x00000177, 0x000200F8, 0x00000177, 0x0004003D, 0x00000008, 0x00000181, 0x00000173, 0x00050080,
  0x00000008, 0x00000182, 0x00000181, 0x00000044, 0x0003003E, 0x00000173, 0x00000182, 0x000200F9,
  0x00000174, 0x000200F8, 0x00000176, 0x0003003E, 0x00000183, 0x000000DC, 0x0003003E, 0x00000184,
  0x00000039, 0x000200F9, 0x00000185, 0x000200F8, 0x00000185, 0x000400F6, 0x00000187, 0x00000188,
  0x00000000, 0x000200F9, 0x00000189, 0x000200F8, 0x00000189, 0x0004003D, 0x00000008, 0x0000018A,
  0x00000184, 0x0004003D, 0x00000008, 0x0000018B, 0x000000FD, 0x000500B1, 0x0000002C, 0x0000018C,
  0x0000018A, 0x0000018B, 0x000400FA, 0x0000018C, 0x00000186, 0x00000187, 0x000200F8, 0x00000186,
  0x0004003D, 0x00000008, 0x0000018D, 0x00000184, 0x00050041, 0x000000A1, 0x0000018E, 0x000000B5,
  0x0000018D, 0x0004003D, 0x00000011, 0x0000018F, 0x0000018E, 0x0004003D, 0x00000011, 0x00000190,
  0x00000172, 0x00050083, 0x00000011, 0x00000191, 0x0000018F, 0x00000190, 0x0006000C, 0x00000011,
  0x00000192, 0x00000001, 0x0000001B, 0x00000191, 0x0004003D, 0x00000011, 0x00000193, 0x00000183,
  0x00050081, 0x00000011, 0x00000194, 0x00000193, 0x00000192, 0x0003003E, 0x00000183, 0x00000194,
  0x000200F9, 0x00000188, 0x000200F8, 0x00000188, 0x0004003D, 0x00000008, 0x00000195, 0x00000184,
  0x00050080, 0x00000008, 0x00000196, 0x00000195, 0x00000044, 0x0003003E, 0x00000184, 0x00000196,
  0x000200F9, 0x00000185, 0x000200F8, 0x00000187, 0x0004003D, 0x00000011, 0x00000198, 0x000000E2,
  0x0004003D, 0x00000011, 0x00000199, 0x00000172, 0x0007000C, 0x00000011, 0x0000019A, 0x00000001,
  0x00000028, 0x00000198, 0x00000199, 0x0003003E, 0x00000197, 0x0000019A, 0x0004003D, 0x00000011,
  0x0000019C, 0x000000E2, 0x0004003D, 0x00000011, 0x0000019D, 0x00000197, 0x00050083, 0x00000011,
  0x0000019E, 0x0000019C, 0x0000019D, 0x0006000C, 0x00000011, 0x0000019F, 0x00000001, 0x0000001B,
  0x0000019E, 0x0003003E, 0x0000019B, 0x0000019F, 0x0004003D, 0x00000011, 0x000001A1, 0x00000172,
  0x0004003D, 0x00000011, 0x000001A2, 0x00000197, 0x00050083, 0x00000011, 0x000001A3, 0x000001A1,
  0x000001A2, 0x0006000C, 0x00000011, 0x000001A4, 0x00000001, 0x0000001B, 0x000001A3, 0x0003003E,
  0x000001A0, 0x000001A4, 0x0004003D, 0x00000011, 0x000001A5, 0x000000E3, 0x0004003D, 0x00000011,
  0x000001A6, 0x0000019B, 0x00050085, 0x00000011, 0x000001A7, 0x000001A5, 0x000001A6, 0x0004003D,
  0x00000011, 0x000001A8, 0x00000183, 0x0004003D, 0x00000011, 0x000001A9, 0x000001A0, 0x00050085,
  0x00000011, 0x000001AA, 0x000001A8, 0x000001A9, 0x00050081, 0x00000011, 0x000001AB, 0x000001A7,
  0x000001AA, 0x0003003E, 0x000000E3, 0x000001AB, 0x0003003E, 0x000001AC, 0x00000039, 0x000200F9,
  0x000001AD, 0x000200F8, 0x000001AD, 0x000400F6, 0x000001AF, 0x000001B0, 0x00000000, 0x000200F9,
  0x000001B1, 0x000200F8, 0x000001B1, 0x0004003D, 0x00000008, 0x000001B2, 0x000001AC, 0x000500B1,
  0x0000002C, 0x000001B3, 0x000001B2, 0x00000015, 0x000400FA, 0x000001B3, 0x000001AE, 0x000001AF,
  0x000200F8, 0x000001AE, 0x0004003D, 0x00000008, 0x000001B4, 0x000001AC, 0x0004003D, 0x00000011,
  0x000001B5, 0x0000019B, 0x00050041, 0x000000E1, 0x000001B6, 0x000000EF, 0x000001B4, 0x0004003D,
  0x00000011, 0x000001B7, 0x000001B6, 0x00050085, 0x00000011, 0x000001B8, 0x000001B7, 0x000001B5,
  0x00050041, 0x000000E1, 0x000001B9, 0x000000EF, 0x000001B4, 0x0003003E, 0x000001B9, 0x000001B8,
  0x000200F9, 0x000001B0, 0x000200F8, 0x000001B0, 0x0004003D, 0x00000008, 0x000001BA, 0x000001AC,
  0x00050080, 0x00000008, 0x000001BB, 0x000001BA, 0x00000044, 0x0003003E, 0x000001AC, 0x000001BB,
  0x000200F9, 0x000001AD, 0x000200F8, 0x000001AF, 0x0003003E, 0x000001BC, 0x00000039, 0x000200F9,
  0x000001BD, 0x000200F8, 0x000001BD, 0x000400F6, 0x000001BF, 0x000001C0, 0x00000000, 0x000200F9,
  0x000001C1, 0x000200F8, 0x000001C1, 0x0004003D, 0x00000008, 0x000001C2, 0x000001BC, 0x00050041,
  0x00000016, 0x000001C3, 0x00000014, 0x00000028, 0x0004003D, 0x00000008, 0x000001C4, 0x000001C3,
  0x000500B1, 0x0000002C, 0x000001C5, 0x000001C2, 0x000001C4, 0x000400FA, 0x000001C5, 0x000001BE,
  0x000001BF, 0x000200F8, 0x000001BE, 0x00050041, 0x00000016, 0x000001C7, 0x00000014, 0x00000028,
  0x0004003D, 0x00000008, 0x000001C8, 0x000001C7, 0x0004003D, 0x00000008, 0x000001C9, 0x000001BC,
  0x00050082, 0x00000008, 0x000001CA, 0x000001C8, 0x000001C9, 0x0003003E, 0x000001C6, 0x000001CA,
  0x0004003D, 0x00000008, 0x000001CB, 0x000001C6, 0x000500AD, 0x0000002C, 0x000001CD, 0x000001CB,
  0x000001CC, 0x000300F7, 0x000001CF, 0x00000000, 0x000400FA, 0x000001CD, 0x000001CE, 0x000001CF,
  0x000200F8, 0x000001CE, 0x0003003E, 0x000001C6, 0x000001CC, 0x000200F9, 0x000001CF, 0x000200F8,
  0x000001CF, 0x0004003D, 0x00000006, 0x000001D1, 0x00000052, 0x0004007C, 0x00000008, 0x000001D2,
  0x000001D1, 0x0003003E, 0x000001D0, 0x000001D2, 0x000200F9, 0x000001D3, 0x000200F8, 0x000001D3,
  0x000400F6, 0x000001D5, 0x000001D6, 0x00000000, 0x000200F9, 0x000001D7, 0x000200F8, 0x000001D7,
  0x0004003D, 0x00000008, 0x000001D8, 0x000001D0, 0x0004003D, 0x00000008, 0x000001D9, 0x000000FD,
  0x0004003D, 0x00000008, 0x000001DA, 0x000001C6, 0x00050084, 0x00000008, 0x000001DB, 0x000001D9,
  0x000001DA, 0x000500B1, 0x0000002C, 0x000001DC, 0x000001D8, 0x000001DB, 0x000400FA, 0x000001DC,
  0x000001D4, 0x000001D5, 0x000200F8, 0x000001D4, 0x0004003D, 0x00000008, 0x000001DE, 0x000001D0,
  0x0004003D, 0x00000008, 0x000001DF, 0x000001C6, 0x00050087, 0x00000008, 0x000001E0, 0x000001DE,
  0x000001DF, 0x0003003E, 0x000001DD, 0x000001E0, 0x0004003D, 0x00000008, 0x000001E2, 0x000001D0,
  0x0004003D, 0x00000008, 0x000001E3, 0x000001C6, 0x0005008B, 0x00000008, 0x000001E4, 0x000001E2,
  0x000001E3, 0x0003003E, 0x000001E1, 0x000001E4, 0x0004003D, 0x00000008, 0x000001E6, 0x000000F4,
  0x0004003D, 0x00000008, 0x000001E7, 0x000001DD, 0x00050080, 0x00000008, 0x000001E8, 0x000001E6,
  0x000001E7, 0x0003003E, 0x000001E5, 0x000001E8, 0x0004003D, 0x00000008, 0x000001EA, 0x00000055,
  0x0004007C, 0x00000006, 0x000001EB, 0x000001EA, 0x00050041, 0x00000016, 0x000001EC, 0x00000014,
  0x0000011F, 0x0004003D, 0x00000008, 0x000001ED, 0x000001EC, 0x0004007C, 0x00000006, 0x000001EE,
  0x000001ED, 0x00050084, 0x00000006, 0x000001EF, 0x000001EB, 0x000001EE, 0x0004003D, 0x00000008,
  0x000001F0, 0x000001E5, 0x00050041, 0x00000016, 0x000001F1, 0x00000014, 0x00000015, 0x0004003D,
  0x00000008, 0x000001F2, 0x000001F1, 0x00050087, 0x00000008, 0x000001F3, 0x000001F0, 0x000001F2,
  0x0004007C, 0x00000006, 0x000001F4, 0x000001F3, 0x00050080, 0x00000006, 0x000001F5, 0x000001EF,
  0x000001F4, 0x00060041, 0x0000005C, 0x000001F6, 0x0000011C, 0x00000039, 0x000001F5, 0x0004003D,
  0x00000008, 0x000001F7, 0x000001F6, 0x0003003E, 0x000001E9, 0x000001F7, 0x0004003D, 0x00000008,
  0x000001F9, 0x000001E5, 0x00050041, 0x00000016, 0x000001FA, 0x00000014, 0x00000015, 0x0004003D,
  0x00000008, 0x000001FB, 0x000001FA, 0x0005008B, 0x00000008, 0x000001FC, 0x000001F9, 0x000001FB,
  0x0003003E, 0x000001F8, 0x000001FC, 0x0004003D, 0x00000008, 0x000001FE, 0x000001E9, 0x0004007C,
  0x00000006, 0x000001FF, 0x000001FE, 0x0003003E, 0x00000200, 0x000001FF, 0x0004003D, 0x00000008,
  0x00000202, 0x000001F8, 0x0003003E, 0x00000201, 0x00000202, 0x0004003D, 0x00000008, 0x00000204,
  0x00000068, 0x0003003E, 0x00000203, 0x00000204, 0x00070039, 0x00000006, 0x00000205, 0x0000000E,
  0x00000200, 0x00000201, 0x00000203, 0x0003003E, 0x000001FD, 0x00000205, 0x0004003D, 0x00000008,
  0x0000020A, 0x000001DD, 0x00050084, 0x00000008, 0x0000020B, 0x0000020A, 0x000001CC, 0x0004003D,
  0x00000008, 0x0000020C, 0x000001E1, 0x00050080, 0x00000008, 0x0000020D, 0x0000020B, 0x0000020C,
  0x0004003D, 0x00000006, 0x00000212, 0x000001FD, 0x00050041, 0x00000016, 0x00000213, 0x00000014,
  0x00000028, 0x0004003D, 0x00000008, 0x00000214, 0x00000213, 0x0004007C, 0x00000006, 0x00000215,
  0x00000214, 0x00050084, 0x00000006, 0x00000216, 0x00000212, 0x00000215, 0x0004003D, 0x00000008,
  0x00000217, 0x000001BC, 0x0004003D, 0x00000008, 0x00000218, 0x000001E1, 0x00050080, 0x00000008,
  0x00000219, 0x00000217, 0x00000218, 0x0004007C, 0x00000006, 0x0000021A, 0x00000219, 0x00050080,
  0x00000006, 0x0000021B, 0x00000216, 0x0000021A, 0x00060041, 0x0000009E, 0x0000021C, 0x00000211,
  0x00000039, 0x0000021B, 0x0004003D, 0x00000011, 0x0000021D, 0x0000021C, 0x00050041, 0x000000A1,
  0x0000021E, 0x00000209, 0x0000020D, 0x0003003E, 0x0000021E, 0x0000021D, 0x000200F9, 0x000001D6,
  0x000200F8, 0x000001D6, 0x0004003D, 0x00000008, 0x0000021F, 0x000001D0, 0x00050080, 0x00000008,
  0x00000220, 0x0000021F, 0x000000A3, 0x0003003E, 0x000001D0, 0x00000220, 0x000200F9, 0x000001D3,
  0x000200F8, 0x000001D5, 0x000400E0, 0x000000A6, 0x000000A6, 0x000000A7, 0x0003003E, 0x00000221,
  0x00000039, 0x000200F9, 0x00000222, 0x000200F8, 0x00000222, 0x000400F6, 0x00000224, 0x00000225,
  0x00000000, 0x000200F9, 0x00000226, 0x000200F8, 0x00000226, 0x0004003D, 0x00000008, 0x00000227,
  0x00000221, 0x000500B1, 0x0000002C, 0x00000228, 0x00000227, 0x00000015, 0x000400FA, 0x00000228,
  0x00000223, 0x00000224, 0x000200F8, 0x00000223, 0x0004003D, 0x00000008, 0x0000022A, 0x00000221,
  0x00050084, 0x00000008, 0x0000022B, 0x0000022A, 0x000000A3, 0x0004003D, 0x00000006, 0x0000022C,
  0x00000052, 0x0004007C, 0x00000008, 0x0000022D, 0x0000022C, 0x00050080, 0x00000008, 0x0000022E,
  0x0000022B, 0x0000022D, 0x0003003E, 0x00000229, 0x0000022E, 0x0004003D, 0x00000008, 0x0000022F,
  0x00000229, 0x0004003D, 0x00000008, 0x00000230, 0x000001BC, 0x000500B1, 0x0000002C, 0x00000231,
  0x0000022F, 0x00000230, 0x000400A8, 0x0000002C, 0x00000232, 0x00000231, 0x000300F7, 0x00000234,
  0x00000000, 0x000400FA, 0x00000232, 0x00000233, 0x00000234, 0x000200F8, 0x00000233, 0x0004003D,
  0x00000008, 0x00000235, 0x00000229, 0x0004003D, 0x00000008, 0x00000236, 0x000001BC, 0x0004003D,
  0x00000008, 0x00000237, 0x000001C6, 0x00050080, 0x00000008, 0x00000238, 0x00000236, 0x00000237,
  0x000500AF, 0x0000002C, 0x00000239, 0x00000235, 0x00000238, 0x000200F9, 0x00000234, 0x000200F8,
  0x00000234, 0x000700F5, 0x0000002C, 0x0000023A, 0x00000231, 0x00000223, 0x00000239, 0x00000233,
  0x000300F7, 0x0000023C, 0x00000000, 0x000400FA, 0x0000023A, 0x0000023B, 0x0000023C, 0x000200F8,
  0x0000023B, 0x000200F9, 0x00000225, 0x000200F8, 0x0000023C, 0x0003003E, 0x0000023E, 0x000000DC,
  0x0003003E, 0x0000023F, 0x00000039, 0x000200F9, 0x00000240, 0x000200F8, 0x00000240, 0x000400F6,
  0x00000242, 0x00000243, 0x00000000, 0x000200F9, 0x00000244, 0x000200F8, 0x00000244, 0x0004003D,
  0x00000008, 0x00000245, 0x0000023F, 0x0004003D, 0x00000008, 0x00000246, 0x000000FD, 0x000500B1,
  0x0000002C, 0x00000247, 0x00000245, 0x00000246, 0x000400FA, 0x00000247, 0x00000241, 0x00000242,
  0x000200F8, 0x00000241, 0x0004003D, 0x00000008, 0x00000248, 0x0000023F, 0x00050041, 0x000000A1,
  0x00000249, 0x000000B5, 0x00000248, 0x0004003D, 0x00000011, 0x0000024A, 0x00000249, 0x0004003D,
  0x00000011, 0x0000024B, 0x00000172, 0x00050083, 0x00000011, 0x0000024C, 0x0000024A, 0x0000024B,
  0x0006000C, 0x00000011, 0x0000024D, 0x00000001, 0x0000001B, 0x0000024C, 0x0004003D, 0x00000008,
  0x0000024E, 0x0000023F, 0x00050084, 0x00000008, 0x0000024F, 0x0000024E, 0x000001CC, 0x0004003D,
  0x00000008, 0x00000250, 0x00000229, 0x0004003D, 0x00000008, 0x00000251, 0x000001BC, 0x00050082,
  0x00000008, 0x00000252, 0x00000250, 0x00000251, 0x00050080, 0x00000008, 0x00000253, 0x0000024F,
  0x00000252, 0x00050041, 0x000000A1, 0x00000254, 0x00000209, 0x00000253, 0x0004003D, 0x00000011,
  0x00000255, 0x00000254, 0x00050085, 0x00000011, 0x00000256, 0x0000024D, 0x00000255, 0x0004003D,
  0x00000011, 0x00000257, 0x0000023E, 0x00050081, 0x00000011, 0x00000258, 0x00000257, 0x00000256,
  0x0003003E, 0x0000023E, 0x00000258, 0x000200F9, 0x00000243, 0x000200F8, 0x00000243, 0x0004003D,
  0x00000008, 0x00000259, 0x0000023F, 0x00050080, 0x00000008, 0x0000025A, 0x00000259, 0x00000044,
  0x0003003E, 0x0000023F, 0x0000025A, 0x000200F9, 0x00000240, 0x000200F8, 0x00000242, 0x0004003D,
  0x00000008, 0x0000025B, 0x00000221, 0x0004003D, 0x00000011, 0x0000025C, 0x000001A0, 0x0004003D,
  0x00000011, 0x0000025D, 0x0000023E, 0x00050085, 0x00000011, 0x0000025E, 0x0000025C, 0x0000025D,
  0x00050041, 0x000000E1, 0x0000025F, 0x000000EF, 0x0000025B, 0x0004003D, 0x00000011, 0x00000260,
  0x0000025F, 0x00050081, 0x00000011, 0x00000261, 0x00000260, 0x0000025E, 0x00050041, 0x000000E1,
  0x00000262, 0x000000EF, 0x0000025B, 0x0003003E, 0x00000262, 0x00000261, 0x000200F9, 0x00000225,
  0x000200F8, 0x00000225, 0x0004003D, 0x00000008, 0x00000263, 0x00000221, 0x00050080, 0x00000008,
  0x00000264, 0x00000263, 0x00000044, 0x0003003E, 0x00000221, 0x00000264, 0x000200F9, 0x00000222,
  0x000200F8, 0x00000224, 0x000400E0, 0x000000A6, 0x000000A6, 0x000000A7, 0x000200F9, 0x000001C0,
  0x000200F8, 0x000001C0, 0x0004003D, 0x00000008, 0x00000265, 0x000001BC, 0x00050080, 0x00000008,
  0x00000266, 0x00000265, 0x000001CC, 0x0003003E, 0x000001BC, 0x00000266, 0x000200F9, 0x000001BD,
  0x000200F8, 0x000001BF, 0x0004003D, 0x00000011, 0x00000267, 0x00000197, 0x0003003E, 0x000000E2,
  0x00000267, 0x000400E0, 0x000000A6, 0x000000A6, 0x000000A7, 0x000400E0, 0x000000A6, 0x000000A6,
  0x000000A7, 0x000200F9, 0x000000F8, 0x000200F8, 0x000000F8, 0x0004003D, 0x00000008, 0x00000268,
  0x000000F4, 0x00050080, 0x00000008, 0x00000269, 0x00000268, 0x000000A3, 0x0003003E, 0x000000F4,
  0x00000269, 0x000200F9, 0x000000F5, 0x000200F8, 0x000000F7, 0x0004003D, 0x00000011, 0x0000026B,
  0x000000E3, 0x000500BA, 0x0000002C, 0x0000026C, 0x0000026B, 0x000000DC, 0x000300F7, 0x0000026F,
  0x00000000, 0x000400FA, 0x0000026C, 0x0000026E, 0x00000273, 0x000200F8, 0x0000026E, 0x0004003D,
  0x00000011, 0x00000271, 0x000000E3, 0x00050088, 0x00000011, 0x00000272, 0x00000270, 0x00000271,
  0x0003003E, 0x0000026D, 0x00000272, 0x000200F9, 0x0000026F, 0x000200F8, 0x00000273, 0x0003003E,
  0x0000026D, 0x000000DC, 0x000200F9, 0x0000026F, 0x000200F8, 0x0000026F, 0x0004003D, 0x00000011,
  0x00000274, 0x0000026D, 0x0003003E, 0x0000026A, 0x00000274, 0x0003003E, 0x00000275, 0x00000039,
  0x000200F9, 0x00000276, 0x000200F8, 0x00000276, 0x000400F6, 0x00000278, 0x00000279, 0x00000000,
  0x000200F9, 0x0000027A, 0x000200F8, 0x0000027A, 0x0004003D, 0x00000008, 0x0000027B, 0x00000275,
  0x000500B1, 0x0000002C, 0x0000027C, 0x0000027B, 0x00000015, 0x000400FA, 0x0000027C, 0x00000277,
  0x00000278, 0x000200F8, 0x00000277, 0x0004003D, 0x00000008, 0x0000027E, 0x00000275, 0x00050084,
  0x00000008, 0x0000027F, 0x0000027E, 0x000000A3, 0x0004003D, 0x00000006, 0x00000280, 0x00000052,
  0x0004007C, 0x00000008, 0x00000281, 0x00000280, 0x00050080, 0x00000008, 0x00000282, 0x0000027F,
  0x00000281, 0x0003003E, 0x0000027D, 0x00000282, 0x0004003D, 0x00000008, 0x00000283, 0x0000027D,
  0x00050041, 0x00000016, 0x00000284, 0x00000014, 0x00000028, 0x0004003D, 0x00000008, 0x00000285,
  0x00000284, 0x000500AF, 0x0000002C, 0x00000286, 0x00000283, 0x00000285, 0x000300F7, 0x00000288,
  0x00000000, 0x000400FA, 0x00000286, 0x00000287, 0x00000288, 0x000200F8, 0x00000287, 0x000200F9,
  0x00000279, 0x000200F8, 0x00000288, 0x0004003D, 0x00000006, 0x0000028A, 0x0000004C, 0x0004003D,
  0x00000008, 0x0000028B, 0x00000071, 0x0004007C, 0x00000006, 0x0000028C, 0x0000028B, 0x00050084,
  0x00000006, 0x0000028D, 0x0000028A, 0x0000028C, 0x0004003D, 0x00000006, 0x0000028E, 0x0000004F,
  0x00050041, 0x00000016, 0x0000028F, 0x00000014, 0x00000028, 0x0004003D, 0x00000008, 0x00000290,
  0x0000028F, 0x0004007C, 0x00000006, 0x00000291, 0x00000290, 0x00050084, 0x00000006, 0x00000292,
  0x0000028E, 0x00000291, 0x00050080, 0x00000006, 0x00000293, 0x0000028D, 0x00000292, 0x0004003D,
  0x00000008, 0x00000294, 0x0000027D, 0x0004007C, 0x00000006, 0x00000295, 0x00000294, 0x00050080,
  0x00000006, 0x00000296, 0x00000293, 0x00000295, 0x0004003D, 0x00000008, 0x00000297, 0x00000275,
  0x00050041, 0x000000E1, 0x00000298, 0x000000EF, 0x00000297, 0x0004003D, 0x00000011, 0x00000299,
  0x00000298, 0x0004003D, 0x00000011, 0x0000029A, 0x0000026A, 0x00050085, 0x00000011, 0x0000029B,
  0x00000299, 0x0000029A, 0x00060041, 0x0000009E, 0x0000029C, 0x000000CE, 0x00000039, 0x00000296,
  0x0003003E, 0x0000029C, 0x0000029B, 0x000200F9, 0x00000279, 0x000200F8, 0x00000279, 0x0004003D,
  0x00000008, 0x0000029D, 0x00000275, 0x00050080, 0x00000008, 0x0000029E, 0x0000029D, 0x00000044,
  0x0003003E, 0x00000275, 0x0000029E, 0x000200F9, 0x00000276, 0x000200F8, 0x00000278, 0x000100FD,
  0x00010038, 0x00050036, 0x00000006, 0x0000000E, 0x00000000, 0x0000000A, 0x00030037, 0x00000007,
  0x0000000B, 0x00030037, 0x00000009, 0x0000000C, 0x00030037, 0x00000009, 0x0000000D, 0x000200F8,
  0x0000000F, 0x0004003D, 0x00000006, 0x00000010, 0x0000000B, 0x00050041, 0x00000016, 0x00000017,
  0x00000014, 0x00000015, 0x0004003D, 0x00000008, 0x00000018, 0x00000017, 0x0004007C, 0x00000006,
  0x00000019, 0x00000018, 0x00050084, 0x00000006, 0x0000001A, 0x00000010, 0x00000019, 0x0004003D,
  0x00000008, 0x0000001B, 0x0000000C, 0x0004007C, 0x00000006, 0x0000001C, 0x0000001B, 0x00050080,
  0x00000006, 0x0000001D, 0x0000001A, 0x0000001C, 0x00050041, 0x00000016, 0x0000001F, 0x00000014,
  0x0000001E, 0x0004003D, 0x00000008, 0x00000020, 0x0000001F, 0x0004007C, 0x00000006, 0x00000021,
  0x00000020, 0x00050084, 0x00000006, 0x00000022, 0x0000001D, 0x00000021, 0x0004003D, 0x00000008,
  0x00000023, 0x0000000D, 0x0004007C, 0x00000006, 0x00000024, 0x00000023, 0x00050080, 0x00000006,
  0x00000025, 0x00000022, 0x00000024, 0x000200FE, 0x00000025, 0x00010038,
};
static const unsigned int rms_norm_spv[] = {
  0x07230203, 0x00010500, 0x0008000B, 0x000000A6, 0x00000000, 0x00020011, 0x00000001, 0x0006000B,
  0x00000001, 0x4C534C47, 0x6474732E, 0x3035342E, 0x00000000, 0x0003000E, 0x00000000, 0x00000001,
  0x000C000F, 0x00000005, 0x00000004, 0x6E69616D, 0x00000000, 0x0000000B, 0x00000011, 0x00000024,
  0x0000002F, 0x00000047, 0x00000085, 0x0000009D, 0x00060010, 0x00000004, 0x00000011, 0x00000100,
  0x00000001, 0x00000001, 0x00030003, 0x00000002, 0x000001C2, 0x00080004, 0x455F4C47, 0x735F5458,
  0x616C6163, 0x6C625F72, 0x5F6B636F, 0x6F79616C, 0x00007475, 0x00040005, 0x00000004, 0x6E69616D,
  0x00000000, 0x00030005, 0x00000008, 0x00000072, 0x00060005, 0x0000000B, 0x575F6C67, 0x476B726F,
  0x70756F72, 0x00004449, 0x00030005, 0x00000010, 0x00000074, 0x00080005, 0x00000011, 0x4C5F6C67,
  0x6C61636F, 0x6F766E49, 0x69746163, 0x6E496E6F, 0x00786564, 0x00030005, 0x00000015, 0x006D7573,
  0x00030005, 0x00000019, 0x00000069, 0x00030005, 0x00000022, 0x00004350, 0x00050006, 0x00000022,
  0x00000000, 0x73776F72, 0x00000000, 0x00050006, 0x00000022, 0x00000001, 0x64646968, 0x00006E65,
  0x00040006, 0x00000022, 0x00000002, 0x00737065, 0x00030005, 0x00000024, 0x00006370, 0x00030005,
  0x0000002B, 0x00000076, 0x00030005, 0x0000002D, 0x00005842, 0x00040006, 0x0000002D, 0x00000000,
  0x00000078, 0x00030005, 0x0000002F, 0x00000000, 0x00030005, 0x00000047, 0x00646572, 0x00030005,
  0x0000004E, 0x00000073, 0x00030005, 0x00000069, 0x00766E69, 0x00030005, 0x00000076, 0x00000069,
  0x00030005, 0x00000083, 0x00005942, 0x00040006, 0x00000083, 0x00000000, 0x00000079, 0x00030005,
  0x00000085, 0x00000000, 0x00030005, 0x0000009B, 0x00005742, 0x00040006, 0x0000009B, 0x00000000,
  0x00000077, 0x00030005, 0x0000009D, 0x00000000, 0x00040047, 0x0000000B, 0x0000000B, 0x0000001A,
  0x00040047, 0x00000011, 0x0000000B, 0x0000001D, 0x00030047, 0x00000022, 0x00000002, 0x00050048,
  0x00000022, 0x00000000, 0x00000023, 0x00000000, 0x00050048, 0x00000022, 0x00000001, 0x00000023,
  0x00000004, 0x00050048, 0x00000022, 0x00000002, 0x00000023, 0x00000008, 0x00040047, 0x0000002C,
  0x00000006, 0x00000004, 0x00030047, 0x0000002D, 0x00000002, 0x00050048, 0x0000002D, 0x00000000,
  0x00000023, 0x00000000, 0x00040047, 0x0000002F, 0x00000021, 0x00000000, 0x00040047, 0x0000002F,
  0x00000022, 0x00000000, 0x00040047, 0x00000082, 0x00000006, 0x00000004, 0x00030047, 0x00000083,
  0x00000002, 0x00050048, 0x00000083, 0x00000000, 0x00000023, 0x00000000, 0x00040047, 0x00000085,
  0x00000021, 0x00000002, 0x00040047, 0x00000085, 0x00000022, 0x00000000, 0x00040047, 0x0000009A,
  0x00000006, 0x00000004, 0x00030047, 0x0000009B, 0x00000002, 0x00050048, 0x0000009B, 0x00000000,
  0x00000023, 0x00000000, 0x00040047, 0x0000009D, 0x00000021, 0x00000001, 0x00040047, 0x0000009D,
  0x00000022, 0x00000000, 0x00040047, 0x000000A5, 0x0000000B, 0x00000019, 0x00020013, 0x00000002,
  0x00030021, 0x00000003, 0x00000002, 0x00040015, 0x00000006, 0x00000020, 0x00000000, 0x00040020,
  0x00000007, 0x00000007, 0x00000006, 0x00040017, 0x00000009, 0x00000006, 0x00000003, 0x00040020,
  0x0000000A, 0x00000001, 0x00000009, 0x0004003B, 0x0000000A, 0x0000000B, 0x00000001, 0x0004002B,
  0x00000006, 0x0000000C, 0x00000000, 0x00040020, 0x0000000D, 0x00000001, 0x00000006, 0x0004003B,
  0x0000000D, 0x00000011, 0x00000001, 0x00030016, 0x00000013, 0x00000020, 0x00040020, 0x00000014,
  0x00000007, 0x00000013, 0x0004002B, 0x00000013, 0x00000016, 0x00000000, 0x00040015, 0x00000017,
  0x00000020, 0x00000001, 0x00040020, 0x00000018, 0x00000007, 0x00000017, 0x0005001E, 0x00000022,
  0x00000017, 0x00000017, 0x00000013, 0x00040020, 0x00000023, 0x00000009, 0x00000022, 0x0004003B,
  0x00000023, 0x00000024, 0x00000009, 0x0004002B, 0x00000017, 0x00000025, 0x00000001, 0x00040020,
  0x00000026, 0x00000009, 0x00000017, 0x00020014, 0x00000029, 0x0003001D, 0x0000002C, 0x00000013,
  0x0003001E, 0x0000002D, 0x0000002C, 0x00040020, 0x0000002E, 0x0000000C, 0x0000002D, 0x0004003B,
  0x0000002E, 0x0000002F, 0x0000000C, 0x0004002B, 0x00000017, 0x00000030, 0x00000000, 0x00040020,
  0x00000039, 0x0000000C, 0x00000013, 0x0004002B, 0x00000017, 0x00000041, 0x00000100, 0x0004002B,
  0x00000006, 0x00000044, 0x00000100, 0x0004001C, 0x00000045, 0x00000013, 0x00000044, 0x00040020,
  0x00000046, 0x00000004, 0x00000045, 0x0004003B, 0x00000046, 0x00000047, 0x00000004, 0x00040020,
  0x0000004A, 0x00000004, 0x00000013, 0x0004002B, 0x00000006, 0x0000004C, 0x00000002, 0x0004002B,
  0x00000006, 0x0000004D, 0x00000108, 0x0004002B, 0x00000006, 0x0000004F, 0x00000080, 0x0004002B,
  0x00000006, 0x00000066, 0x00000001, 0x0004002B, 0x00000017, 0x00000070, 0x00000002, 0x00040020,
  0x00000071, 0x00000009, 0x00000013, 0x0003001D, 0x00000082, 0x00000013, 0x0003001E, 0x00000083,
  0x00000082, 0x00040020, 0x00000084, 0x0000000C, 0x00000083, 0x0004003B, 0x00000084, 0x00000085,
  0x0000000C, 0x0003001D, 0x0000009A, 0x00000013, 0x0003001E, 0x0000009B, 0x0000009A, 0x00040020,
  0x0000009C, 0x0000000C, 0x0000009B, 0x0004003B, 0x0000009C, 0x0000009D, 0x0000000C, 0x0006002C,
  0x00000009, 0x000000A5, 0x00000044, 0x00000066, 0x00000066, 0x00050036, 0x00000002, 0x00000004,
  0x00000000, 0x00000003, 0x000200F8, 0x00000005, 0x0004003B, 0x00000007, 0x00000008, 0x00000007,
  0x0004003B, 0x00000007, 0x00000010, 0x00000007, 0x0004003B, 0x00000014, 0x00000015, 0x00000007,
  0x0004003B, 0x00000018, 0x00000019, 0x00000007, 0x0004003B, 0x00000014, 0x0000002B, 0x00000007,
  0x0004003B, 0x00000007, 0x0000004E, 0x00000007, 0x0004003B, 0x00000014, 0x00000069, 0x00000007,
  0x0004003B, 0x00000018, 0x00000076, 0x00000007, 0x00050041, 0x0000000D, 0x0000000E, 0x0000000B,
  0x0000000C, 0x0004003D, 0x00000006, 0x0000000F, 0x0000000E, 0x0003003E, 0x00000008, 0x0000000F,
  0x0004003D, 0x00000006, 0x00000012, 0x00000011, 0x0003003E, 0x00000010, 0x00000012, 0x0003003E,
  0x00000015, 0x00000016, 0x0004003D, 0x00000006, 0x0000001A, 0x00000010, 0x0004007C, 0x00000017,
  0x0000001B, 0x0000001A, 0x0003003E, 0x00000019, 0x0000001B, 0x000200F9, 0x0000001C, 0x000200F8,
  0x0000001C, 0x000400F6, 0x0000001E, 0x0000001F, 0x00000000, 0x000200F9, 0x00000020, 0x000200F8,
  0x00000020, 0x0004003D, 0x00000017, 0x00000021, 0x00000019, 0x00050041, 0x00000026, 0x00000027,
  0x00000024, 0x00000025, 0x0004003D, 0x00000017, 0x00000028, 0x00000027, 0x000500B1, 0x00000029,
  0x0000002A, 0x00000021, 0x00000028, 0x000400FA, 0x0000002A, 0x0000001D, 0x0000001E, 0x000200F8,
  0x0000001D, 0x0004003D, 0x00000006, 0x00000031, 0x00000008, 0x00050041, 0x00000026, 0x00000032,
  0x00000024, 0x00000025, 0x0004003D, 0x00000017, 0x00000033, 0x00000032, 0x0004007C, 0x00000006,
  0x00000034, 0x00000033, 0x00050084, 0x00000006, 0x00000035, 0x00000031, 0x00000034, 0x0004003D,
  0x00000017, 0x00000036, 0x00000019, 0x0004007C, 0x00000006, 0x00000037, 0x00000036, 0x00050080,
  0x00000006, 0x00000038, 0x00000035, 0x00000037, 0x00060041, 0x00000039, 0x0000003A, 0x0000002F,
  0x00000030, 0x00000038, 0x0004003D, 0x00000013, 0x0000003B, 0x0000003A, 0x0003003E, 0x0000002B,
  0x0000003B, 0x0004003D, 0x00000013, 0x0000003C, 0x0000002B, 0x0004003D, 0x00000013, 0x0000003D,
  0x0000002B, 0x00050085, 0x00000013, 0x0000003E, 0x0000003C, 0x0000003D, 0x0004003D, 0x00000013,
  0x0000003F, 0x00000015, 0x00050081, 0x00000013, 0x00000040, 0x0000003F, 0x0000003E, 0x0003003E,
  0x00000015, 0x00000040, 0x000200F9, 0x0000001F, 0x000200F8, 0x0000001F, 0x0004003D, 0x00000017,
  0x00000042, 0x00000019, 0x00050080, 0x00000017, 0x00000043, 0x00000042, 0x00000041, 0x0003003E,
  0x00000019, 0x00000043, 0x000200F9, 0x0000001C, 0x000200F8, 0x0000001E, 0x0004003D, 0x00000006,
  0x00000048, 0x00000010, 0x0004003D, 0x00000013, 0x00000049, 0x00000015, 0x00050041, 0x0000004A,
  0x0000004B, 0x00000047, 0x00000048, 0x0003003E, 0x0000004B, 0x00000049, 0x000400E0, 0x0000004C,
  0x0000004C, 0x0000004D, 0x0003003E, 0x0000004E, 0x0000004F, 0x000200F9, 0x00000050, 0x000200F8,
  0x00000050, 0x000400F6, 0x00000052, 0x00000053, 0x00000000, 0x000200F9, 0x00000054, 0x000200F8,
  0x00000054, 0x0004003D, 0x00000006, 0x00000055, 0x0000004E, 0x000500AC, 0x00000029, 0x00000056,
  0x00000055, 0x0000000C, 0x000400FA, 0x00000056, 0x00000051, 0x00000052, 0x000200F8, 0x00000051,
  0x0004003D, 0x00000006, 0x00000057, 0x00000010, 0x0004003D, 0x00000006, 0x00000058, 0x0000004E,
  0x000500B0, 0x00000029, 0x00000059, 0x00000057, 0x00000058, 0x000300F7, 0x0000005B, 0x00000000,
  0x000400FA, 0x00000059, 0x0000005A, 0x0000005B, 0x000200F8, 0x0000005A, 0x0004003D, 0x00000006,
  0x0000005C, 0x00000010, 0x0004003D, 0x00000006, 0x0000005D, 0x00000010, 0x0004003D, 0x00000006,
  0x0000005E, 0x0000004E, 0x00050080, 0x00000006, 0x0000005F, 0x0000005D, 0x0000005E, 0x00050041,
  0x0000004A, 0x00000060, 0x00000047, 0x0000005F, 0x0004003D, 0x00000013, 0x00000061, 0x00000060,
  0x00050041, 0x0000004A, 0x00000062, 0x00000047, 0x0000005C, 0x0004003D, 0x00000013, 0x00000063,
  0x00000062, 0x00050081, 0x00000013, 0x00000064, 0x00000063, 0x00000061, 0x00050041, 0x0000004A,
  0x00000065, 0x00000047, 0x0000005C, 0x0003003E, 0x00000065, 0x00000064, 0x000200F9, 0x0000005B,
  0x000200F8, 0x0000005B, 0x000400E0, 0x0000004C, 0x0000004C, 0x0000004D, 0x000200F9, 0x00000053,
  0x000200F8, 0x00000053, 0x0004003D, 0x00000006, 0x00000067, 0x0000004E, 0x000500C2, 0x00000006,
  0x00000068, 0x00000067, 0x00000066, 0x0003003E, 0x0000004E, 0x00000068, 0x000200F9, 0x00000050,
  0x000200F8, 0x00000052, 0x00050041, 0x0000004A, 0x0000006A, 0x00000047, 0x00000030, 0x0004003D,
  0x00000013, 0x0000006B, 0x0000006A, 0x00050041, 0x00000026, 0x0000006C, 0x00000024, 0x00000025,
  0x0004003D, 0x00000017, 0x0000006D, 0x0000006C, 0x0004006F, 0x00000013, 0x0000006E, 0x0000006D,
  0x00050088, 0x00000013, 0x0000006F, 0x0000006B, 0x0000006E, 0x00050041, 0x00000071, 0x00000072,
  0x00000024, 0x00000070, 0x0004003D, 0x00000013, 0x00000073, 0x00000072, 0x00050081, 0x00000013,
  0x00000074, 0x0000006F, 0x00000073, 0x0006000C, 0x00000013, 0x00000075, 0x00000001, 0x00000020,
  0x00000074, 0x0003003E, 0x00000069, 0x00000075, 0x0004003D, 0x00000006, 0x00000077, 0x00000010,
  0x0004007C, 0x00000017, 0x00000078, 0x00000077, 0x0003003E, 0x00000076, 0x00000078, 0x000200F9,
  0x00000079, 0x000200F8, 0x00000079, 0x000400F6, 0x0000007B, 0x0000007C, 0x00000000, 0x000200F9,
  0x0000007D, 0x000200F8, 0x0000007D, 0x0004003D, 0x00000017, 0x0000007E, 0x00000076, 0x00050041,
  0x00000026, 0x0000007F, 0x00000024, 0x00000025, 0x0004003D, 0x00000017, 0x00000080, 0x0000007F,
  0x000500B1, 0x00000029, 0x00000081, 0x0000007E, 0x00000080, 0x000400FA, 0x00000081, 0x0000007A,
  0x0000007B, 0x000200F8, 0x0000007A, 0x0004003D, 0x00000006, 0x00000086, 0x00000008, 0x00050041,
  0x00000026, 0x00000087, 0x00000024, 0x00000025, 0x0004003D, 0x00000017, 0x00000088, 0x00000087,
  0x0004007C, 0x00000006, 0x00000089, 0x00000088, 0x00050084, 0x00000006, 0x0000008A, 0x00000086,
  0x00000089, 0x0004003D, 0x00000017, 0x0000008B, 0x00000076, 0x0004007C, 0x00000006, 0x0000008C,
  0x0000008B, 0x00050080, 0x00000006, 0x0000008D, 0x0000008A, 0x0000008C, 0x0004003D, 0x00000006,
  0x0000008E, 0x00000008, 0x00050041, 0x00000026, 0x0000008F, 0x00000024, 0x00000025, 0x0004003D,
  0x00000017, 0x00000090, 0x0000008F, 0x0004007C, 0x00000006, 0x00000091, 0x00000090, 0x00050084,
  0x00000006, 0x00000092, 0x0000008E, 0x00000091, 0x0004003D, 0x00000017, 0x00000093, 0x00000076,
  0x0004007C, 0x00000006, 0x00000094, 0x00000093, 0x00050080, 0x00000006, 0x00000095, 0x00000092,
  0x00000094, 0x00060041, 0x00000039, 0x00000096, 0x0000002F, 0x00000030, 0x00000095, 0x0004003D,
  0x00000013, 0x00000097, 0x00000096, 0x0004003D, 0x00000013, 0x00000098, 0x00000069, 0x00050085,
  0x00000013, 0x00000099, 0x00000097, 0x00000098, 0x0004003D, 0x00000017, 0x0000009E, 0x00000076,
  0x00060041, 0x00000039, 0x0000009F, 0x0000009D, 0x00000030, 0x0000009E, 0x0004003D, 0x00000013,
  0x000000A0, 0x0000009F, 0x00050085, 0x00000013, 0x000000A1, 0x00000099, 0x000000A0, 0x00060041,
  0x00000039, 0x000000A2, 0x00000085, 0x00000030, 0x0000008D, 0x0003003E, 0x000000A2, 0x000000A1,
  0x000200F9, 0x0000007C, 0x000200F8, 0x0000007C, 0x0004003D, 0x00000017, 0x000000A3, 0x00000076,
  0x00050080, 0x00000017, 0x000000A4, 0x000000A3, 0x00000041, 0x0003003E, 0x00000076, 0x000000A4,
  0x000200F9, 0x00000079, 0x000200F8, 0x0000007B, 0x000100FD, 0x00010038,
};
static const unsigned int rms_norm_add_spv[] = {
  0x07230203, 0x00010500, 0x0008000B, 0x000000BF, 0x00000000, 0x00020011, 0x00000001, 0x0006000B,
  0x00000001, 0x4C534C47, 0x6474732E, 0x3035342E, 0x00000000, 0x0003000E, 0x00000000, 0x00000001,
  0x000D000F, 0x00000005, 0x00000004, 0x6E69616D, 0x00000000, 0x0000000B, 0x00000011, 0x00000024,
  0x0000002F, 0x0000003F, 0x00000060, 0x0000009E, 0x000000B6, 0x00060010, 0x00000004, 0x00000011,
  0x00000100, 0x00000001, 0x00000001, 0x00030003, 0x00000002, 0x000001C2, 0x00080004, 0x455F4C47,
  0x735F5458, 0x616C6163, 0x6C625F72, 0x5F6B636F, 0x6F79616C, 0x00007475, 0x00040005, 0x00000004,
  0x6E69616D, 0x00000000, 0x00030005, 0x00000008, 0x00000072, 0x00060005, 0x0000000B, 0x575F6C67,
  0x476B726F, 0x70756F72, 0x00004449, 0x00030005, 0x00000010, 0x00000074, 0x00080005, 0x00000011,
  0x4C5F6C67, 0x6C61636F, 0x6F766E49, 0x69746163, 0x6E496E6F, 0x00786564, 0x00030005, 0x00000015,
  0x006D7573, 0x00030005, 0x00000019, 0x00000069, 0x00030005, 0x00000022, 0x00004350, 0x00050006,
  0x00000022, 0x00000000, 0x73776F72, 0x00000000, 0x00050006, 0x00000022, 0x00000001, 0x64646968,
  0x00006E65, 0x00040006, 0x00000022, 0x00000002, 0x00737065, 0x00030005, 0x00000024, 0x00006370,
  0x00030005, 0x0000002B, 0x00000076, 0x00030005, 0x0000002D, 0x00005842, 0x00040006, 0x0000002D,
  0x00000000, 0x00000078, 0x00030005, 0x0000002F, 0x00000000, 0x00040005, 0x0000003D, 0x53455242,
  0x00000000, 0x00060006, 0x0000003D, 0x00000000, 0x69736572, 0x6C617564, 0x00000000, 0x00030005,
  0x0000003F, 0x00000000, 0x00030005, 0x00000060, 0x00646572, 0x00030005, 0x00000067, 0x00000073,
  0x00030005, 0x00000082, 0x00766E69, 0x00030005, 0x0000008F, 0x00000069, 0x00030005, 0x0000009C,
  0x00005942, 0x00040006, 0x0000009C, 0x00000000, 0x00000079, 0x00030005, 0x0000009E, 0x00000000,
  0x00030005, 0x000000B4, 0x00005742, 0x00040006, 0x000000B4, 0x00000000, 0x00000077, 0x00030005,
  0x000000B6, 0x00000000, 0x00040047, 0x0000000B, 0x0000000B, 0x0000001A, 0x00040047, 0x00000011,
  0x0000000B, 0x0000001D, 0x00030047, 0x00000022, 0x00000002, 0x00050048, 0x00000022, 0x00000000,
  0x00000023, 0x00000000, 0x00050048, 0x00000022, 0x00000001, 0x00000023, 0x00000004, 0x00050048,
  0x00000022, 0x00000002, 0x00000023, 0x00000008, 0x00040047, 0x0000002C, 0x00000006, 0x00000004,
  0x00030047, 0x0000002D, 0x00000002, 0x00050048, 0x0000002D, 0x00000000, 0x00000023, 0x00000000,
  0x00040047, 0x0000002F, 0x00000021, 0x00000000, 0x00040047, 0x0000002F, 0x00000022, 0x00000000,
  0x00040047, 0x0000003C, 0x00000006, 0x00000004, 0x00030047, 0x0000003D, 0x00000002, 0x00050048,
  0x0000003D, 0x00000000, 0x00000023, 0x00000000, 0x00040047, 0x0000003F, 0x00000021, 0x00000001,
  0x00040047, 0x0000003F, 0x00000022, 0x00000000, 0x00040047, 0x0000009B, 0x00000006, 0x00000004,
  0x00030047, 0x0000009C, 0x00000002, 0x00050048, 0x0000009C, 0x00000000, 0x00000023, 0x00000000,
  0x00040047, 0x0000009E, 0x00000021, 0x00000003, 0x00040047, 0x0000009E, 0x00000022, 0x00000000,
  0x00040047, 0x000000B3, 0x00000006, 0x00000004, 0x00030047, 0x000000B4, 0x00000002, 0x00050048,
  0x000000B4, 0x00000000, 0x00000023, 0x00000000, 0x00040047, 0x000000B6, 0x00000021, 0x00000002,
  0x00040047, 0x000000B6, 0x00000022, 0x00000000, 0x00040047, 0x000000BE, 0x0000000B, 0x00000019,
  0x00020013, 0x00000002, 0x00030021, 0x00000003, 0x00000002, 0x00040015, 0x00000006, 0x00000020,
  0x00000000, 0x00040020, 0x00000007, 0x00000007, 0x00000006, 0x00040017, 0x00000009, 0x00000006,
  0x00000003, 0x00040020, 0x0000000A, 0x00000001, 0x00000009, 0x0004003B, 0x0000000A, 0x0000000B,
  0x00000001, 0x0004002B, 0x00000006, 0x0000000C, 0x00000000, 0x00040020, 0x0000000D, 0x00000001,
  0x00000006, 0x0004003B, 0x0000000D, 0x00000011, 0x00000001, 0x00030016, 0x00000013, 0x00000020,
  0x00040020, 0x00000014, 0x00000007, 0x00000013, 0x0004002B, 0x00000013, 0x00000016, 0x00000000,
  0x00040015, 0x00000017, 0x00000020, 0x00000001, 0x00040020, 0x00000018, 0x00000007, 0x00000017,
  0x0005001E, 0x00000022, 0x00000017, 0x00000017, 0x00000013, 0x00040020, 0x00000023, 0x00000009,
  0x00000022, 0x0004003B, 0x00000023, 0x00000024, 0x00000009, 0x0004002B, 0x00000017, 0x00000025,
  0x00000001, 0x00040020, 0x00000026, 0x00000009, 0x00000017, 0x00020014, 0x00000029, 0x0003001D,
  0x0000002C, 0x00000013, 0x0003001E, 0x0000002D, 0x0000002C, 0x00040020, 0x0000002E, 0x0000000C,
  0x0000002D, 0x0004003B, 0x0000002E, 0x0000002F, 0x0000000C, 0x0004002B, 0x00000017, 0x00000030,
  0x00000000, 0x00040020, 0x00000039, 0x0000000C, 0x00000013, 0x0003001D, 0x0000003C, 0x00000013,
  0x0003001E, 0x0000003D, 0x0000003C, 0x00040020, 0x0000003E, 0x0000000C, 0x0000003D, 0x0004003B,
  0x0000003E, 0x0000003F, 0x0000000C, 0x0004002B, 0x00000017, 0x0000005A, 0x00000100, 0x0004002B,
  0x00000006, 0x0000005D, 0x00000100, 0x0004001C, 0x0000005E, 0x00000013, 0x0000005D, 0x00040020,
  0x0000005F, 0x00000004, 0x0000005E, 0x0004003B, 0x0000005F, 0x00000060, 0x00000004, 0x00040020,
  0x00000063, 0x00000004, 0x00000013, 0x0004002B, 0x00000006, 0x00000065, 0x00000002, 0x0004002B,
  0x00000006, 0x00000066, 0x00000108, 0x0004002B, 0x00000006, 0x00000068, 0x00000080, 0x0004002B,
  0x00000006, 0x0000007F, 0x00000001, 0x0004002B, 0x00000017, 0x00000089, 0x00000002, 0x00040020,
  0x0000008A, 0x00000009, 0x00000013, 0x0003001D, 0x0000009B, 0x00000013, 0x0003001E, 0x0000009C,
  0x0000009B, 0x00040020, 0x0000009D, 0x0000000C, 0x0000009C, 0x0004003B, 0x0000009D, 0x0000009E,
  0x0000000C, 0x0003001D, 0x000000B3, 0x00000013, 0x0003001E, 0x000000B4, 0x000000B3, 0x00040020,
  0x000000B5, 0x0000000C, 0x000000B4, 0x0004003B, 0x000000B5, 0x000000B6, 0x0000000C, 0x0006002C,
  0x00000009, 0x000000BE, 0x0000005D, 0x0000007F, 0x0000007F, 0x00050036, 0x00000002, 0x00000004,
  0x00000000, 0x00000003, 0x000200F8, 0x00000005, 0x0004003B, 0x00000007, 0x00000008, 0x00000007,
  0x0004003B, 0x00000007, 0x00000010, 0x00000007, 0x0004003B, 0x00000014, 0x00000015, 0x00000007,
  0x0004003B, 0x00000018, 0x00000019, 0x00000007, 0x0004003B, 0x00000014, 0x0000002B, 0x00000007,
  0x0004003B, 0x00000007, 0x00000067, 0x00000007, 0x0004003B, 0x00000014, 0x00000082, 0x00000007,
  0x0004003B, 0x00000018, 0x0000008F, 0x00000007, 0x00050041, 0x0000000D, 0x0000000E, 0x0000000B,
  0x0000000C, 0x0004003D, 0x00000006, 0x0000000F, 0x0000000E, 0x0003003E, 0x00000008, 0x0000000F,
  0x0004003D, 0x00000006, 0x00000012, 0x00000011, 0x0003003E, 0x00000010, 0x00000012, 0x0003003E,
  0x00000015, 0x00000016, 0x0004003D, 0x00000006, 0x0000001A, 0x00000010, 0x0004007C, 0x00000017,
  0x0000001B, 0x0000001A, 0x0003003E, 0x00000019, 0x0000001B, 0x000200F9, 0x0000001C, 0x000200F8,
  0x0000001C, 0x000400F6, 0x0000001E, 0x0000001F, 0x00000000, 0x000200F9, 0x00000020, 0x000200F8,
  0x00000020, 0x0004003D, 0x00000017, 0x00000021, 0x00000019, 0x00050041, 0x00000026, 0x00000027,
  0x00000024, 0x00000025, 0x0004003D, 0x00000017, 0x00000028, 0x00000027, 0x000500B1, 0x00000029,
  0x0000002A, 0x00000021, 0x00000028, 0x000400FA, 0x0000002A, 0x0000001D, 0x0000001E, 0x000200F8,
  0x0000001D, 0x0004003D, 0x00000006, 0x00000031, 0x00000008, 0x00050041, 0x00000026, 0x00000032,
  0x00000024, 0x00000025, 0x0004003D, 0x00000017, 0x00000033, 0x00000032, 0x0004007C, 0x00000006,
  0x00000034, 0x00000033, 0x00050084, 0x00000006, 0x00000035, 0x00000031, 0x00000034, 0x0004003D,
  0x00000017, 0x00000036, 0x00000019, 0x0004007C, 0x00000006, 0x00000037, 0x00000036, 0x00050080,
  0x00000006, 0x00000038, 0x00000035, 0x00000037, 0x00060041, 0x00000039, 0x0000003A, 0x0000002F,
  0x00000030, 0x00000038, 0x0004003D, 0x00000013, 0x0000003B, 0x0000003A, 0x0004003D, 0x00000006,
  0x00000040, 0x00000008, 0x00050041, 0x00000026, 0x00000041, 0x00000024, 0x00000025, 0x0004003D,
  0x00000017, 0x00000042, 0x00000041, 0x0004007C, 0x00000006, 0x00000043, 0x00000042, 0x00050084,
  0x00000006, 0x00000044, 0x00000040, 0x00000043, 0x0004003D, 0x00000017, 0x00000045, 0x00000019,
  0x0004007C, 0x00000006, 0x00000046, 0x00000045, 0x00050080, 0x00000006, 0x00000047, 0x00000044,
  0x00000046, 0x00060041, 0x00000039, 0x00000048, 0x0000003F, 0x00000030, 0x00000047, 0x0004003D,
  0x00000013, 0x00000049, 0x00000048, 0x00050081, 0x00000013, 0x0000004A, 0x0000003B, 0x00000049,
  0x0003003E, 0x0000002B, 0x0000004A, 0x0004003D, 0x00000006, 0x0000004B, 0x00000008, 0x00050041,
  0x00000026, 0x0000004C, 0x00000024, 0x00000025, 0x0004003D, 0x00000017, 0x0000004D, 0x0000004C,
  0x0004007C, 0x00000006, 0x0000004E, 0x0000004D, 0x00050084, 0x00000006, 0x0000004F, 0x0000004B,
  0x0000004E, 0x0004003D, 0x00000017, 0x00000050, 0x00000019, 0x0004007C, 0x00000006, 0x00000051,
  0x00000050, 0x00050080, 0x00000006, 0x00000052, 0x0000004F, 0x00000051, 0x0004003D, 0x00000013,
  0x00000053, 0x0000002B, 0x00060041, 0x00000039, 0x00000054, 0x0000003F, 0x00000030, 0x00000052,
  0x0003003E, 0x00000054, 0x00000053, 0x0004003D, 0x00000013, 0x00000055, 0x0000002B, 0x0004003D,
  0x00000013, 0x00000056, 0x0000002B, 0x00050085, 0x00000013, 0x00000057, 0x00000055, 0x00000056,
  0x0004003D, 0x00000013, 0x00000058, 0x00000015, 0x00050081, 0x00000013, 0x00000059, 0x00000058,
  0x00000057, 0x0003003E, 0x00000015, 0x00000059, 0x000200F9, 0x0000001F, 0x000200F8, 0x0000001F,
  0x0004003D, 0x00000017, 0x0000005B, 0x00000019, 0x00050080, 0x00000017, 0x0000005C, 0x0000005B,
  0x0000005A, 0x0003003E, 0x00000019, 0x0000005C, 0x000200F9, 0x0000001C, 0x000200F8, 0x0000001E,
  0x0004003D, 0x00000006, 0x00000061, 0x00000010, 0x0004003D, 0x00000013, 0x00000062, 0x00000015,
  0x00050041, 0x00000063, 0x00000064, 0x00000060, 0x00000061, 0x0003003E, 0x00000064, 0x00000062,
  0x000400E0, 0x00000065, 0x00000065, 0x00000066, 0x0003003E, 0x00000067, 0x00000068, 0x000200F9,
  0x00000069, 0x000200F8, 0x00000069, 0x000400F6, 0x0000006B, 0x0000006C, 0x00000000, 0x000200F9,
  0x0000006D, 0x000200F8, 0x0000006D, 0x0004003D, 0x00000006, 0x0000006E, 0x00000067, 0x000500AC,
  0x00000029, 0x0000006F, 0x0000006E, 0x0000000C, 0x000400FA, 0x0000006F, 0x0000006A, 0x0000006B,
  0x000200F8, 0x0000006A, 0x0004003D, 0x00000006, 0x00000070, 0x00000010, 0x0004003D, 0x00000006,
  0x00000071, 0x00000067, 0x000500B0, 0x00000029, 0x00000072, 0x00000070, 0x00000071, 0x000300F7,
  0x00000074, 0x00000000, 0x000400FA, 0x00000072, 0x00000073, 0x00000074, 0x000200F8, 0x00000073,
  0x0004003D, 0x00000006, 0x00000075, 0x00000010, 0x0004003D, 0x00000006, 0x00000076, 0x00000010,
  0x0004003D, 0x00000006, 0x00000077, 0x00000067, 0x00050080, 0x00000006, 0x00000078, 0x00000076,
  0x00000077, 0x00050041, 0x00000063, 0x00000079, 0x00000060, 0x00000078, 0x0004003D, 0x00000013,
  0x0000007A, 0x00000079, 0x00050041, 0x00000063, 0x0000007B, 0x00000060, 0x00000075, 0x0004003D,
  0x00000013, 0x0000007C, 0x0000007B, 0x00050081, 0x00000013, 0x0000007D, 0x0000007C, 0x0000007A,
  0x00050041, 0x00000063, 0x0000007E, 0x00000060, 0x00000075, 0x0003003E, 0x0000007E, 0x0000007D,
  0x000200F9, 0x00000074, 0x000200F8, 0x00000074, 0x000400E0, 0x00000065, 0x00000065, 0x00000066,
  0x000200F9, 0x0000006C, 0x000200F8, 0x0000006C, 0x0004003D, 0x00000006, 0x00000080, 0x00000067,
  0x000500C2, 0x00000006, 0x00000081, 0x00000080, 0x0000007F, 0x0003003E, 0x00000067, 0x00000081,
  0x000200F9, 0x00000069, 0x000200F8, 0x0000006B, 0x00050041, 0x00000063, 0x00000083, 0x00000060,
  0x00000030, 0x0004003D, 0x00000013, 0x00000084, 0x00000083, 0x00050041, 0x00000026, 0x00000085,
  0x00000024, 0x00000025, 0x0004003D, 0x00000017, 0x00000086, 0x00000085, 0x0004006F, 0x00000013,
  0x00000087, 0x00000086, 0x00050088, 0x00000013, 0x00000088, 0x00000084, 0x00000087, 0x00050041,
  0x0000008A, 0x0000008B, 0x00000024, 0x00000089, 0x0004003D, 0x00000013, 0x0000008C, 0x0000008B,
  0x00050081, 0x00000013, 0x0000008D, 0x00000088, 0x0000008C, 0x0006000C, 0x00000013, 0x0000008E,
  0x00000001, 0x00000020, 0x0000008D, 0x0003003E, 0x00000082, 0x0000008E, 0x0004003D, 0x00000006,
  0x00000090, 0x00000010, 0x0004007C, 0x00000017, 0x00000091, 0x00000090, 0x0003003E, 0x0000008F,
  0x00000091, 0x000200F9, 0x00000092, 0x000200F8, 0x00000092, 0x000400F6, 0x00000094, 0x00000095,
  0x00000000, 0x000200F9, 0x00000096, 0x000200F8, 0x00000096, 0x0004003D, 0x00000017, 0x00000097,
  0x0000008F, 0x00050041, 0x00000026, 0x00000098, 0x00000024, 0x00000025, 0x0004003D, 0x00000017,
  0x00000099, 0x00000098, 0x000500B1, 0x00000029, 0x0000009A, 0x00000097, 0x00000099, 0x000400FA,
  0x0000009A, 0x00000093, 0x00000094, 0x000200F8, 0x00000093, 0x0004003D, 0x00000006, 0x0000009F,
  0x00000008, 0x00050041, 0x00000026, 0x000000A0, 0x00000024, 0x00000025, 0x0004003D, 0x00000017,
  0x000000A1, 0x000000A0, 0x0004007C, 0x00000006, 0x000000A2, 0x000000A1, 0x00050084, 0x00000006,
  0x000000A3, 0x0000009F, 0x000000A2, 0x0004003D, 0x00000017, 0x000000A4, 0x0000008F, 0x0004007C,
  0x00000006, 0x000000A5, 0x000000A4, 0x00050080, 0x00000006, 0x000000A6, 0x000000A3, 0x000000A5,
  0x0004003D, 0x00000006, 0x000000A7, 0x00000008, 0x00050041, 0x00000026, 0x000000A8, 0x00000024,
  0x00000025, 0x0004003D, 0x00000017, 0x000000A9, 0x000000A8, 0x0004007C, 0x00000006, 0x000000AA,
  0x000000A9, 0x00050084, 0x00000006, 0x000000AB, 0x000000A7, 0x000000AA, 0x0004003D, 0x00000017,
  0x000000AC, 0x0000008F, 0x0004007C, 0x00000006, 0x000000AD, 0x000000AC, 0x00050080, 0x00000006,
  0x000000AE, 0x000000AB, 0x000000AD, 0x00060041, 0x00000039, 0x000000AF, 0x0000003F, 0x00000030,
  0x000000AE, 0x0004003D, 0x00000013, 0x000000B0, 0x000000AF, 0x0004003D, 0x00000013, 0x000000B1,
  0x00000082, 0x00050085, 0x00000013, 0x000000B2, 0x000000B0, 0x000000B1, 0x0004003D, 0x00000017,
  0x000000B7, 0x0000008F, 0x00060041, 0x00000039, 0x000000B8, 0x000000B6, 0x00000030, 0x000000B7,
  0x0004003D, 0x00000013, 0x000000B9, 0x000000B8, 0x00050085, 0x00000013, 0x000000BA, 0x000000B2,
  0x000000B9, 0x00060041, 0x00000039, 0x000000BB, 0x0000009E, 0x00000030, 0x000000A6, 0x0003003E,
  0x000000BB, 0x000000BA, 0x000200F9, 0x00000095, 0x000200F8, 0x00000095, 0x0004003D, 0x00000017,
  0x000000BC, 0x0000008F, 0x00050080, 0x00000017, 0x000000BD, 0x000000BC, 0x0000005A, 0x0003003E,
  0x0000008F, 0x000000BD, 0x000200F9, 0x00000092, 0x000200F8, 0x00000094, 0x000100FD, 0x00010038,
};
static const unsigned int rope_spv[] = {
  0x07230203, 0x00010500, 0x0008000B, 0x000000CA, 0x00000000, 0x00020011, 0x00000001, 0x00020011,
  0x0000000B, 0x0006000B, 0x00000001, 0x4C534C47, 0x6474732E, 0x3035342E, 0x00000000, 0x0003000E,
  0x00000000, 0x00000001, 0x000B000F, 0x00000005, 0x00000004, 0x6E69616D, 0x00000000, 0x0000000D,
  0x00000018, 0x0000001F, 0x00000054, 0x0000005F, 0x000000A0, 0x00060010, 0x00000004, 0x00000011,
  0x00000100, 0x00000001, 0x00000001, 0x00030003, 0x00000002, 0x000001C2, 0x00080004, 0x455F4C47,
  0x735F5458, 0x616C6163, 0x6C625F72, 0x5F6B636F, 0x6F79616C, 0x00007475, 0x000B0004, 0x455F4C47,
  0x735F5458, 0x65646168, 0x78655F72, 0x63696C70, 0x615F7469, 0x68746972, 0x6974656D, 0x79745F63,
  0x00736570, 0x00040005, 0x00000004, 0x6E69616D, 0x00000000, 0x00050005, 0x00000008, 0x666C6168,
  0x6D69645F, 0x00000000, 0x00030005, 0x0000000B, 0x00004350, 0x00050006, 0x0000000B, 0x00000000,
  0x656B6F74, 0x0000736E, 0x00050006, 0x0000000B, 0x00000001, 0x64616568, 0x00000073, 0x00060006,
  0x0000000B, 0x00000002, 0x64616568, 0x6D69645F, 0x00000000, 0x00050006, 0x0000000B, 0x00000003,
  0x69727473, 0x00006564, 0x00060006, 0x0000000B, 0x00000004, 0x65706F72, 0x6361665F, 0x00726F74,
  0x00060006, 0x0000000B, 0x00000005, 0x65706F72, 0x7465625F, 0x00000061, 0x00060006, 0x0000000B,
  0x00000006, 0x65706F72, 0x6568745F, 0x00006174, 0x00060006, 0x0000000B, 0x00000007, 0x61746164,
  0x66666F5F, 0x00000000, 0x00030005, 0x0000000D, 0x00006370, 0x00030005, 0x00000015, 0x00786469,
  0x00060005, 0x00000018, 0x575F6C67, 0x476B726F, 0x70756F72, 0x00004449, 0x00080005, 0x0000001F,
  0x4C5F6C67, 0x6C61636F, 0x6F766E49, 0x69746163, 0x6E496E6F, 0x00786564, 0x00040005, 0x00000022,
  0x61746F74, 0x0000006C, 0x00050005, 0x00000036, 0x5F726570, 0x656B6F74, 0x0000006E, 0x00040005,
  0x0000003D, 0x656B6F74, 0x0000006E, 0x00030005, 0x00000041, 0x006D6572, 0x00040005, 0x00000045,
  0x64616568, 0x00000000, 0x00030005, 0x0000004A, 0x00000064, 0x00030005, 0x00000050, 0x00736F70,
  0x00040005, 0x00000052, 0x534F5042, 0x00000000, 0x00060006, 0x00000052, 0x00000000, 0x69736F70,
  0x6E6F6974, 0x00000073, 0x00030005, 0x00000054, 0x00000000, 0x00040005, 0x0000005A, 0x71657266,
  0x00000000, 0x00040005, 0x0000005D, 0x45524642, 0x00000051, 0x00060006, 0x0000005D, 0x00000000,
  0x5F766E69, 0x71657266, 0x00000000, 0x00030005, 0x0000005F, 0x00000000, 0x00030005, 0x00000071,
  0x006D616C, 0x00030005, 0x00000082, 0x00000063, 0x00030005, 0x00000085, 0x00000073, 0x00040005,
  0x00000088, 0x65736162, 0x00000000, 0x00030005, 0x0000009C, 0x00003178, 0x00040005, 0x0000009E,
  0x54414442, 0x00000041, 0x00050006, 0x0000009E, 0x00000000, 0x61746164, 0x00000000, 0x00030005,
  0x000000A0, 0x00000000, 0x00030005, 0x000000A6, 0x00003278, 0x00030047, 0x0000000B, 0x00000002,
  0x00050048, 0x0000000B, 0x00000000, 0x00000023, 0x00000000, 0x00050048, 0x0000000B, 0x00000001,
  0x00000023, 0x00000004, 0x00050048, 0x0000000B, 0x00000002, 0x00000023, 0x00000008, 0x00050048,
  0x0000000B, 0x00000003, 0x00000023, 0x00000010, 0x00050048, 0x0000000B, 0x00000004, 0x00000023,
  0x00000018, 0x00050048, 0x0000000B, 0x00000005, 0x00000023, 0x0000001C, 0x00050048, 0x0000000B,
  0x00000006, 0x00000023, 0x00000020, 0x00050048, 0x0000000B, 0x00000007, 0x00000023, 0x00000024,
  0x00040047, 0x00000018, 0x0000000B, 0x0000001A, 0x00040047, 0x0000001F, 0x0000000B, 0x0000001D,
  0x00040047, 0x00000051, 0x00000006, 0x00000008, 0x00030047, 0x00000052, 0x00000002, 0x00050048,
  0x00000052, 0x00000000, 0x00000023, 0x00000000, 0x00040047, 0x00000054, 0x00000021, 0x00000001,
  0x00040047, 0x00000054, 0x00000022, 0x00000000, 0x00040047, 0x0000005C, 0x00000006, 0x00000004,
  0x00030047, 0x0000005D, 0x00000002, 0x00050048, 0x0000005D, 0x00000000, 0x00000023, 0x00000000,
  0x00040047, 0x0000005F, 0x00000021, 0x00000002, 0x00040047, 0x0000005F, 0x00000022, 0x00000000,
  0x00040047, 0x0000009D, 0x00000006, 0x00000004, 0x00030047, 0x0000009E, 0x00000002, 0x00050048,
  0x0000009E, 0x00000000, 0x00000023, 0x00000000, 0x00040047, 0x000000A0, 0x00000021, 0x00000000,
  0x00040047, 0x000000A0, 0x00000022, 0x00000000, 0x00040047, 0x000000C9, 0x0000000B, 0x00000019,
  0x00020013, 0x00000002, 0x00030021, 0x00000003, 0x00000002, 0x00040015, 0x00000006, 0x00000020,
  0x00000001, 0x00040020, 0x00000007, 0x00000007, 0x00000006, 0x00040015, 0x00000009, 0x00000040,
  0x00000001, 0x00030016, 0x0000000A, 0x00000020, 0x000A001E, 0x0000000B, 0x00000006, 0x00000006,
  0x00000006, 0x00000009, 0x0000000A, 0x0000000A, 0x0000000A, 0x00000006, 0x00040020, 0x0000000C,
  0x00000009, 0x0000000B, 0x0004003B, 0x0000000C, 0x0000000D, 0x00000009, 0x0004002B, 0x00000006,
  0x0000000E, 0x00000002, 0x00040020, 0x0000000F, 0x00000009, 0x00000006, 0x00040015, 0x00000013,
  0x00000020, 0x00000000, 0x00040020, 0x00000014, 0x00000007, 0x00000013, 0x00040017, 0x00000016,
  0x00000013, 0x00000003, 0x00040020, 0x00000017, 0x00000001, 0x00000016, 0x0004003B, 0x00000017,
  0x00000018, 0x00000001, 0x0004002B, 0x00000013, 0x00000019, 0x00000000, 0x00040020, 0x0000001A,
  0x00000001, 0x00000013, 0x0004002B, 0x00000013, 0x0000001D, 0x00000100, 0x0004003B, 0x0000001A,
  0x0000001F, 0x00000001, 0x0004002B, 0x00000006, 0x00000023, 0x00000000, 0x0004002B, 0x00000006,
  0x00000027, 0x00000001, 0x00020014, 0x00000031, 0x00040020, 0x0000004F, 0x00000007, 0x0000000A,
  0x0003001D, 0x00000051, 0x00000009, 0x0003001E, 0x00000052, 0x00000051, 0x00040020, 0x00000053,
  0x0000000C, 0x00000052, 0x0004003B, 0x00000053, 0x00000054, 0x0000000C, 0x00040020, 0x00000056,
  0x0000000C, 0x00000009, 0x0003001D, 0x0000005C, 0x0000000A, 0x0003001E, 0x0000005D, 0x0000005C,
  0x00040020, 0x0000005E, 0x0000000C, 0x0000005D, 0x0004003B, 0x0000005E, 0x0000005F, 0x0000000C,
  0x00040020, 0x00000061, 0x0000000C, 0x0000000A, 0x0004002B, 0x00000006, 0x00000065, 0x00000004,
  0x00040020, 0x00000066, 0x00000009, 0x0000000A, 0x0004002B, 0x0000000A, 0x00000069, 0x3F800000,
  0x0004002B, 0x0000000A, 0x0000006C, 0x00000000, 0x0004002B, 0x0000000A, 0x00000072, 0x3DCCCCCD,
  0x0004002B, 0x00000006, 0x00000074, 0x00000005, 0x0004002B, 0x00000006, 0x0000008A, 0x00000003,
  0x00040020, 0x0000008B, 0x00000009, 0x00000009, 0x0004002B, 0x00000006, 0x00000097, 0x00000007,
  0x0003001D, 0x0000009D, 0x0000000A, 0x0003001E, 0x0000009E, 0x0000009D, 0x00040020, 0x0000009F,
  0x0000000C, 0x0000009E, 0x0004003B, 0x0000009F, 0x000000A0, 0x0000000C, 0x0004002B, 0x00000013,
  0x000000C8, 0x00000001, 0x0006002C, 0x00000016, 0x000000C9, 0x0000001D, 0x000000C8, 0x000000C8,
  0x00050036, 0x00000002, 0x00000004, 0x00000000, 0x00000003, 0x000200F8, 0x00000005, 0x0004003B,
  0x00000007, 0x00000008, 0x00000007, 0x0004003B, 0x00000014, 0x00000015, 0x00000007, 0x0004003B,
  0x00000014, 0x00000022, 0x00000007, 0x0004003B, 0x00000014, 0x00000036, 0x00000007, 0x0004003B,
  0x00000014, 0x0000003D, 0x00000007, 0x0004003B, 0x00000014, 0x00000041, 0x00000007, 0x0004003B,
  0x00000014, 0x00000045, 0x00000007, 0x0004003B, 0x00000014, 0x0000004A, 0x00000007, 0x0004003B,
  0x0000004F, 0x00000050, 0x00000007, 0x0004003B, 0x0000004F, 0x0000005A, 0x00000007, 0x0004003B,
  0x0000004F, 0x00000071, 0x00000007, 0x0004003B, 0x0000004F, 0x00000082, 0x00000007, 0x0004003B,
  0x0000004F, 0x00000085, 0x00000007, 0x0004003B, 0x00000014, 0x00000088, 0x00000007, 0x0004003B,
  0x0000004F, 0x0000009C, 0x00000007, 0x0004003B, 0x0000004F, 0x000000A6, 0x00000007, 0x00050041,
  0x0000000F, 0x00000010, 0x0000000D, 0x0000000E, 0x0004003D, 0x00000006, 0x00000011, 0x00000010,
  0x00050087, 0x00000006, 0x00000012, 0x00000011, 0x0000000E, 0x0003003E, 0x00000008, 0x00000012,
  0x00050041, 0x0000001A, 0x0000001B, 0x00000018, 0x00000019, 0x0004003D, 0x00000013, 0x0000001C,
  0x0000001B, 0x00050084, 0x00000013, 0x0000001E, 0x0000001C, 0x0000001D, 0x0004003D, 0x00000013,
  0x00000020, 0x0000001F, 0x00050080, 0x00000013, 0x00000021, 0x0000001E, 0x00000020, 0x0003003E,
  0x00000015, 0x00000021, 0x00050041, 0x0000000F, 0x00000024, 0x0000000D, 0x00000023, 0x0004003D,
  0x00000006, 0x00000025, 0x00000024, 0x0004007C, 0x00000013, 0x00000026, 0x00000025, 0x00050041,
  0x0000000F, 0x00000028, 0x0000000D, 0x00000027, 0x0004003D, 0x00000006, 0x00000029, 0x00000028,
  0x0004007C, 0x00000013, 0x0000002A, 0x00000029, 0x00050084, 0x00000013, 0x0000002B, 0x00000026,
  0x0000002A, 0x0004003D, 0x00000006, 0x0000002C, 0x00000008, 0x0004007C, 0x00000013, 0x0000002D,
  0x0000002C, 0x00050084, 0x00000013, 0x0000002E, 0x0000002B, 0x0000002D, 0x0003003E, 0x00000022,
  0x0000002E, 0x0004003D, 0x00000013, 0x0000002F, 0x00000015, 0x0004003D, 0x00000013, 0x00000030,
  0x00000022, 0x000500AE, 0x00000031, 0x00000032, 0x0000002F, 0x00000030, 0x000300F7, 0x00000034,
  0x00000000, 0x000400FA, 0x00000032, 0x00000033, 0x00000034, 0x000200F8, 0x00000033, 0x000100FD,
  0x000200F8, 0x00000034, 0x00050041, 0x0000000F, 0x00000037, 0x0000000D, 0x00000027, 0x0004003D,
  0x00000006, 0x00000038, 0x00000037, 0x0004007C, 0x00000013, 0x00000039, 0x00000038, 0x0004003D,
  0x00000006, 0x0000003A, 0x00000008, 0x0004007C, 0x00000013, 0x0000003B, 0x0000003A, 0x00050084,
  0x00000013, 0x0000003C, 0x00000039, 0x0000003B, 0x0003003E, 0x00000036, 0x0000003C, 0x0004003D,
  0x00000013, 0x0000003E, 0x00000015, 0x0004003D, 0x00000013, 0x0000003F, 0x00000036, 0x00050086,
  0x00000013, 0x00000040, 0x0000003E, 0x0000003F, 0x0003003E, 0x0000003D, 0x00000040, 0x0004003D,
  0x00000013, 0x00000042, 0x00000015, 0x0004003D, 0x00000013, 0x00000043, 0x00000036, 0x00050089,
  0x00000013, 0x00000044, 0x00000042, 0x00000043, 0x0003003E, 0x00000041, 0x00000044, 0x0004003D,
  0x00000013, 0x00000046, 0x00000041, 0x0004003D, 0x00000006, 0x00000047, 0x00000008, 0x0004007C,
  0x00000013, 0x00000048, 0x00000047, 0x00050086, 0x00000013, 0x00000049, 0x00000046, 0x00000048,
  0x0003003E, 0x00000045, 0x00000049, 0x0004003D, 0x00000013, 0x0000004B, 0x00000041, 0x0004003D,
  0x00000006, 0x0000004C, 0x00000008, 0x0004007C, 0x00000013, 0x0000004D, 0x0000004C, 0x00050089,
  0x00000013, 0x0000004E, 0x0000004B, 0x0000004D, 0x0003003E, 0x0000004A, 0x0000004E, 0x0004003D,
  0x00000013, 0x00000055, 0x0000003D, 0x00060041, 0x00000056, 0x00000057, 0x00000054, 0x00000023,
  0x00000055, 0x0004003D, 0x00000009, 0x00000058, 0x00000057, 0x0004006F, 0x0000000A, 0x00000059,
  0x00000058, 0x0003003E, 0x00000050, 0x00000059, 0x0004003D, 0x0000000A, 0x0000005B, 0x00000050,
  0x0004003D, 0x00000013, 0x00000060, 0x0000004A, 0x00060041, 0x00000061, 0x00000062, 0x0000005F,
  0x00000023, 0x00000060, 0x0004003D, 0x0000000A, 0x00000063, 0x00000062, 0x00050085, 0x0000000A,
  0x00000064, 0x0000005B, 0x00000063, 0x0003003E, 0x0000005A, 0x00000064, 0x00050041, 0x00000066,
  0x00000067, 0x0000000D, 0x00000065, 0x0004003D, 0x0000000A, 0x00000068, 0x00000067, 0x000500BA,
  0x00000031, 0x0000006A, 0x00000068, 0x00000069, 0x0004003D, 0x0000000A, 0x0000006B, 0x00000050,
  0x000500BA, 0x00000031, 0x0000006D, 0x0000006B, 0x0000006C, 0x000500A7, 0x00000031, 0x0000006E,
  0x0000006A, 0x0000006D, 0x000300F7, 0x00000070, 0x00000000, 0x000400FA, 0x0000006E, 0x0000006F,
  0x00000070, 0x000200F8, 0x0000006F, 0x0004003D, 0x0000000A, 0x00000073, 0x00000050, 0x00050041,
  0x00000066, 0x00000075, 0x0000000D, 0x00000074, 0x0004003D, 0x0000000A, 0x00000076, 0x00000075,
  0x00050088, 0x0000000A, 0x00000077, 0x00000073, 0x00000076, 0x0006000C, 0x0000000A, 0x00000078,
  0x00000001, 0x0000001E, 0x00000077, 0x00050085, 0x0000000A, 0x00000079, 0x00000072, 0x00000078,
  0x00050041, 0x00000066, 0x0000007A, 0x0000000D, 0x00000065, 0x0004003D, 0x0000000A, 0x0000007B,
  0x0000007A, 0x00050085, 0x0000000A, 0x0000007C, 0x00000079, 0x0000007B, 0x00050081, 0x0000000A,
  0x0000007D, 0x00000069, 0x0000007C, 0x00050088, 0x0000000A, 0x0000007E, 0x00000069, 0x0000007D,
  0x0003003E, 0x00000071, 0x0000007E, 0x0004003D, 0x0000000A, 0x0000007F, 0x00000071, 0x0004003D,
  0x0000000A, 0x00000080, 0x0000005A, 0x00050085, 0x0000000A, 0x00000081, 0x00000080, 0x0000007F,
  0x0003003E, 0x0000005A, 0x00000081, 0x000200F9, 0x00000070, 0x000200F8, 0x00000070, 0x0004003D,
  0x0000000A, 0x00000083, 0x0000005A, 0x0006000C, 0x0000000A, 0x00000084, 0x00000001, 0x0000000E,
  0x00000083, 0x0003003E, 0x00000082, 0x00000084, 0x0004003D, 0x0000000A, 0x00000086, 0x0000005A,
  0x0006000C, 0x0000000A, 0x00000087, 0x00000001, 0x0000000D, 0x00000086, 0x0003003E, 0x00000085,
  0x00000087, 0x0004003D, 0x00000013, 0x00000089, 0x0000003D, 0x00050041, 0x0000008B, 0x0000008C,
  0x0000000D, 0x0000008A, 0x0004003D, 0x00000009, 0x0000008D, 0x0000008C, 0x00040072, 0x00000006,
  0x0000008E, 0x0000008D, 0x0004007C, 0x00000013, 0x0000008F, 0x0000008E, 0x00050084, 0x00000013,
  0x00000090, 0x00000089, 0x0000008F, 0x0004003D, 0x00000013, 0x00000091, 0x00000045, 0x00050041,
  0x0000000F, 0x00000092, 0x0000000D, 0x0000000E, 0x0004003D, 0x00000006, 0x00000093, 0x00000092,
  0x0004007C, 0x00000013, 0x00000094, 0x00000093, 0x00050084, 0x00000013, 0x00000095, 0x00000091,
  0x00000094, 0x00050080, 0x00000013, 0x00000096, 0x00000090, 0x00000095, 0x00050041, 0x0000000F,
  0x00000098, 0x0000000D, 0x00000097, 0x0004003D, 0x00000006, 0x00000099, 0x00000098, 0x0004007C,
  0x00000013, 0x0000009A, 0x00000099, 0x00050080, 0x00000013, 0x0000009B, 0x00000096, 0x0000009A,
  0x0003003E, 0x00000088, 0x0000009B, 0x0004003D, 0x00000013, 0x000000A1, 0x00000088, 0x0004003D,
  0x00000013, 0x000000A2, 0x0000004A, 0x00050080, 0x00000013, 0x000000A3, 0x000000A1, 0x000000A2,
  0x00060041, 0x00000061, 0x000000A4, 0x000000A0, 0x00000023, 0x000000A3, 0x0004003D, 0x0000000A,
  0x000000A5, 0x000000A4, 0x0003003E, 0x0000009C, 0x000000A5, 0x0004003D, 0x00000013, 0x000000A7,
  0x00000088, 0x0004003D, 0x00000013, 0x000000A8, 0x0000004A, 0x00050080, 0x00000013, 0x000000A9,
  0x000000A7, 0x000000A8, 0x0004003D, 0x00000006, 0x000000AA, 0x00000008, 0x0004007C, 0x00000013,
  0x000000AB, 0x000000AA, 0x00050080, 0x00000013, 0x000000AC, 0x000000A9, 0x000000AB, 0x00060041,
  0x00000061, 0x000000AD, 0x000000A0, 0x00000023, 0x000000AC, 0x0004003D, 0x0000000A, 0x000000AE,
  0x000000AD, 0x0003003E, 0x000000A6, 0x000000AE, 0x0004003D, 0x00000013, 0x000000AF, 0x00000088,
  0x0004003D, 0x00000013, 0x000000B0, 0x0000004A, 0x00050080, 0x00000013, 0x000000B1, 0x000000AF,
  0x000000B0, 0x0004003D, 0x0000000A, 0x000000B2, 0x0000009C, 0x0004003D, 0x0000000A, 0x000000B3,
  0x00000082, 0x00050085, 0x0000000A, 0x000000B4, 0x000000B2, 0x000000B3, 0x0004003D, 0x0000000A,
  0x000000B5, 0x000000A6, 0x0004003D, 0x0000000A, 0x000000B6, 0x00000085, 0x00050085, 0x0000000A,
  0x000000B7, 0x000000B5, 0x000000B6, 0x00050083, 0x0000000A, 0x000000B8, 0x000000B4, 0x000000B7,
  0x00060041, 0x00000061, 0x000000B9, 0x000000A0, 0x00000023, 0x000000B1, 0x0003003E, 0x000000B9,
  0x000000B8, 0x0004003D, 0x00000013, 0x000000BA, 0x00000088, 0x0004003D, 0x00000013, 0x000000BB,
  0x0000004A, 0x00050080, 0x00000013, 0x000000BC, 0x000000BA, 0x000000BB, 0x0004003D, 0x00000006,
  0x000000BD, 0x00000008, 0x0004007C, 0x00000013, 0x000000BE, 0x000000BD, 0x00050080, 0x00000013,
  0x000000BF, 0x000000BC, 0x000000BE, 0x0004003D, 0x0000000A, 0x000000C0, 0x000000A6, 0x0004003D,
  0x0000000A, 0x000000C1, 0x00000082, 0x00050085, 0x0000000A, 0x000000C2, 0x000000C0, 0x000000C1,
  0x0004003D, 0x0000000A, 0x000000C3, 0x0000009C, 0x0004003D, 0x0000000A, 0x000000C4, 0x00000085,
  0x00050085, 0x0000000A, 0x000000C5, 0x000000C3, 0x000000C4, 0x00050081, 0x0000000A, 0x000000C6,
  0x000000C2, 0x000000C5, 0x00060041, 0x00000061, 0x000000C7, 0x000000A0, 0x00000023, 0x000000BF,
  0x0003003E, 0x000000C7, 0x000000C6, 0x000100FD, 0x00010038,
};
static const unsigned int scale_sigmoid_spv[] = {
  0x07230203, 0x00010500, 0x0008000B, 0x00000059, 0x00000000, 0x00020011, 0x00000001, 0x0006000B,
  0x00000001, 0x4C534C47, 0x6474732E, 0x3035342E, 0x00000000, 0x0003000E, 0x00000000, 0x00000001,
  0x000A000F, 0x00000005, 0x00000004, 0x6E69616D, 0x00000000, 0x0000000B, 0x00000014, 0x00000025,
  0x00000032, 0x00000045, 0x00060010, 0x00000004, 0x00000011, 0x00000100, 0x00000001, 0x00000001,
  0x00030003, 0x00000002, 0x000001C2, 0x00080004, 0x455F4C47, 0x735F5458, 0x616C6163, 0x6C625F72,
  0x5F6B636F, 0x6F79616C, 0x00007475, 0x00040005, 0x00000004, 0x6E69616D, 0x00000000, 0x00030005,
  0x00000008, 0x00776F72, 0x00060005, 0x0000000B, 0x575F6C67, 0x476B726F, 0x70756F72, 0x00004449,
  0x00030005, 0x00000012, 0x00004350, 0x00050006, 0x00000012, 0x00000000, 0x73776F72, 0x00000000,
  0x00050006, 0x00000012, 0x00000001, 0x736C6F63, 0x00000000, 0x00030005, 0x00000014, 0x00006370,
  0x00030005, 0x00000021, 0x00000067, 0x00030005, 0x00000023, 0x00005342, 0x00040006, 0x00000023,
  0x00000000, 0x00000073, 0x00030005, 0x00000025, 0x00000000, 0x00040005, 0x0000002A, 0x6C616373,
  0x00000065, 0x00030005, 0x00000031, 0x00000074, 0x00080005, 0x00000032, 0x4C5F6C67, 0x6C61636F,
  0x6F766E49, 0x69746163, 0x6E496E6F, 0x00786564, 0x00030005, 0x00000035, 0x00000063, 0x00030005,
  0x00000043, 0x00005842, 0x00040006, 0x00000043, 0x00000000, 0x00000078, 0x00030005, 0x00000045,
  0x00000000, 0x00040047, 0x0000000B, 0x0000000B, 0x0000001A, 0x00030047, 0x00000012, 0x00000002,
  0x00050048, 0x00000012, 0x00000000, 0x00000023, 0x00000000, 0x00050048, 0x00000012, 0x00000001,
  0x00000023, 0x00000004, 0x00040047, 0x00000022, 0x00000006, 0x00000004, 0x00030047, 0x00000023,
  0x00000002, 0x00050048, 0x00000023, 0x00000000, 0x00000023, 0x00000000, 0x00040047, 0x00000025,
  0x00000021, 0x00000001, 0x00040047, 0x00000025, 0x00000022, 0x00000000, 0x00040047, 0x00000032,
  0x0000000B, 0x0000001D, 0x00040047, 0x00000042, 0x00000006, 0x00000004, 0x00030047, 0x00000043,
  0x00000002, 0x00050048, 0x00000043, 0x00000000, 0x00000023, 0x00000000, 0x00040047, 0x00000045,
  0x00000021, 0x00000000, 0x00040047, 0x00000045, 0x00000022, 0x00000000, 0x00040047, 0x00000058,
  0x0000000B, 0x00000019, 0x00020013, 0x00000002, 0x00030021, 0x00000003, 0x00000002, 0x00040015,
  0x00000006, 0x00000020, 0x00000000, 0x00040020, 0x00000007, 0x00000007, 0x00000006, 0x00040017,
  0x00000009, 0x00000006, 0x00000003, 0x00040020, 0x0000000A, 0x00000001, 0x00000009, 0x0004003B,
  0x0000000A, 0x0000000B, 0x00000001, 0x0004002B, 0x00000006, 0x0000000C, 0x00000000, 0x00040020,
  0x0000000D, 0x00000001, 0x00000006, 0x00040015, 0x00000011, 0x00000020, 0x00000001, 0x0004001E,
  0x00000012, 0x00000011, 0x00000011, 0x00040020, 0x00000013, 0x00000009, 0x00000012, 0x0004003B,
  0x00000013, 0x00000014, 0x00000009, 0x0004002B, 0x00000011, 0x00000015, 0x00000000, 0x00040020,
  0x00000016, 0x00000009, 0x00000011, 0x00020014, 0x0000001A, 0x00030016, 0x0000001F, 0x00000020,
  0x00040020, 0x00000020, 0x00000007, 0x0000001F, 0x0003001D, 0x00000022, 0x0000001F, 0x0003001E,
  0x00000023, 0x00000022, 0x00040020, 0x00000024, 0x0000000C, 0x00000023, 0x0004003B, 0x00000024,
  0x00000025, 0x0000000C, 0x00040020, 0x00000027, 0x0000000C, 0x0000001F, 0x0004002B, 0x0000001F,
  0x0000002B, 0x3F800000, 0x0004003B, 0x0000000D, 0x00000032, 0x00000001, 0x00040020, 0x00000034,
  0x00000007, 0x00000011, 0x0004002B, 0x00000011, 0x0000003E, 0x00000001, 0x0003001D, 0x00000042,
  0x0000001F, 0x0003001E, 0x00000043, 0x00000042, 0x00040020, 0x00000044, 0x0000000C, 0x00000043,
  0x0004003B, 0x00000044, 0x00000045, 0x0000000C, 0x0004002B, 0x00000011, 0x00000053, 0x00000100,
  0x0004002B, 0x00000006, 0x00000056, 0x00000100, 0x0004002B, 0x00000006, 0x00000057, 0x00000001,
  0x0006002C, 0x00000009, 0x00000058, 0x00000056, 0x00000057, 0x00000057, 0x00050036, 0x00000002,
  0x00000004, 0x00000000, 0x00000003, 0x000200F8, 0x00000005, 0x0004003B, 0x00000007, 0x00000008,
  0x00000007, 0x0004003B, 0x00000020, 0x00000021, 0x00000007, 0x0004003B, 0x00000020, 0x0000002A,
  0x00000007, 0x0004003B, 0x00000007, 0x00000031, 0x00000007, 0x0004003B, 0x00000034, 0x00000035,
  0x00000007, 0x00050041, 0x0000000D, 0x0000000E, 0x0000000B, 0x0000000C, 0x0004003D, 0x00000006,
  0x0000000F, 0x0000000E, 0x0003003E, 0x00000008, 0x0000000F, 0x0004003D, 0x00000006, 0x00000010,
  0x00000008, 0x00050041, 0x00000016, 0x00000017, 0x00000014, 0x00000015, 0x0004003D, 0x00000011,
  0x00000018, 0x00000017, 0x0004007C, 0x00000006, 0x00000019, 0x00000018, 0x000500AE, 0x0000001A,
  0x0000001B, 0x00000010, 0x00000019, 0x000300F7, 0x0000001D, 0x00000000, 0x000400FA, 0x0000001B,
  0x0000001C, 0x0000001D, 0x000200F8, 0x0000001C, 0x000100FD, 0x000200F8, 0x0000001D, 0x0004003D,
  0x00000006, 0x00000026, 0x00000008, 0x00060041, 0x00000027, 0x00000028, 0x00000025, 0x00000015,
  0x00000026, 0x0004003D, 0x0000001F, 0x00000029, 0x00000028, 0x0003003E, 0x00000021, 0x00000029,
  0x0004003D, 0x0000001F, 0x0000002C, 0x00000021, 0x0004007F, 0x0000001F, 0x0000002D, 0x0000002C,
  0x0006000C, 0x0000001F, 0x0000002E, 0x00000001, 0x0000001B, 0x0000002D, 0x00050081, 0x0000001F,
  0x0000002F, 0x0000002B, 0x0000002E, 0x00050088, 0x0000001F, 0x00000030, 0x0000002B, 0x0000002F,
  0x0003003E, 0x0000002A, 0x00000030, 0x0004003D, 0x00000006, 0x00000033, 0x00000032, 0x0003003E,
  0x00000031, 0x00000033, 0x0004003D, 0x00000006, 0x00000036, 0x00000031, 0x0004007C, 0x00000011,
  0x00000037, 0x00000036, 0x0003003E, 0x00000035, 0x00000037, 0x000200F9, 0x00000038, 0x000200F8,
  0x00000038, 0x000400F6, 0x0000003A, 0x0000003B, 0x00000000, 0x000200F9, 0x0000003C, 0x000200F8,
  0x0000003C, 0x0004003D, 0x00000011, 0x0000003D, 0x00000035, 0x00050041, 0x00000016, 0x0000003F,
  0x00000014, 0x0000003E, 0x0004003D, 0x00000011, 0x00000040, 0x0000003F, 0x000500B1, 0x0000001A,
  0x00000041, 0x0000003D, 0x00000040, 0x000400FA, 0x00000041, 0x00000039, 0x0000003A, 0x000200F8,
  0x00000039, 0x0004003D, 0x00000006, 0x00000046, 0x00000008, 0x00050041, 0x00000016, 0x00000047,
  0x00000014, 0x0000003E, 0x0004003D, 0x00000011, 0x00000048, 0x00000047, 0x0004007C, 0x00000006,
  0x00000049, 0x00000048, 0x00050084, 0x00000006, 0x0000004A, 0x00000046, 0x00000049, 0x0004003D,
  0x00000011, 0x0000004B, 0x00000035, 0x0004007C, 0x00000006, 0x0000004C, 0x0000004B, 0x00050080,
  0x00000006, 0x0000004D, 0x0000004A, 0x0000004C, 0x0004003D, 0x0000001F, 0x0000004E, 0x0000002A,
  0x00060041, 0x00000027, 0x0000004F, 0x00000045, 0x00000015, 0x0000004D, 0x0004003D, 0x0000001F,
  0x00000050, 0x0000004F, 0x00050085, 0x0000001F, 0x00000051, 0x00000050, 0x0000004E, 0x00060041,
  0x00000027, 0x00000052, 0x00000045, 0x00000015, 0x0000004D, 0x0003003E, 0x00000052, 0x00000051,
  0x000200F9, 0x0000003B, 0x000200F8, 0x0000003B, 0x0004003D, 0x00000011, 0x00000054, 0x00000035,
  0x00050080, 0x00000011, 0x00000055, 0x00000054, 0x00000053, 0x0003003E, 0x00000035, 0x00000055,
  0x000200F9, 0x00000038, 0x000200F8, 0x0000003A, 0x000100FD, 0x00010038,
};
static const unsigned int silu_and_mul_spv[] = {
  0x07230203, 0x00010500, 0x0008000B, 0x0000006E, 0x00000000, 0x00020011, 0x00000001, 0x0006000B,
  0x00000001, 0x4C534C47, 0x6474732E, 0x3035342E, 0x00000000, 0x0003000E, 0x00000000, 0x00000001,
  0x000A000F, 0x00000005, 0x00000004, 0x6E69616D, 0x00000000, 0x0000000B, 0x00000012, 0x00000019,
  0x00000042, 0x0000005A, 0x00060010, 0x00000004, 0x00000011, 0x00000100, 0x00000001, 0x00000001,
  0x00030003, 0x00000002, 0x000001C2, 0x00080004, 0x455F4C47, 0x735F5458, 0x616C6163, 0x6C625F72,
  0x5F6B636F, 0x6F79616C, 0x00007475, 0x00040005, 0x00000004, 0x6E69616D, 0x00000000, 0x00030005,
  0x00000008, 0x00786469, 0x00060005, 0x0000000B, 0x575F6C67, 0x476B726F, 0x70756F72, 0x00004449,
  0x00080005, 0x00000012, 0x4C5F6C67, 0x6C61636F, 0x6F766E49, 0x69746163, 0x6E496E6F, 0x00786564,
  0x00040005, 0x00000015, 0x61746F74, 0x0000006C, 0x00030005, 0x00000017, 0x00004350, 0x00050006,
  0x00000017, 0x00000000, 0x73776F72, 0x00000000, 0x00070006, 0x00000017, 0x00000001, 0x65746E69,
  0x64656D72, 0x65746169, 0x00000000, 0x00030005, 0x00000019, 0x00006370, 0x00030005, 0x0000002A,
  0x00000072, 0x00030005, 0x00000030, 0x00000063, 0x00040005, 0x00000036, 0x696F7774, 0x00000000,
  0x00040005, 0x0000003E, 0x65746167, 0x00000000, 0x00040005, 0x00000040, 0x50554742, 0x00000000,
  0x00040006, 0x00000040, 0x00000000, 0x00707567, 0x00030005, 0x00000042, 0x00000000, 0x00030005,
  0x0000004B, 0x00007075, 0x00030005, 0x00000058, 0x00005942, 0x00040006, 0x00000058, 0x00000000,
  0x00000079, 0x00030005, 0x0000005A, 0x00000000, 0x00040047, 0x0000000B, 0x0000000B, 0x0000001A,
  0x00040047, 0x00000012, 0x0000000B, 0x0000001D, 0x00030047, 0x00000017, 0x00000002, 0x00050048,
  0x00000017, 0x00000000, 0x00000023, 0x00000000, 0x00050048, 0x00000017, 0x00000001, 0x00000023,
  0x00000004, 0x00040047, 0x0000003F, 0x00000006, 0x00000004, 0x00030047, 0x00000040, 0x00000002,
  0x00050048, 0x00000040, 0x00000000, 0x00000023, 0x00000000, 0x00040047, 0x00000042, 0x00000021,
  0x00000000, 0x00040047, 0x00000042, 0x00000022, 0x00000000, 0x00040047, 0x00000057, 0x00000006,
  0x00000004, 0x00030047, 0x00000058, 0x00000002, 0x00050048, 0x00000058, 0x00000000, 0x00000023,
  0x00000000, 0x00040047, 0x0000005A, 0x00000021, 0x00000001, 0x00040047, 0x0000005A, 0x00000022,
  0x00000000, 0x00040047, 0x0000006D, 0x0000000B, 0x00000019, 0x00020013, 0x00000002, 0x00030021,
  0x00000003, 0x00000002, 0x00040015, 0x00000006, 0x00000020, 0x00000000, 0x00040020, 0x00000007,
  0x00000007, 0x00000006, 0x00040017, 0x00000009, 0x00000006, 0x00000003, 0x00040020, 0x0000000A,
  0x00000001, 0x00000009, 0x0004003B, 0x0000000A, 0x0000000B, 0x00000001, 0x0004002B, 0x00000006,
  0x0000000C, 0x00000000, 0x00040020, 0x0000000D, 0x00000001, 0x00000006, 0x0004002B, 0x00000006,
  0x00000010, 0x00000100, 0x0004003B, 0x0000000D, 0x00000012, 0x00000001, 0x00040015, 0x00000016,
  0x00000020, 0x00000001, 0x0004001E, 0x00000017, 0x00000016, 0x00000016, 0x00040020, 0x00000018,
  0x00000009, 0x00000017, 0x0004003B, 0x00000018, 0x00000019, 0x00000009, 0x0004002B, 0x00000016,
  0x0000001A, 0x00000000, 0x00040020, 0x0000001B, 0x00000009, 0x00000016, 0x0004002B, 0x00000016,
  0x0000001E, 0x00000001, 0x00020014, 0x00000025, 0x0004002B, 0x00000016, 0x00000039, 0x00000002,
  0x00030016, 0x0000003C, 0x00000020, 0x00040020, 0x0000003D, 0x00000007, 0x0000003C, 0x0003001D,
  0x0000003F, 0x0000003C, 0x0003001E, 0x00000040, 0x0000003F, 0x00040020, 0x00000041, 0x0000000C,
  0x00000040, 0x0004003B, 0x00000041, 0x00000042, 0x0000000C, 0x00040020, 0x00000048, 0x0000000C,
  0x0000003C, 0x0003001D, 0x00000057, 0x0000003C, 0x0003001E, 0x00000058, 0x00000057, 0x00040020,
  0x00000059, 0x0000000C, 0x00000058, 0x0004003B, 0x00000059, 0x0000005A, 0x0000000C, 0x0004002B,
  0x0000003C, 0x00000063, 0x3F800000, 0x0004002B, 0x00000006, 0x0000006C, 0x00000001, 0x0006002C,
  0x00000009, 0x0000006D, 0x00000010, 0x0000006C, 0x0000006C, 0x00050036, 0x00000002, 0x00000004,
  0x00000000, 0x00000003, 0x000200F8, 0x00000005, 0x0004003B, 0x00000007, 0x00000008, 0x00000007,
  0x0004003B, 0x00000007, 0x00000015, 0x00000007, 0x0004003B, 0x00000007, 0x0000002A, 0x00000007,
  0x0004003B, 0x00000007, 0x00000030, 0x00000007, 0x0004003B, 0x00000007, 0x00000036, 0x00000007,
  0x0004003B, 0x0000003D, 0x0000003E, 0x00000007, 0x0004003B, 0x0000003D, 0x0000004B, 0x00000007,
  0x00050041, 0x0000000D, 0x0000000E, 0x0000000B, 0x0000000C, 0x0004003D, 0x00000006, 0x0000000F,
  0x0000000E, 0x00050084, 0x00000006, 0x00000011, 0x0000000F, 0x00000010, 0x0004003D, 0x00000006,
  0x00000013, 0x00000012, 0x00050080, 0x00000006, 0x00000014, 0x00000011, 0x00000013, 0x0003003E,
  0x00000008, 0x00000014, 0x00050041, 0x0000001B, 0x0000001C, 0x00000019, 0x0000001A, 0x0004003D,
  0x00000016, 0x0000001D, 0x0000001C, 0x00050041, 0x0000001B, 0x0000001F, 0x00000019, 0x0000001E,
  0x0004003D, 0x00000016, 0x00000020, 0x0000001F, 0x00050084, 0x00000016, 0x00000021, 0x0000001D,
  0x00000020, 0x0004007C, 0x00000006, 0x00000022, 0x00000021, 0x0003003E, 0x00000015, 0x00000022,
  0x0004003D, 0x00000006, 0x00000023, 0x00000008, 0x0004003D, 0x00000006, 0x00000024, 0x00000015,
  0x000500AE, 0x00000025, 0x00000026, 0x00000023, 0x00000024, 0x000300F7, 0x00000028, 0x00000000,
  0x000400FA, 0x00000026, 0x00000027, 0x00000028, 0x000200F8, 0x00000027, 0x000100FD, 0x000200F8,
  0x00000028, 0x0004003D, 0x00000006, 0x0000002B, 0x00000008, 0x00050041, 0x0000001B, 0x0000002C,
  0x00000019, 0x0000001E, 0x0004003D, 0x00000016, 0x0000002D, 0x0000002C, 0x0004007C, 0x00000006,
  0x0000002E, 0x0000002D, 0x00050086, 0x00000006, 0x0000002F, 0x0000002B, 0x0000002E, 0x0003003E,
  0x0000002A, 0x0000002F, 0x0004003D, 0x00000006, 0x00000031, 0x00000008, 0x00050041, 0x0000001B,
  0x00000032, 0x00000019, 0x0000001E, 0x0004003D, 0x00000016, 0x00000033, 0x00000032, 0x0004007C,
  0x00000006, 0x00000034, 0x00000033, 0x00050089, 0x00000006, 0x00000035, 0x00000031, 0x00000034,
  0x0003003E, 0x00000030, 0x00000035, 0x00050041, 0x0000001B, 0x00000037, 0x00000019, 0x0000001E,
  0x0004003D, 0x00000016, 0x00000038, 0x00000037, 0x00050084, 0x00000016, 0x0000003A, 0x00000038,
  0x00000039, 0x0004007C, 0x00000006, 0x0000003B, 0x0000003A, 0x0003003E, 0x00000036, 0x0000003B,
  0x0004003D, 0x00000006, 0x00000043, 0x0000002A, 0x0004003D, 0x00000006, 0x00000044, 0x00000036,
  0x00050084, 0x00000006, 0x00000045, 0x00000043, 0x00000044, 0x0004003D, 0x00000006, 0x00000046,
  0x00000030, 0x00050080, 0x00000006, 0x00000047, 0x00000045, 0x00000046, 0x00060041, 0x00000048,
  0x00000049, 0x00000042, 0x0000001A, 0x00000047, 0x0004003D, 0x0000003C, 0x0000004A, 0x00000049,
  0x0003003E, 0x0000003E, 0x0000004A, 0x0004003D, 0x00000006, 0x0000004C, 0x0000002A, 0x0004003D,
  0x00000006, 0x0000004D, 0x00000036, 0x00050084, 0x00000006, 0x0000004E, 0x0000004C, 0x0000004D,
  0x00050041, 0x0000001B, 0x0000004F, 0x00000019, 0x0000001E, 0x0004003D, 0x00000016, 0x00000050,
  0x0000004F, 0x0004007C, 0x00000006, 0x00000051, 0x00000050, 0x00050080, 0x00000006, 0x00000052,
  0x0000004E, 0x00000051, 0x0004003D, 0x00000006, 0x00000053, 0x00000030, 0x00050080, 0x00000006,
  0x00000054, 0x00000052, 0x00000053, 0x00060041, 0x00000048, 0x00000055, 0x00000042, 0x0000001A,
  0x00000054, 0x0004003D, 0x0000003C, 0x00000056, 0x00000055, 0x0003003E, 0x0000004B, 0x00000056,
  0x0004003D, 0x00000006, 0x0000005B, 0x0000002A, 0x00050041, 0x0000001B, 0x0000005C, 0x00000019,
  0x0000001E, 0x0004003D, 0x00000016, 0x0000005D, 0x0000005C, 0x0004007C, 0x00000006, 0x0000005E,
  0x0000005D, 0x00050084, 0x00000006, 0x0000005F, 0x0000005B, 0x0000005E, 0x0004003D, 0x00000006,
  0x00000060, 0x00000030, 0x00050080, 0x00000006, 0x00000061, 0x0000005F, 0x00000060, 0x0004003D,
  0x0000003C, 0x00000062, 0x0000003E, 0x0004003D, 0x0000003C, 0x00000064, 0x0000003E, 0x0004007F,
  0x0000003C, 0x00000065, 0x00000064, 0x0006000C, 0x0000003C, 0x00000066, 0x00000001, 0x0000001B,
  0x00000065, 0x00050081, 0x0000003C, 0x00000067, 0x00000063, 0x00000066, 0x00050088, 0x0000003C,
  0x00000068, 0x00000062, 0x00000067, 0x0004003D, 0x0000003C, 0x00000069, 0x0000004B, 0x00050085,
  0x0000003C, 0x0000006A, 0x00000068, 0x00000069, 0x00060041, 0x00000048, 0x0000006B, 0x0000005A,
  0x0000001A, 0x00000061, 0x0003003E, 0x0000006B, 0x0000006A, 0x000100FD, 0x00010038,
};
static const unsigned int store_kv_spv[] = {
  0x07230203, 0x00010500, 0x0008000B, 0x0000007A, 0x00000000, 0x00020011, 0x00000001, 0x0006000B,
  0x00000001, 0x4C534C47, 0x6474732E, 0x3035342E, 0x00000000, 0x0003000E, 0x00000000, 0x00000001,
  0x000D000F, 0x00000005, 0x00000004, 0x6E69616D, 0x00000000, 0x0000000B, 0x00000012, 0x00000019,
  0x0000003B, 0x0000004A, 0x00000055, 0x00000063, 0x0000006E, 0x00060010, 0x00000004, 0x00000011,
  0x00000100, 0x00000001, 0x00000001, 0x00030003, 0x00000002, 0x000001C2, 0x00080004, 0x455F4C47,
  0x735F5458, 0x616C6163, 0x6C625F72, 0x5F6B636F, 0x6F79616C, 0x00007475, 0x000B0004, 0x455F4C47,
  0x735F5458, 0x65646168, 0x78655F72, 0x63696C70, 0x615F7469, 0x68746972, 0x6974656D, 0x79745F63,
  0x00736570, 0x00040005, 0x00000004, 0x6E69616D, 0x00000000, 0x00030005, 0x00000008, 0x00786469,
  0x00060005, 0x0000000B, 0x575F6C67, 0x476B726F, 0x70756F72, 0x00004449, 0x00080005, 0x00000012,
  0x4C5F6C67, 0x6C61636F, 0x6F766E49, 0x69746163, 0x6E496E6F, 0x00786564, 0x00030005, 0x00000017,
  0x00004350, 0x00060006, 0x00000017, 0x00000000, 0x685F766B, 0x73646165, 0x00000000, 0x00060006,
  0x00000017, 0x00000001, 0x64616568, 0x6D69645F, 0x00000000, 0x00050006, 0x00000017, 0x00000002,
  0x61746F74, 0x0000006C, 0x00050006, 0x00000017, 0x00000003, 0x5F79656B, 0x0066666F, 0x00050006,
  0x00000017, 0x00000004, 0x5F6C6176, 0x0066666F, 0x00030005, 0x00000019, 0x00006370, 0x00030005,
  0x00000025, 0x00000064, 0x00040005, 0x0000002D, 0x656B6F74, 0x0000006E, 0x00030005, 0x00000032,
  0x0066666F, 0x00040005, 0x00000037, 0x746F6C73, 0x00000000, 0x00040005, 0x00000039, 0x4F4C5342,
  0x00000054, 0x00060006, 0x00000039, 0x00000000, 0x746F6C73, 0x70616D5F, 0x00000000, 0x00030005,
  0x0000003B, 0x00000000, 0x00040005, 0x00000048, 0x53434B42, 0x00000000, 0x00050006, 0x00000048,
  0x00000000, 0x61635F6B, 0x00656863, 0x00030005, 0x0000004A, 0x00000000, 0x00040005, 0x00000053,
  0x59454B42, 0x00000000, 0x00040006, 0x00000053, 0x00000000, 0x0079656B, 0x00030005, 0x00000055,
  0x00000000, 0x00040005, 0x00000061, 0x53435642, 0x00000000, 0x00050006, 0x00000061, 0x00000000,
  0x61635F76, 0x00656863, 0x00030005, 0x00000063, 0x00000000, 0x00040005, 0x0000006C, 0x4C415642,
  0x00000000, 0x00050006, 0x0000006C, 0x00000000, 0x756C6176, 0x00000065, 0x00030005, 0x0000006E,
  0x00000000, 0x00040047, 0x0000000B, 0x0000000B, 0x0000001A, 0x00040047, 0x00000012, 0x0000000B,
  0x0000001D, 0x00030047, 0x00000017, 0x00000002, 0x00050048, 0x00000017, 0x00000000, 0x00000023,
  0x00000000, 0x00050048, 0x00000017, 0x00000001, 0x00000023, 0x00000004, 0x00050048, 0x00000017,
  0x00000002, 0x00000023, 0x00000008, 0x00050048, 0x00000017, 0x00000003, 0x00000023, 0x0000000C,
  0x00050048, 0x00000017, 0x00000004, 0x00000023, 0x00000010, 0x00040047, 0x00000038, 0x00000006,
  0x00000004, 0x00030047, 0x00000039, 0x00000002, 0x00050048, 0x00000039, 0x00000000, 0x00000023,
  0x00000000, 0x00040047, 0x0000003B, 0x00000021, 0x00000004, 0x00040047, 0x0000003B, 0x00000022,
  0x00000000, 0x00040047, 0x00000047, 0x00000006, 0x00000004, 0x00030047, 0x00000048, 0x00000002,
  0x00050048, 0x00000048, 0x00000000, 0x00000023, 0x00000000, 0x00040047, 0x0000004A, 0x00000021,
  0x00000002, 0x00040047, 0x0000004A, 0x00000022, 0x00000000, 0x00040047, 0x00000052, 0x00000006,
  0x00000004, 0x00030047, 0x00000053, 0x00000002, 0x00050048, 0x00000053, 0x00000000, 0x00000023,
  0x00000000, 0x00040047, 0x00000055, 0x00000021, 0x00000000, 0x00040047, 0x00000055, 0x00000022,
  0x00000000, 0x00040047, 0x00000060, 0x00000006, 0x00000004, 0x00030047, 0x00000061, 0x00000002,
  0x00050048, 0x00000061, 0x00000000, 0x00000023, 0x00000000, 0x00040047, 0x00000063, 0x00000021,
  0x00000003, 0x00040047, 0x00000063, 0x00000022, 0x00000000, 0x00040047, 0x0000006B, 0x00000006,
  0x00000004, 0x00030047, 0x0000006C, 0x00000002, 0x00050048, 0x0000006C, 0x00000000, 0x00000023,
  0x00000000, 0x00040047, 0x0000006E, 0x00000021, 0x00000001, 0x00040047, 0x0000006E, 0x00000022,
  0x00000000, 0x00040047, 0x00000079, 0x0000000B, 0x00000019, 0x00020013, 0x00000002, 0x00030021,
  0x00000003, 0x00000002, 0x00040015, 0x00000006, 0x00000020, 0x00000000, 0x00040020, 0x00000007,
  0x00000007, 0x00000006, 0x00040017, 0x00000009, 0x00000006, 0x00000003, 0x00040020, 0x0000000A,
  0x00000001, 0x00000009, 0x0004003B, 0x0000000A, 0x0000000B, 0x00000001, 0x0004002B, 0x00000006,
  0x0000000C, 0x00000000, 0x00040020, 0x0000000D, 0x00000001, 0x00000006, 0x0004002B, 0x00000006,
  0x00000010, 0x00000100, 0x0004003B, 0x0000000D, 0x00000012, 0x00000001, 0x00040015, 0x00000016,
  0x00000020, 0x00000001, 0x0007001E, 0x00000017, 0x00000016, 0x00000016, 0x00000016, 0x00000016,
  0x00000016, 0x00040020, 0x00000018, 0x00000009, 0x00000017, 0x0004003B, 0x00000018, 0x00000019,
  0x00000009, 0x0004002B, 0x00000016, 0x0000001A, 0x00000002, 0x00040020, 0x0000001B, 0x00000009,
  0x00000016, 0x00020014, 0x0000001F, 0x00040020, 0x00000024, 0x00000007, 0x00000016, 0x0004002B,
  0x00000016, 0x00000026, 0x00000000, 0x0004002B, 0x00000016, 0x00000029, 0x00000001, 0x0003001D,
  0x00000038, 0x00000016, 0x0003001E, 0x00000039, 0x00000038, 0x00040020, 0x0000003A, 0x0000000C,
  0x00000039, 0x0004003B, 0x0000003A, 0x0000003B, 0x0000000C, 0x00040020, 0x0000003E, 0x0000000C,
  0x00000016, 0x00030016, 0x00000046, 0x00000020, 0x0003001D, 0x00000047, 0x00000046, 0x0003001E,
  0x00000048, 0x00000047, 0x00040020, 0x00000049, 0x0000000C, 0x00000048, 0x0004003B, 0x00000049,
  0x0000004A, 0x0000000C, 0x0003001D, 0x00000052, 0x00000046, 0x0003001E, 0x00000053, 0x00000052,
  0x00040020, 0x00000054, 0x0000000C, 0x00000053, 0x0004003B, 0x00000054, 0x00000055, 0x0000000C,
  0x0004002B, 0x00000016, 0x00000056, 0x00000003, 0x00040020, 0x0000005C, 0x0000000C, 0x00000046,
  0x0003001D, 0x00000060, 0x00000046, 0x0003001E, 0x00000061, 0x00000060, 0x00040020, 0x00000062,
  0x0000000C, 0x00000061, 0x0004003B, 0x00000062, 0x00000063, 0x0000000C, 0x0003001D, 0x0000006B,
  0x00000046, 0x0003001E, 0x0000006C, 0x0000006B, 0x00040020, 0x0000006D, 0x0000000C, 0x0000006C,
  0x0004003B, 0x0000006D, 0x0000006E, 0x0000000C, 0x0004002B, 0x00000016, 0x0000006F, 0x00000004,
  0x0004002B, 0x00000006, 0x00000078, 0x00000001, 0x0006002C, 0x00000009, 0x00000079, 0x00000010,
  0x00000078, 0x00000078, 0x00050036, 0x00000002, 0x00000004, 0x00000000, 0x00000003, 0x000200F8,
  0x00000005, 0x0004003B, 0x00000007, 0x00000008, 0x00000007, 0x0004003B, 0x00000024, 0x00000025,
  0x00000007, 0x0004003B, 0x00000007, 0x0000002D, 0x00000007, 0x0004003B, 0x00000007, 0x00000032,
  0x00000007, 0x0004003B, 0x00000024, 0x00000037, 0x00000007, 0x00050041, 0x0000000D, 0x0000000E,
  0x0000000B, 0x0000000C, 0x0004003D, 0x00000006, 0x0000000F, 0x0000000E, 0x00050084, 0x00000006,
  0x00000011, 0x0000000F, 0x00000010, 0x0004003D, 0x00000006, 0x00000013, 0x00000012, 0x00050080,
  0x00000006, 0x00000014, 0x00000011, 0x00000013, 0x0003003E, 0x00000008, 0x00000014, 0x0004003D,
  0x00000006, 0x00000015, 0x00000008, 0x00050041, 0x0000001B, 0x0000001C, 0x00000019, 0x0000001A,
  0x0004003D, 0x00000016, 0x0000001D, 0x0000001C, 0x0004007C, 0x00000006, 0x0000001E, 0x0000001D,
  0x000500AE, 0x0000001F, 0x00000020, 0x00000015, 0x0000001E, 0x000300F7, 0x00000022, 0x00000000,
  0x000400FA, 0x00000020, 0x00000021, 0x00000022, 0x000200F8, 0x00000021, 0x000100FD, 0x000200F8,
  0x00000022, 0x00050041, 0x0000001B, 0x00000027, 0x00000019, 0x00000026, 0x0004003D, 0x00000016,
  0x00000028, 0x00000027, 0x00050041, 0x0000001B, 0x0000002A, 0x00000019, 0x00000029, 0x0004003D,
  0x00000016, 0x0000002B, 0x0000002A, 0x00050084, 0x00000016, 0x0000002C, 0x00000028, 0x0000002B,
  0x0003003E, 0x00000025, 0x0000002C, 0x0004003D, 0x00000006, 0x0000002E, 0x00000008, 0x0004003D,
  0x00000016, 0x0000002F, 0x00000025, 0x0004007C, 0x00000006, 0x00000030, 0x0000002F, 0x00050086,
  0x00000006, 0x00000031, 0x0000002E, 0x00000030, 0x0003003E, 0x0000002D, 0x00000031, 0x0004003D,
  0x00000006, 0x00000033, 0x00000008, 0x0004003D, 0x00000016, 0x00000034, 0x00000025, 0x0004007C,
  0x00000006, 0x00000035, 0x00000034, 0x00050089, 0x00000006, 0x00000036, 0x00000033, 0x00000035,
  0x0003003E, 0x00000032, 0x00000036, 0x0004003D, 0x00000006, 0x0000003C, 0x0000002D, 0x0004007C,
  0x00000016, 0x0000003D, 0x0000003C, 0x00060041, 0x0000003E, 0x0000003F, 0x0000003B, 0x00000026,
  0x0000003D, 0x0004003D, 0x00000016, 0x00000040, 0x0000003F, 0x0003003E, 0x00000037, 0x00000040,
  0x0004003D, 0x00000016, 0x00000041, 0x00000037, 0x000500B1, 0x0000001F, 0x00000042, 0x00000041,
  0x00000026, 0x000300F7, 0x00000044, 0x00000000, 0x000400FA, 0x00000042, 0x00000043, 0x00000044,
  0x000200F8, 0x00000043, 0x000100FD, 0x000200F8, 0x00000044, 0x0004003D, 0x00000016, 0x0000004B,
  0x00000037, 0x0004007C, 0x00000006, 0x0000004C, 0x0000004B, 0x0004003D, 0x00000016, 0x0000004D,
  0x00000025, 0x0004007C, 0x00000006, 0x0000004E, 0x0000004D, 0x00050084, 0x00000006, 0x0000004F,
  0x0000004C, 0x0000004E, 0x0004003D, 0x00000006, 0x00000050, 0x00000032, 0x00050080, 0x00000006,
  0x00000051, 0x0000004F, 0x00000050, 0x00050041, 0x0000001B, 0x00000057, 0x00000019, 0x00000056,
  0x0004003D, 0x00000016, 0x00000058, 0x00000057, 0x0004007C, 0x00000006, 0x00000059, 0x00000058,
  0x0004003D, 0x00000006, 0x0000005A, 0x00000008, 0x00050080, 0x00000006, 0x0000005B, 0x00000059,
  0x0000005A, 0x00060041, 0x0000005C, 0x0000005D, 0x00000055, 0x00000026, 0x0000005B, 0x0004003D,
  0x00000046, 0x0000005E, 0x0000005D, 0x00060041, 0x0000005C, 0x0000005F, 0x0000004A, 0x00000026,
  0x00000051, 0x0003003E, 0x0000005F, 0x0000005E, 0x0004003D, 0x00000016, 0x00000064, 0x00000037,
  0x0004007C, 0x00000006, 0x00000065, 0x00000064, 0x0004003D, 0x00000016, 0x00000066, 0x00000025,
  0x0004007C, 0x00000006, 0x00000067, 0x00000066, 0x00050084, 0x00000006, 0x00000068, 0x00000065,
  0x00000067, 0x0004003D, 0x00000006, 0x00000069, 0x00000032, 0x00050080, 0x00000006, 0x0000006A,
  0x00000068, 0x00000069, 0x00050041, 0x0000001B, 0x00000070, 0x00000019, 0x0000006F, 0x0004003D,
  0x00000016, 0x00000071, 0x00000070, 0x0004007C, 0x00000006, 0x00000072, 0x00000071, 0x0004003D,
  0x00000006, 0x00000073, 0x00000008, 0x00050080, 0x00000006, 0x00000074, 0x00000072, 0x00000073,
  0x00060041, 0x0000005C, 0x00000075, 0x0000006E, 0x00000026, 0x00000074, 0x0004003D, 0x00000046,
  0x00000076, 0x00000075, 0x00060041, 0x0000005C, 0x00000077, 0x00000063, 0x00000026, 0x0000006A,
  0x0003003E, 0x00000077, 0x00000076, 0x000100FD, 0x00010038,
};
static inline int spv_count(const char* n) {
  if (strcmp(n, "add_bias")==0) return 511;
  if (strcmp(n, "add_buf")==0) return 343;
  if (strcmp(n, "embedding_f16")==0) return 1178;
  if (strcmp(n, "embedding_q8")==0) return 1143;
  if (strcmp(n, "embedding_qk")==0) return 5310;
  if (strcmp(n, "gather_rows")==0) return 554;
  if (strcmp(n, "matmul")==0) return 1873;
  if (strcmp(n, "matmul_q8")==0) return 1889;
  if (strcmp(n, "matmul_qk")==0) return 6129;
  if (strcmp(n, "moe_ffn")==0) return 3426;
  if (strcmp(n, "moe_route")==0) return 1695;
  if (strcmp(n, "moe_route_ffn")==0) return 4892;
  if (strcmp(n, "moe_route_sigmoid")==0) return 2741;
  if (strcmp(n, "paged_attention")==0) return 3942;
  if (strcmp(n, "rms_norm")==0) return 998;
  if (strcmp(n, "rms_norm_add")==0) return 1144;
  if (strcmp(n, "rope")==0) return 1261;
  if (strcmp(n, "scale_sigmoid")==0) return 566;
  if (strcmp(n, "silu_and_mul")==0) return 671;
  if (strcmp(n, "store_kv")==0) return 845;
  return 0;
}
static const unsigned int* spv_for(const char* n) {
  if (!n) return 0;
  if (strcmp(n, "add_bias")==0) return add_bias_spv;
  if (strcmp(n, "add_buf")==0) return add_buf_spv;
  if (strcmp(n, "embedding_f16")==0) return embedding_f16_spv;
  if (strcmp(n, "embedding_q8")==0) return embedding_q8_spv;
  if (strcmp(n, "embedding_qk")==0) return embedding_qk_spv;
  if (strcmp(n, "gather_rows")==0) return gather_rows_spv;
  if (strcmp(n, "matmul")==0) return matmul_spv;
  if (strcmp(n, "matmul_q8")==0) return matmul_q8_spv;
  if (strcmp(n, "matmul_qk")==0) return matmul_qk_spv;
  if (strcmp(n, "moe_ffn")==0) return moe_ffn_spv;
  if (strcmp(n, "moe_route")==0) return moe_route_spv;
  if (strcmp(n, "moe_route_ffn")==0) return moe_route_ffn_spv;
  if (strcmp(n, "moe_route_sigmoid")==0) return moe_route_sigmoid_spv;
  if (strcmp(n, "paged_attention")==0) return paged_attention_spv;
  if (strcmp(n, "rms_norm")==0) return rms_norm_spv;
  if (strcmp(n, "rms_norm_add")==0) return rms_norm_add_spv;
  if (strcmp(n, "rope")==0) return rope_spv;
  if (strcmp(n, "scale_sigmoid")==0) return scale_sigmoid_spv;
  if (strcmp(n, "silu_and_mul")==0) return silu_and_mul_spv;
  if (strcmp(n, "store_kv")==0) return store_kv_spv;
  return 0;
}
